0 verbose cli C:\Program Files\nodejs\node.exe C:\Program Files\nodejs\node_modules\npm\bin\npm-cli.js
1 info using npm@11.9.0
2 info using node@v24.14.0
3 silly config load:file:C:\Program Files\nodejs\node_modules\npm\npmrc
4 silly config load:file:C:\Users\Usuario01\TC-ERP\web\.npmrc
5 silly config load:file:C:\Users\Usuario01\.npmrc
6 silly config load:file:C:\Users\Usuario01\AppData\Roaming\npm\etc\npmrc
7 verbose title npm install next@16.2.4 react@19.2.4 react-dom@19.2.4
8 verbose argv "install" "next@16.2.4" "react@19.2.4" "react-dom@19.2.4" "--cache" ".npm-cache" "--prefer-online" "--no-audit" "--no-fund"
9 verbose logfile logs-max:10 dir:C:\Users\Usuario01\TC-ERP\web\.npm-cache\_logs\2026-04-28T20_39_49_444Z-
10 verbose logfile C:\Users\Usuario01\TC-ERP\web\.npm-cache\_logs\2026-04-28T20_39_49_444Z-debug-0.log
11 silly logfile done cleaning log files
12 silly packumentCache heap:4496293888 maxSize:1124073472 maxEntrySize:562036736
13 silly idealTree buildDeps
14 silly fetch manifest next@16.2.4
15 silly packumentCache full:https://registry.npmjs.org/next cache-miss
16 http fetch GET 200 https://registry.npmjs.org/next 380ms (cache revalidated)
17 silly packumentCache full:https://registry.npmjs.org/next set size:30217715 disposed:false
18 silly fetch manifest @opentelemetry/api@^1.1.0
19 silly packumentCache full:https://registry.npmjs.org/@opentelemetry%2fapi cache-miss
20 http fetch GET 200 https://registry.npmjs.org/@opentelemetry%2fapi 101ms (cache revalidated)
21 silly packumentCache full:https://registry.npmjs.org/@opentelemetry%2fapi set size:272855 disposed:false
22 silly fetch manifest @playwright/test@^1.51.1
23 silly packumentCache full:https://registry.npmjs.org/@playwright%2ftest cache-miss
24 http fetch GET 200 https://registry.npmjs.org/@playwright%2ftest 117ms (cache revalidated)
25 silly packumentCache full:https://registry.npmjs.org/@playwright%2ftest set size:9049688 disposed:false
26 silly fetch manifest babel-plugin-react-compiler@*
27 silly packumentCache full:https://registry.npmjs.org/babel-plugin-react-compiler cache-miss
28 http fetch GET 200 https://registry.npmjs.org/babel-plugin-react-compiler 85ms (cache revalidated)
29 silly packumentCache full:https://registry.npmjs.org/babel-plugin-react-compiler set size:1343735 disposed:false
30 silly fetch manifest react@19.2.4
31 silly packumentCache full:https://registry.npmjs.org/react cache-miss
32 http fetch GET 200 https://registry.npmjs.org/react 101ms (cache revalidated)
33 silly packumentCache full:https://registry.npmjs.org/react set size:6629670 disposed:false
34 silly fetch manifest react-dom@19.2.4
35 silly packumentCache full:https://registry.npmjs.org/react-dom cache-miss
36 http fetch GET 200 https://registry.npmjs.org/react-dom 102ms (cache revalidated)
37 silly packumentCache full:https://registry.npmjs.org/react-dom set size:8832788 disposed:false
38 silly fetch manifest sass@^1.3.0
39 silly packumentCache full:https://registry.npmjs.org/sass cache-miss
40 http fetch GET 200 https://registry.npmjs.org/sass 88ms (cache revalidated)
41 silly packumentCache full:https://registry.npmjs.org/sass set size:726244 disposed:false
42 silly fetch manifest @tailwindcss/postcss@^4
43 silly packumentCache full:https://registry.npmjs.org/@tailwindcss%2fpostcss cache-miss
44 http fetch GET 200 https://registry.npmjs.org/@tailwindcss%2fpostcss 101ms (cache revalidated)
45 silly packumentCache full:https://registry.npmjs.org/@tailwindcss%2fpostcss set size:2144808 disposed:false
46 silly fetch manifest @types/node@^20
47 silly packumentCache full:https://registry.npmjs.org/@types%2fnode cache-miss
48 http fetch GET 200 https://registry.npmjs.org/@types%2fnode 117ms (cache revalidated)
49 silly packumentCache full:https://registry.npmjs.org/@types%2fnode set size:10972342 disposed:false
50 silly fetch manifest @types/react@^19
51 silly packumentCache full:https://registry.npmjs.org/@types%2freact cache-miss
52 http fetch GET 200 https://registry.npmjs.org/@types%2freact 100ms (cache revalidated)
53 silly packumentCache full:https://registry.npmjs.org/@types%2freact set size:2588964 disposed:false
54 silly fetch manifest @types/react-dom@^19
55 silly packumentCache full:https://registry.npmjs.org/@types%2freact-dom cache-miss
56 http fetch GET 200 https://registry.npmjs.org/@types%2freact-dom 91ms (cache revalidated)
57 silly packumentCache full:https://registry.npmjs.org/@types%2freact-dom set size:429026 disposed:false
58 silly fetch manifest eslint@^9
59 silly packumentCache full:https://registry.npmjs.org/eslint cache-miss
60 http fetch GET 200 https://registry.npmjs.org/eslint 98ms (cache revalidated)
61 silly packumentCache full:https://registry.npmjs.org/eslint set size:1983515 disposed:false
62 silly fetch manifest jiti@*
63 silly packumentCache full:https://registry.npmjs.org/jiti cache-miss
64 http fetch GET 200 https://registry.npmjs.org/jiti 83ms (cache revalidated)
65 silly packumentCache full:https://registry.npmjs.org/jiti set size:382310 disposed:false
66 silly fetch manifest eslint-config-next@16.2.4
67 silly packumentCache full:https://registry.npmjs.org/eslint-config-next cache-miss
68 http fetch GET 200 https://registry.npmjs.org/eslint-config-next 121ms (cache revalidated)
69 silly packumentCache full:https://registry.npmjs.org/eslint-config-next set size:6617878 disposed:false
70 silly fetch manifest typescript@^5
71 silly packumentCache full:https://registry.npmjs.org/typescript cache-miss
72 http fetch GET 200 https://registry.npmjs.org/typescript 145ms (cache revalidated)
73 silly packumentCache full:https://registry.npmjs.org/typescript set size:15409943 disposed:false
74 silly fetch manifest tailwindcss@^4
75 silly packumentCache full:https://registry.npmjs.org/tailwindcss cache-miss
76 http fetch GET 200 https://registry.npmjs.org/tailwindcss 112ms (cache revalidated)
77 silly packumentCache full:https://registry.npmjs.org/tailwindcss set size:10396621 disposed:false
78 silly placeDep ROOT @tailwindcss/postcss@4.2.4 REPLACE for: web@0.1.0 want: ^4
79 silly placeDep ROOT @types/node@20.19.39 REPLACE for: web@0.1.0 want: ^20
80 silly placeDep ROOT @types/react@19.2.14 REPLACE for: web@0.1.0 want: ^19
81 silly placeDep ROOT @types/react-dom@19.2.3 REPLACE for: web@0.1.0 want: ^19
82 silly placeDep ROOT eslint@9.39.4 REPLACE for: web@0.1.0 want: ^9
83 silly placeDep ROOT eslint-config-next@16.2.4 REPLACE for: web@0.1.0 want: 16.2.4
84 silly placeDep ROOT next@16.2.4 REPLACE for: web@0.1.0 want: 16.2.4
85 silly placeDep ROOT react@19.2.4 OK for: next@16.2.4 want: ^18.2.0 || 19.0.0-rc-de68d2f4-20241204 || ^19.0.0
86 silly placeDep ROOT react-dom@19.2.4 OK for: next@16.2.4 want: ^18.2.0 || 19.0.0-rc-de68d2f4-20241204 || ^19.0.0
87 silly placeDep ROOT react@19.2.4 REPLACE for: web@0.1.0 want: 19.2.4
88 silly placeDep ROOT react-dom@19.2.4 REPLACE for: web@0.1.0 want: 19.2.4
89 silly placeDep ROOT tailwindcss@4.2.4 OK for: web@0.1.0 want: ^4
90 silly placeDep ROOT typescript@5.9.3 OK for: web@0.1.0 want: ^5
91 silly fetch manifest postcss@^8.5.6
92 silly packumentCache full:https://registry.npmjs.org/postcss cache-miss
93 silly fetch manifest tailwindcss@4.2.4
94 silly packumentCache full:https://registry.npmjs.org/tailwindcss cache-miss
95 silly fetch manifest @alloc/quick-lru@^5.2.0
96 silly packumentCache full:https://registry.npmjs.org/@alloc%2fquick-lru cache-miss
97 silly fetch manifest @tailwindcss/node@4.2.4
98 silly packumentCache full:https://registry.npmjs.org/@tailwindcss%2fnode cache-miss
99 silly fetch manifest @tailwindcss/oxide@4.2.4
100 silly packumentCache full:https://registry.npmjs.org/@tailwindcss%2foxide cache-miss
101 silly fetch manifest undici-types@~6.21.0
102 silly packumentCache full:https://registry.npmjs.org/undici-types cache-miss
103 silly fetch manifest csstype@^3.2.2
104 silly packumentCache full:https://registry.npmjs.org/csstype cache-miss
105 http fetch GET 200 https://registry.npmjs.org/@tailwindcss%2fnode 118ms (cache revalidated)
106 silly packumentCache full:https://registry.npmjs.org/@tailwindcss%2fnode set size:2013949 disposed:false
107 silly fetch manifest ajv@^6.14.0
108 silly packumentCache full:https://registry.npmjs.org/ajv cache-miss
109 http fetch GET 200 https://registry.npmjs.org/ajv 90ms (cache revalidated)
110 silly packumentCache full:https://registry.npmjs.org/ajv set size:1142658 disposed:false
111 silly fetch manifest chalk@^4.0.0
112 silly packumentCache full:https://registry.npmjs.org/chalk cache-miss
113 http fetch GET 200 https://registry.npmjs.org/postcss 300ms (cache revalidated)
114 silly packumentCache full:https://registry.npmjs.org/postcss set size:714272 disposed:false
115 silly fetch manifest debug@^4.3.2
116 silly packumentCache full:https://registry.npmjs.org/debug cache-miss
117 http fetch GET 200 https://registry.npmjs.org/csstype 318ms (cache revalidated)
118 silly packumentCache full:https://registry.npmjs.org/csstype set size:274189 disposed:false
119 silly fetch manifest espree@^10.4.0
120 silly packumentCache full:https://registry.npmjs.org/espree cache-miss
121 http fetch GET 200 https://registry.npmjs.org/undici-types 327ms (cache revalidated)
122 silly packumentCache full:https://registry.npmjs.org/undici-types set size:210150 disposed:false
123 silly fetch manifest ignore@^5.2.0
124 silly packumentCache full:https://registry.npmjs.org/ignore cache-miss
125 http fetch GET 200 https://registry.npmjs.org/chalk 102ms (cache revalidated)
126 silly packumentCache full:https://registry.npmjs.org/chalk set size:117861 disposed:false
127 silly fetch manifest esquery@^1.5.0
128 silly packumentCache full:https://registry.npmjs.org/esquery cache-miss
129 http fetch GET 200 https://registry.npmjs.org/@tailwindcss%2foxide 353ms (cache revalidated)
130 silly packumentCache full:https://registry.npmjs.org/@tailwindcss%2foxide set size:4265089 disposed:false
131 silly fetch manifest esutils@^2.0.2
132 silly packumentCache full:https://registry.npmjs.org/esutils cache-miss
133 http fetch GET 200 https://registry.npmjs.org/tailwindcss 401ms (cache revalidated)
134 silly packumentCache full:https://registry.npmjs.org/tailwindcss set size:10396621 disposed:false
135 silly fetch manifest find-up@^5.0.0
136 silly packumentCache full:https://registry.npmjs.org/find-up cache-miss
137 http fetch GET 200 https://registry.npmjs.org/@alloc%2fquick-lru 474ms (cache revalidated)
138 silly packumentCache full:https://registry.npmjs.org/@alloc%2fquick-lru set size:7269 disposed:false
139 silly fetch manifest is-glob@^4.0.0
140 silly packumentCache full:https://registry.npmjs.org/is-glob cache-miss
141 http fetch GET 200 https://registry.npmjs.org/debug 171ms (cache revalidated)
142 silly packumentCache full:https://registry.npmjs.org/debug set size:195840 disposed:false
143 silly fetch manifest minimatch@^3.1.5
144 silly packumentCache full:https://registry.npmjs.org/minimatch cache-miss
145 http fetch GET 200 https://registry.npmjs.org/espree 162ms (cache revalidated)
146 silly packumentCache full:https://registry.npmjs.org/espree set size:326080 disposed:false
147 silly fetch manifest @eslint/js@9.39.4
148 silly packumentCache full:https://registry.npmjs.org/@eslint%2fjs cache-miss
149 http fetch GET 200 https://registry.npmjs.org/ignore 235ms (cache revalidated)
150 silly packumentCache full:https://registry.npmjs.org/ignore set size:237380 disposed:false
151 silly fetch manifest optionator@^0.9.3
152 silly packumentCache full:https://registry.npmjs.org/optionator cache-miss
153 http fetch GET 200 https://registry.npmjs.org/esquery 241ms (cache revalidated)
154 silly packumentCache full:https://registry.npmjs.org/esquery set size:48888 disposed:false
155 silly fetch manifest cross-spawn@^7.0.6
156 silly packumentCache full:https://registry.npmjs.org/cross-spawn cache-miss
157 http fetch GET 200 https://registry.npmjs.org/esutils 217ms (cache revalidated)
158 silly packumentCache full:https://registry.npmjs.org/esutils set size:29522 disposed:false
159 silly fetch manifest glob-parent@^6.0.2
160 silly packumentCache full:https://registry.npmjs.org/glob-parent cache-miss
161 http fetch GET 200 https://registry.npmjs.org/find-up 137ms (cache revalidated)
162 silly packumentCache full:https://registry.npmjs.org/find-up set size:42620 disposed:false
163 silly fetch manifest imurmurhash@^0.1.4
164 silly packumentCache full:https://registry.npmjs.org/imurmurhash cache-miss
165 http fetch GET 200 https://registry.npmjs.org/minimatch 132ms (cache revalidated)
166 silly packumentCache full:https://registry.npmjs.org/minimatch set size:375282 disposed:false
167 silly fetch manifest @eslint/core@^0.17.0
168 silly packumentCache full:https://registry.npmjs.org/@eslint%2fcore cache-miss
169 http fetch GET 200 https://registry.npmjs.org/is-glob 150ms (cache revalidated)
170 silly packumentCache full:https://registry.npmjs.org/is-glob set size:40530 disposed:false
171 silly fetch manifest eslint-scope@^8.4.0
172 silly packumentCache full:https://registry.npmjs.org/eslint-scope cache-miss
173 http fetch GET 200 https://registry.npmjs.org/@eslint%2fjs 151ms (cache revalidated)
174 silly packumentCache full:https://registry.npmjs.org/@eslint%2fjs set size:140022 disposed:false
175 silly fetch manifest lodash.merge@^4.6.2
176 silly packumentCache full:https://registry.npmjs.org/lodash.merge cache-miss
177 http fetch GET 200 https://registry.npmjs.org/optionator 100ms (cache revalidated)
178 silly packumentCache full:https://registry.npmjs.org/optionator set size:49651 disposed:false
179 silly fetch manifest @humanfs/node@^0.16.6
180 silly packumentCache full:https://registry.npmjs.org/@humanfs%2fnode cache-miss
181 http fetch GET 200 https://registry.npmjs.org/cross-spawn 129ms (cache revalidated)
182 silly packumentCache full:https://registry.npmjs.org/cross-spawn set size:109066 disposed:false
183 silly fetch manifest @types/estree@^1.0.6
184 silly packumentCache full:https://registry.npmjs.org/@types%2festree cache-miss
185 http fetch GET 200 https://registry.npmjs.org/imurmurhash 125ms (cache revalidated)
186 silly packumentCache full:https://registry.npmjs.org/imurmurhash set size:35819 disposed:false
187 silly fetch manifest fast-deep-equal@^3.1.3
188 silly packumentCache full:https://registry.npmjs.org/fast-deep-equal cache-miss
189 http fetch GET 200 https://registry.npmjs.org/glob-parent 145ms (cache revalidated)
190 silly packumentCache full:https://registry.npmjs.org/glob-parent set size:42445 disposed:false
191 silly fetch manifest natural-compare@^1.4.0
192 silly packumentCache full:https://registry.npmjs.org/natural-compare cache-miss
193 http fetch GET 200 https://registry.npmjs.org/lodash.merge 110ms (cache revalidated)
194 silly packumentCache full:https://registry.npmjs.org/lodash.merge set size:78575 disposed:false
195 silly fetch manifest @eslint/eslintrc@^3.3.5
196 silly packumentCache full:https://registry.npmjs.org/@eslint%2feslintrc cache-miss
197 http fetch GET 200 https://registry.npmjs.org/@eslint%2fcore 142ms (cache revalidated)
198 silly packumentCache full:https://registry.npmjs.org/@eslint%2fcore set size:58023 disposed:false
199 silly fetch manifest file-entry-cache@^8.0.0
200 silly packumentCache full:https://registry.npmjs.org/file-entry-cache cache-miss
201 http fetch GET 200 https://registry.npmjs.org/eslint-scope 137ms (cache revalidated)
202 silly packumentCache full:https://registry.npmjs.org/eslint-scope set size:98867 disposed:false
203 silly fetch manifest @eslint/plugin-kit@^0.4.1
204 silly packumentCache full:https://registry.npmjs.org/@eslint%2fplugin-kit cache-miss
205 http fetch GET 200 https://registry.npmjs.org/@humanfs%2fnode 112ms (cache revalidated)
206 silly packumentCache full:https://registry.npmjs.org/@humanfs%2fnode set size:39629 disposed:false
207 silly fetch manifest eslint-visitor-keys@^4.2.1
208 silly packumentCache full:https://registry.npmjs.org/eslint-visitor-keys cache-miss
209 http fetch GET 200 https://registry.npmjs.org/@types%2festree 95ms (cache revalidated)
210 silly packumentCache full:https://registry.npmjs.org/@types%2festree set size:74091 disposed:false
211 silly fetch manifest @eslint/config-array@^0.21.2
212 silly packumentCache full:https://registry.npmjs.org/@eslint%2fconfig-array cache-miss
213 http fetch GET 200 https://registry.npmjs.org/fast-deep-equal 98ms (cache revalidated)
214 silly packumentCache full:https://registry.npmjs.org/fast-deep-equal set size:48634 disposed:false
215 silly fetch manifest @humanwhocodes/retry@^0.4.2
216 silly packumentCache full:https://registry.npmjs.org/@humanwhocodes%2fretry cache-miss
217 http fetch GET 200 https://registry.npmjs.org/file-entry-cache 99ms (cache revalidated)
218 silly packumentCache full:https://registry.npmjs.org/file-entry-cache set size:151480 disposed:false
219 silly fetch manifest escape-string-regexp@^4.0.0
220 silly packumentCache full:https://registry.npmjs.org/escape-string-regexp cache-miss
221 http fetch GET 200 https://registry.npmjs.org/natural-compare 122ms (cache revalidated)
222 silly packumentCache full:https://registry.npmjs.org/natural-compare set size:7852 disposed:false
223 silly fetch manifest @eslint/config-helpers@^0.4.2
224 silly packumentCache full:https://registry.npmjs.org/@eslint%2fconfig-helpers cache-miss
225 http fetch GET 200 https://registry.npmjs.org/@eslint%2feslintrc 116ms (cache revalidated)
226 silly packumentCache full:https://registry.npmjs.org/@eslint%2feslintrc set size:168674 disposed:false
227 silly fetch manifest @eslint-community/regexpp@^4.12.1
228 silly packumentCache full:https://registry.npmjs.org/@eslint-community%2fregexpp cache-miss
229 http fetch GET 200 https://registry.npmjs.org/eslint-visitor-keys 99ms (cache revalidated)
230 silly packumentCache full:https://registry.npmjs.org/eslint-visitor-keys set size:69949 disposed:false
231 silly fetch manifest @eslint-community/eslint-utils@^4.8.0
232 silly packumentCache full:https://registry.npmjs.org/@eslint-community%2feslint-utils cache-miss
233 http fetch GET 200 https://registry.npmjs.org/@eslint%2fplugin-kit 125ms (cache revalidated)
234 silly packumentCache full:https://registry.npmjs.org/@eslint%2fplugin-kit set size:73270 disposed:false
235 silly fetch manifest @humanwhocodes/module-importer@^1.0.1
236 silly packumentCache full:https://registry.npmjs.org/@humanwhocodes%2fmodule-importer cache-miss
237 http fetch GET 200 https://registry.npmjs.org/@eslint%2fconfig-array 101ms (cache revalidated)
238 silly packumentCache full:https://registry.npmjs.org/@eslint%2fconfig-array set size:74140 disposed:false
239 silly fetch manifest json-stable-stringify-without-jsonify@^1.0.1
240 silly packumentCache full:https://registry.npmjs.org/json-stable-stringify-without-jsonify cache-miss
241 http fetch GET 200 https://registry.npmjs.org/@humanwhocodes%2fretry 105ms (cache revalidated)
242 silly packumentCache full:https://registry.npmjs.org/@humanwhocodes%2fretry set size:42348 disposed:false
243 silly fetch manifest globals@16.4.0
244 silly packumentCache full:https://registry.npmjs.org/globals cache-miss
245 http fetch GET 200 https://registry.npmjs.org/escape-string-regexp 96ms (cache revalidated)
246 silly packumentCache full:https://registry.npmjs.org/escape-string-regexp set size:22244 disposed:false
247 silly fetch manifest typescript-eslint@^8.46.0
248 silly packumentCache full:https://registry.npmjs.org/typescript-eslint cache-miss
249 http fetch GET 200 https://registry.npmjs.org/@eslint-community%2fregexpp 107ms (cache revalidated)
250 silly packumentCache full:https://registry.npmjs.org/@eslint-community%2fregexpp set size:106609 disposed:false
251 silly fetch manifest eslint-plugin-react@^7.37.0
252 silly packumentCache full:https://registry.npmjs.org/eslint-plugin-react cache-miss
253 http fetch GET 200 https://registry.npmjs.org/@eslint%2fconfig-helpers 127ms (cache revalidated)
254 silly packumentCache full:https://registry.npmjs.org/@eslint%2fconfig-helpers set size:47979 disposed:false
255 silly fetch manifest eslint-plugin-import@^2.32.0
256 silly packumentCache full:https://registry.npmjs.org/eslint-plugin-import cache-miss
257 http fetch GET 200 https://registry.npmjs.org/json-stable-stringify-without-jsonify 86ms (cache revalidated)
258 silly packumentCache full:https://registry.npmjs.org/json-stable-stringify-without-jsonify set size:5808 disposed:false
259 silly fetch manifest eslint-plugin-jsx-a11y@^6.10.0
260 silly packumentCache full:https://registry.npmjs.org/eslint-plugin-jsx-a11y cache-miss
261 http fetch GET 200 https://registry.npmjs.org/@eslint-community%2feslint-utils 111ms (cache revalidated)
262 silly packumentCache full:https://registry.npmjs.org/@eslint-community%2feslint-utils set size:93301 disposed:false
263 silly fetch manifest @next/eslint-plugin-next@16.2.4
264 silly packumentCache full:https://registry.npmjs.org/@next%2feslint-plugin-next cache-miss
265 http fetch GET 200 https://registry.npmjs.org/@humanwhocodes%2fmodule-importer 136ms (cache revalidated)
266 silly packumentCache full:https://registry.npmjs.org/@humanwhocodes%2fmodule-importer set size:9516 disposed:false
267 silly fetch manifest eslint-plugin-react-hooks@^7.0.0
268 silly packumentCache full:https://registry.npmjs.org/eslint-plugin-react-hooks cache-miss
269 http fetch GET 200 https://registry.npmjs.org/globals 101ms (cache revalidated)
270 silly packumentCache full:https://registry.npmjs.org/globals set size:312297 disposed:false
271 silly fetch manifest eslint-import-resolver-node@^0.3.6
272 silly packumentCache full:https://registry.npmjs.org/eslint-import-resolver-node cache-miss
273 http fetch GET 200 https://registry.npmjs.org/typescript-eslint 105ms (cache revalidated)
274 silly packumentCache full:https://registry.npmjs.org/typescript-eslint set size:3891190 disposed:false
275 silly fetch manifest eslint-import-resolver-typescript@^3.5.2
276 silly packumentCache full:https://registry.npmjs.org/eslint-import-resolver-typescript cache-miss
277 http fetch GET 200 https://registry.npmjs.org/eslint-plugin-react 123ms (cache revalidated)
278 silly packumentCache full:https://registry.npmjs.org/eslint-plugin-react set size:646827 disposed:false
279 silly fetch manifest postcss@8.4.31
280 silly packumentCache full:https://registry.npmjs.org/postcss cache-hit
281 silly fetch manifest styled-jsx@5.1.6
282 silly packumentCache full:https://registry.npmjs.org/styled-jsx cache-miss
283 http fetch GET 200 https://registry.npmjs.org/eslint-plugin-jsx-a11y 132ms (cache revalidated)
284 silly packumentCache full:https://registry.npmjs.org/eslint-plugin-jsx-a11y set size:280052 disposed:false
285 silly fetch manifest @swc/helpers@0.5.15
286 silly packumentCache full:https://registry.npmjs.org/@swc%2fhelpers cache-miss
287 http fetch GET 200 https://registry.npmjs.org/eslint-plugin-import 160ms (cache revalidated)
288 silly packumentCache full:https://registry.npmjs.org/eslint-plugin-import set size:484928 disposed:false
289 silly fetch manifest caniuse-lite@^1.0.30001579
290 silly packumentCache full:https://registry.npmjs.org/caniuse-lite cache-miss
291 http fetch GET 200 https://registry.npmjs.org/@next%2feslint-plugin-next 172ms (cache revalidated)
292 silly packumentCache full:https://registry.npmjs.org/@next%2feslint-plugin-next set size:6719286 disposed:false
293 silly fetch manifest baseline-browser-mapping@^2.9.19
294 silly packumentCache full:https://registry.npmjs.org/baseline-browser-mapping cache-miss
295 http fetch GET 200 https://registry.npmjs.org/eslint-plugin-react-hooks 269ms (cache revalidated)
296 silly packumentCache full:https://registry.npmjs.org/eslint-plugin-react-hooks set size:7350721 disposed:false
297 silly fetch manifest sharp@^0.34.5
298 silly packumentCache full:https://registry.npmjs.org/sharp cache-miss
299 http fetch GET 200 https://registry.npmjs.org/eslint-import-resolver-node 337ms (cache revalidated)
300 silly packumentCache full:https://registry.npmjs.org/eslint-import-resolver-node set size:37178 disposed:false
301 silly fetch manifest @next/swc-darwin-x64@16.2.4
302 silly packumentCache full:https://registry.npmjs.org/@next%2fswc-darwin-x64 cache-miss
303 http fetch GET 200 https://registry.npmjs.org/eslint-import-resolver-typescript 295ms (cache revalidated)
304 silly packumentCache full:https://registry.npmjs.org/eslint-import-resolver-typescript set size:334387 disposed:false
305 silly fetch manifest @next/swc-darwin-arm64@16.2.4
306 silly packumentCache full:https://registry.npmjs.org/@next%2fswc-darwin-arm64 cache-miss
307 http fetch GET 200 https://registry.npmjs.org/styled-jsx 290ms (cache revalidated)
308 silly packumentCache full:https://registry.npmjs.org/styled-jsx set size:436113 disposed:false
309 silly fetch manifest @next/swc-linux-x64-gnu@16.2.4
310 silly packumentCache full:https://registry.npmjs.org/@next%2fswc-linux-x64-gnu cache-miss
311 http fetch GET 200 https://registry.npmjs.org/@swc%2fhelpers 322ms (cache revalidated)
312 silly packumentCache full:https://registry.npmjs.org/@swc%2fhelpers set size:726705 disposed:false
313 silly fetch manifest @next/swc-linux-x64-musl@16.2.4
314 silly packumentCache full:https://registry.npmjs.org/@next%2fswc-linux-x64-musl cache-miss
315 http fetch GET 200 https://registry.npmjs.org/caniuse-lite 346ms (cache revalidated)
316 silly packumentCache full:https://registry.npmjs.org/caniuse-lite set size:2289092 disposed:false
317 silly fetch manifest @next/swc-linux-arm64-gnu@16.2.4
318 silly packumentCache full:https://registry.npmjs.org/@next%2fswc-linux-arm64-gnu cache-miss
319 http fetch GET 200 https://registry.npmjs.org/baseline-browser-mapping 259ms (cache revalidated)
320 silly packumentCache full:https://registry.npmjs.org/baseline-browser-mapping set size:463617 disposed:false
321 silly fetch manifest @next/swc-linux-arm64-musl@16.2.4
322 silly packumentCache full:https://registry.npmjs.org/@next%2fswc-linux-arm64-musl cache-miss
323 http fetch GET 200 https://registry.npmjs.org/sharp 190ms (cache revalidated)
324 silly packumentCache full:https://registry.npmjs.org/sharp set size:1072564 disposed:false
325 silly fetch manifest @next/swc-win32-arm64-msvc@16.2.4
326 silly packumentCache full:https://registry.npmjs.org/@next%2fswc-win32-arm64-msvc cache-miss
327 http fetch GET 200 https://registry.npmjs.org/@next%2fswc-darwin-x64 189ms (cache revalidated)
328 silly packumentCache full:https://registry.npmjs.org/@next%2fswc-darwin-x64 set size:5151885 disposed:false
329 silly fetch manifest scheduler@^0.27.0
330 silly packumentCache full:https://registry.npmjs.org/scheduler cache-miss
331 http fetch GET 200 https://registry.npmjs.org/@next%2fswc-darwin-arm64 239ms (cache revalidated)
332 silly packumentCache full:https://registry.npmjs.org/@next%2fswc-darwin-arm64 set size:5208267 disposed:false
333 silly fetch manifest scheduler@^0.27.0
334 silly packumentCache full:https://registry.npmjs.org/scheduler cache-miss
335 http fetch GET 200 https://registry.npmjs.org/@next%2fswc-linux-x64-gnu 283ms (cache revalidated)
336 silly packumentCache full:https://registry.npmjs.org/@next%2fswc-linux-x64-gnu set size:5256884 disposed:false
337 http fetch GET 200 https://registry.npmjs.org/@next%2fswc-linux-x64-musl 282ms (cache revalidated)
338 silly packumentCache full:https://registry.npmjs.org/@next%2fswc-linux-x64-musl set size:5013006 disposed:false
339 http fetch GET 200 https://registry.npmjs.org/@next%2fswc-linux-arm64-gnu 348ms (cache revalidated)
340 silly packumentCache full:https://registry.npmjs.org/@next%2fswc-linux-arm64-gnu set size:5059863 disposed:false
341 http fetch GET 200 https://registry.npmjs.org/scheduler 343ms (cache revalidated)
342 silly packumentCache full:https://registry.npmjs.org/scheduler set size:5493219 disposed:false
343 http fetch GET 200 https://registry.npmjs.org/@next%2fswc-win32-arm64-msvc 511ms (cache revalidated)
344 silly packumentCache full:https://registry.npmjs.org/@next%2fswc-win32-arm64-msvc set size:5042044 disposed:false
345 http fetch GET 200 https://registry.npmjs.org/@next%2fswc-linux-arm64-musl 584ms (cache revalidated)
346 silly packumentCache full:https://registry.npmjs.org/@next%2fswc-linux-arm64-musl set size:5077550 disposed:false
347 http fetch GET 200 https://registry.npmjs.org/scheduler 500ms (cache revalidated)
348 silly packumentCache full:https://registry.npmjs.org/scheduler set size:5493219 disposed:false
349 silly placeDep ROOT @alloc/quick-lru@5.2.0 OK for: @tailwindcss/postcss@4.2.4 want: ^5.2.0
350 silly placeDep ROOT @tailwindcss/node@4.2.4 OK for: @tailwindcss/postcss@4.2.4 want: 4.2.4
351 silly placeDep ROOT @tailwindcss/oxide@4.2.4 OK for: @tailwindcss/postcss@4.2.4 want: 4.2.4
352 silly placeDep ROOT postcss@8.5.12 OK for: @tailwindcss/postcss@4.2.4 want: ^8.5.6
353 silly fetch manifest jiti@^2.6.1
354 silly packumentCache full:https://registry.npmjs.org/jiti cache-hit
355 silly fetch manifest lightningcss@1.32.0
356 silly packumentCache full:https://registry.npmjs.org/lightningcss cache-miss
357 silly fetch manifest magic-string@^0.30.21
358 silly packumentCache full:https://registry.npmjs.org/magic-string cache-miss
359 silly fetch manifest source-map-js@^1.2.1
360 silly packumentCache full:https://registry.npmjs.org/source-map-js cache-miss
361 silly fetch manifest enhanced-resolve@^5.19.0
362 silly packumentCache full:https://registry.npmjs.org/enhanced-resolve cache-miss
363 silly fetch manifest @jridgewell/remapping@^2.3.5
364 silly packumentCache full:https://registry.npmjs.org/@jridgewell%2fremapping cache-miss
365 silly fetch manifest @tailwindcss/oxide-darwin-x64@4.2.4
366 silly packumentCache full:https://registry.npmjs.org/@tailwindcss%2foxide-darwin-x64 cache-miss
367 silly fetch manifest @tailwindcss/oxide-freebsd-x64@4.2.4
368 silly packumentCache full:https://registry.npmjs.org/@tailwindcss%2foxide-freebsd-x64 cache-miss
369 http fetch GET 200 https://registry.npmjs.org/enhanced-resolve 119ms (cache revalidated)
370 silly packumentCache full:https://registry.npmjs.org/enhanced-resolve set size:406072 disposed:false
371 silly fetch manifest @tailwindcss/oxide-wasm32-wasi@4.2.4
372 silly packumentCache full:https://registry.npmjs.org/@tailwindcss%2foxide-wasm32-wasi cache-miss
373 http fetch GET 200 https://registry.npmjs.org/source-map-js 132ms (cache revalidated)
374 silly packumentCache full:https://registry.npmjs.org/source-map-js set size:62640 disposed:false
375 silly fetch manifest @tailwindcss/oxide-darwin-arm64@4.2.4
376 silly packumentCache full:https://registry.npmjs.org/@tailwindcss%2foxide-darwin-arm64 cache-miss
377 http fetch GET 200 https://registry.npmjs.org/magic-string 140ms (cache revalidated)
378 silly packumentCache full:https://registry.npmjs.org/magic-string set size:331817 disposed:false
379 silly fetch manifest @tailwindcss/oxide-android-arm64@4.2.4
380 silly packumentCache full:https://registry.npmjs.org/@tailwindcss%2foxide-android-arm64 cache-miss
381 http fetch GET 200 https://registry.npmjs.org/lightningcss 149ms (cache revalidated)
382 silly packumentCache full:https://registry.npmjs.org/lightningcss set size:186753 disposed:false
383 silly fetch manifest @tailwindcss/oxide-linux-x64-gnu@4.2.4
384 silly packumentCache full:https://registry.npmjs.org/@tailwindcss%2foxide-linux-x64-gnu cache-miss
385 http fetch GET 200 https://registry.npmjs.org/@tailwindcss%2foxide-darwin-x64 158ms (cache revalidated)
386 silly packumentCache full:https://registry.npmjs.org/@tailwindcss%2foxide-darwin-x64 set size:2684740 disposed:false
387 silly fetch manifest @tailwindcss/oxide-linux-x64-musl@4.2.4
388 silly packumentCache full:https://registry.npmjs.org/@tailwindcss%2foxide-linux-x64-musl cache-miss
389 http fetch GET 200 https://registry.npmjs.org/@jridgewell%2fremapping 193ms (cache revalidated)
390 silly packumentCache full:https://registry.npmjs.org/@jridgewell%2fremapping set size:23809 disposed:false
391 silly fetch manifest @tailwindcss/oxide-win32-x64-msvc@4.2.4
392 silly packumentCache full:https://registry.npmjs.org/@tailwindcss%2foxide-win32-x64-msvc cache-miss
393 http fetch GET 200 https://registry.npmjs.org/@tailwindcss%2foxide-freebsd-x64 212ms (cache revalidated)
394 silly packumentCache full:https://registry.npmjs.org/@tailwindcss%2foxide-freebsd-x64 set size:2698291 disposed:false
395 silly fetch manifest @tailwindcss/oxide-linux-arm64-gnu@4.2.4
396 silly packumentCache full:https://registry.npmjs.org/@tailwindcss%2foxide-linux-arm64-gnu cache-miss
397 http fetch GET 200 https://registry.npmjs.org/@tailwindcss%2foxide-wasm32-wasi 167ms (cache revalidated)
398 silly packumentCache full:https://registry.npmjs.org/@tailwindcss%2foxide-wasm32-wasi set size:1257551 disposed:false
399 silly fetch manifest @tailwindcss/oxide-linux-arm64-musl@4.2.4
400 silly packumentCache full:https://registry.npmjs.org/@tailwindcss%2foxide-linux-arm64-musl cache-miss
401 http fetch GET 200 https://registry.npmjs.org/@tailwindcss%2foxide-darwin-arm64 196ms (cache revalidated)
402 silly packumentCache full:https://registry.npmjs.org/@tailwindcss%2foxide-darwin-arm64 set size:2718196 disposed:false
403 silly fetch manifest @tailwindcss/oxide-win32-arm64-msvc@4.2.4
404 silly packumentCache full:https://registry.npmjs.org/@tailwindcss%2foxide-win32-arm64-msvc cache-miss
405 http fetch GET 200 https://registry.npmjs.org/@tailwindcss%2foxide-android-arm64 249ms (cache revalidated)
406 silly packumentCache full:https://registry.npmjs.org/@tailwindcss%2foxide-android-arm64 set size:1857825 disposed:false
407 silly fetch manifest @tailwindcss/oxide-linux-arm-gnueabihf@4.2.4
408 silly packumentCache full:https://registry.npmjs.org/@tailwindcss%2foxide-linux-arm-gnueabihf cache-miss
409 http fetch GET 200 https://registry.npmjs.org/@tailwindcss%2foxide-linux-x64-gnu 281ms (cache revalidated)
410 silly packumentCache full:https://registry.npmjs.org/@tailwindcss%2foxide-linux-x64-gnu set size:2740039 disposed:false
411 silly fetch manifest nanoid@^3.3.11
412 silly packumentCache full:https://registry.npmjs.org/nanoid cache-miss
413 http fetch GET 200 https://registry.npmjs.org/@tailwindcss%2foxide-win32-x64-msvc 274ms (cache revalidated)
414 silly packumentCache full:https://registry.npmjs.org/@tailwindcss%2foxide-win32-x64-msvc set size:2722661 disposed:false
415 silly fetch manifest picocolors@^1.1.1
416 silly packumentCache full:https://registry.npmjs.org/picocolors cache-miss
417 http fetch GET 200 https://registry.npmjs.org/@tailwindcss%2foxide-linux-x64-musl 348ms (cache revalidated)
418 silly packumentCache full:https://registry.npmjs.org/@tailwindcss%2foxide-linux-x64-musl set size:2748147 disposed:false
419 http fetch GET 200 https://registry.npmjs.org/@tailwindcss%2foxide-linux-arm64-gnu 320ms (cache revalidated)
420 silly packumentCache full:https://registry.npmjs.org/@tailwindcss%2foxide-linux-arm64-gnu set size:2764583 disposed:false
421 http fetch GET 200 https://registry.npmjs.org/@tailwindcss%2foxide-linux-arm64-musl 288ms (cache revalidated)
422 silly packumentCache full:https://registry.npmjs.org/@tailwindcss%2foxide-linux-arm64-musl set size:2774949 disposed:false
423 http fetch GET 200 https://registry.npmjs.org/@tailwindcss%2foxide-win32-arm64-msvc 270ms (cache revalidated)
424 silly packumentCache full:https://registry.npmjs.org/@tailwindcss%2foxide-win32-arm64-msvc set size:1831626 disposed:false
425 http fetch GET 200 https://registry.npmjs.org/picocolors 209ms (cache revalidated)
426 silly packumentCache full:https://registry.npmjs.org/picocolors set size:16648 disposed:false
427 http fetch GET 200 https://registry.npmjs.org/nanoid 244ms (cache revalidated)
428 silly packumentCache full:https://registry.npmjs.org/nanoid set size:304025 disposed:false
429 http fetch GET 200 https://registry.npmjs.org/@tailwindcss%2foxide-linux-arm-gnueabihf 321ms (cache revalidated)
430 silly packumentCache full:https://registry.npmjs.org/@tailwindcss%2foxide-linux-arm-gnueabihf set size:2788112 disposed:false
431 silly placeDep node_modules/@tailwindcss/node @jridgewell/remapping@2.3.5 OK for: @tailwindcss/node@4.2.4 want: ^2.3.5
432 silly placeDep node_modules/@tailwindcss/node enhanced-resolve@5.21.0 OK for: @tailwindcss/node@4.2.4 want: ^5.19.0
433 silly placeDep node_modules/@tailwindcss/node jiti@2.6.1 OK for: @tailwindcss/node@4.2.4 want: ^2.6.1
434 silly placeDep node_modules/@tailwindcss/node lightningcss@1.32.0 OK for: @tailwindcss/node@4.2.4 want: 1.32.0
435 silly placeDep node_modules/@tailwindcss/node magic-string@0.30.21 OK for: @tailwindcss/node@4.2.4 want: ^0.30.21
436 silly placeDep node_modules/@tailwindcss/node source-map-js@1.2.1 OK for: @tailwindcss/node@4.2.4 want: ^1.2.1
437 silly fetch manifest @jridgewell/gen-mapping@^0.3.5
438 silly packumentCache full:https://registry.npmjs.org/@jridgewell%2fgen-mapping cache-miss
439 silly fetch manifest @jridgewell/trace-mapping@^0.3.24
440 silly packumentCache full:https://registry.npmjs.org/@jridgewell%2ftrace-mapping cache-miss
441 silly fetch manifest graceful-fs@^4.2.4
442 silly packumentCache full:https://registry.npmjs.org/graceful-fs cache-miss
443 silly fetch manifest tapable@^2.3.3
444 silly packumentCache full:https://registry.npmjs.org/tapable cache-miss
445 silly fetch manifest detect-libc@^2.0.3
446 silly packumentCache full:https://registry.npmjs.org/detect-libc cache-miss
447 silly fetch manifest lightningcss-darwin-x64@1.32.0
448 silly packumentCache full:https://registry.npmjs.org/lightningcss-darwin-x64 cache-miss
449 silly fetch manifest lightningcss-linux-x64-gnu@1.32.0
450 silly packumentCache full:https://registry.npmjs.org/lightningcss-linux-x64-gnu cache-miss
451 http fetch GET 200 https://registry.npmjs.org/graceful-fs 100ms (cache revalidated)
452 silly packumentCache full:https://registry.npmjs.org/graceful-fs set size:124285 disposed:false
453 silly fetch manifest lightningcss-win32-x64-msvc@1.32.0
454 silly packumentCache full:https://registry.npmjs.org/lightningcss-win32-x64-msvc cache-miss
455 http fetch GET 200 https://registry.npmjs.org/detect-libc 107ms (cache revalidated)
456 silly packumentCache full:https://registry.npmjs.org/detect-libc set size:47861 disposed:false
457 silly fetch manifest lightningcss-win32-arm64-msvc@1.32.0
458 silly packumentCache full:https://registry.npmjs.org/lightningcss-win32-arm64-msvc cache-miss
459 http fetch GET 200 https://registry.npmjs.org/lightningcss-darwin-x64 111ms (cache revalidated)
460 silly packumentCache full:https://registry.npmjs.org/lightningcss-darwin-x64 set size:78694 disposed:false
461 silly fetch manifest lightningcss-darwin-arm64@1.32.0
462 silly packumentCache full:https://registry.npmjs.org/lightningcss-darwin-arm64 cache-miss
463 http fetch GET 200 https://registry.npmjs.org/tapable 126ms (cache revalidated)
464 silly packumentCache full:https://registry.npmjs.org/tapable set size:141233 disposed:false
465 silly fetch manifest lightningcss-linux-arm64-gnu@1.32.0
466 silly packumentCache full:https://registry.npmjs.org/lightningcss-linux-arm64-gnu cache-miss
467 http fetch GET 200 https://registry.npmjs.org/lightningcss-linux-x64-gnu 130ms (cache revalidated)
468 silly packumentCache full:https://registry.npmjs.org/lightningcss-linux-x64-gnu set size:80105 disposed:false
469 silly fetch manifest lightningcss-linux-arm-gnueabihf@1.32.0
470 silly packumentCache full:https://registry.npmjs.org/lightningcss-linux-arm-gnueabihf cache-miss
471 http fetch GET 200 https://registry.npmjs.org/@jridgewell%2ftrace-mapping 142ms (cache revalidated)
472 silly packumentCache full:https://registry.npmjs.org/@jridgewell%2ftrace-mapping set size:170909 disposed:false
473 silly fetch manifest lightningcss-linux-arm64-musl@1.32.0
474 silly packumentCache full:https://registry.npmjs.org/lightningcss-linux-arm64-musl cache-miss
475 http fetch GET 200 https://registry.npmjs.org/@jridgewell%2fgen-mapping 147ms (cache revalidated)
476 silly packumentCache full:https://registry.npmjs.org/@jridgewell%2fgen-mapping set size:80719 disposed:false
477 silly fetch manifest lightningcss-linux-x64-musl@1.32.0
478 silly packumentCache full:https://registry.npmjs.org/lightningcss-linux-x64-musl cache-miss
479 http fetch GET 200 https://registry.npmjs.org/lightningcss-win32-x64-msvc 92ms (cache revalidated)
480 silly packumentCache full:https://registry.npmjs.org/lightningcss-win32-x64-msvc set size:79645 disposed:false
481 silly fetch manifest lightningcss-freebsd-x64@1.32.0
482 silly packumentCache full:https://registry.npmjs.org/lightningcss-freebsd-x64 cache-miss
483 http fetch GET 200 https://registry.npmjs.org/lightningcss-win32-arm64-msvc 94ms (cache revalidated)
484 silly packumentCache full:https://registry.npmjs.org/lightningcss-win32-arm64-msvc set size:26629 disposed:false
485 silly fetch manifest lightningcss-android-arm64@1.32.0
486 silly packumentCache full:https://registry.npmjs.org/lightningcss-android-arm64 cache-miss
487 http fetch GET 200 https://registry.npmjs.org/lightningcss-darwin-arm64 112ms (cache revalidated)
488 silly packumentCache full:https://registry.npmjs.org/lightningcss-darwin-arm64 set size:79276 disposed:false
489 silly fetch manifest @jridgewell/sourcemap-codec@^1.5.5
490 silly packumentCache full:https://registry.npmjs.org/@jridgewell%2fsourcemap-codec cache-miss
491 http fetch GET 200 https://registry.npmjs.org/lightningcss-linux-arm-gnueabihf 103ms (cache revalidated)
492 silly packumentCache full:https://registry.npmjs.org/lightningcss-linux-arm-gnueabihf set size:80903 disposed:false
493 http fetch GET 200 https://registry.npmjs.org/lightningcss-linux-arm64-musl 100ms (cache revalidated)
494 silly packumentCache full:https://registry.npmjs.org/lightningcss-linux-arm64-musl set size:80887 disposed:false
495 http fetch GET 200 https://registry.npmjs.org/lightningcss-linux-arm64-gnu 117ms (cache revalidated)
496 silly packumentCache full:https://registry.npmjs.org/lightningcss-linux-arm64-gnu set size:80669 disposed:false
497 http fetch GET 200 https://registry.npmjs.org/lightningcss-linux-x64-musl 103ms (cache revalidated)
498 silly packumentCache full:https://registry.npmjs.org/lightningcss-linux-x64-musl set size:80313 disposed:false
499 http fetch GET 200 https://registry.npmjs.org/lightningcss-android-arm64 88ms (cache revalidated)
500 silly packumentCache full:https://registry.npmjs.org/lightningcss-android-arm64 set size:7671 disposed:false
501 http fetch GET 200 https://registry.npmjs.org/lightningcss-freebsd-x64 100ms (cache revalidated)
502 silly packumentCache full:https://registry.npmjs.org/lightningcss-freebsd-x64 set size:42877 disposed:false
503 http fetch GET 200 https://registry.npmjs.org/@jridgewell%2fsourcemap-codec 100ms (cache revalidated)
504 silly packumentCache full:https://registry.npmjs.org/@jridgewell%2fsourcemap-codec set size:59275 disposed:false
505 silly placeDep ROOT @tailwindcss/oxide-android-arm64@4.2.4 OK for: @tailwindcss/oxide@4.2.4 want: 4.2.4
506 silly placeDep ROOT @tailwindcss/oxide-darwin-arm64@4.2.4 OK for: @tailwindcss/oxide@4.2.4 want: 4.2.4
507 silly placeDep ROOT @tailwindcss/oxide-darwin-x64@4.2.4 OK for: @tailwindcss/oxide@4.2.4 want: 4.2.4
508 silly placeDep ROOT @tailwindcss/oxide-freebsd-x64@4.2.4 OK for: @tailwindcss/oxide@4.2.4 want: 4.2.4
509 silly placeDep ROOT @tailwindcss/oxide-linux-arm-gnueabihf@4.2.4 OK for: @tailwindcss/oxide@4.2.4 want: 4.2.4
510 silly placeDep ROOT @tailwindcss/oxide-linux-arm64-gnu@4.2.4 OK for: @tailwindcss/oxide@4.2.4 want: 4.2.4
511 silly placeDep ROOT @tailwindcss/oxide-linux-arm64-musl@4.2.4 OK for: @tailwindcss/oxide@4.2.4 want: 4.2.4
512 silly placeDep ROOT @tailwindcss/oxide-linux-x64-gnu@4.2.4 OK for: @tailwindcss/oxide@4.2.4 want: 4.2.4
513 silly placeDep ROOT @tailwindcss/oxide-linux-x64-musl@4.2.4 OK for: @tailwindcss/oxide@4.2.4 want: 4.2.4
514 silly placeDep ROOT @tailwindcss/oxide-wasm32-wasi@4.2.4 OK for: @tailwindcss/oxide@4.2.4 want: 4.2.4
515 silly placeDep ROOT @tailwindcss/oxide-win32-arm64-msvc@4.2.4 OK for: @tailwindcss/oxide@4.2.4 want: 4.2.4
516 silly placeDep node_modules/@tailwindcss/oxide @tailwindcss/oxide-win32-x64-msvc@4.2.4 OK for: @tailwindcss/oxide@4.2.4 want: 4.2.4
517 silly placeDep ROOT undici-types@6.21.0 OK for: @types/node@20.19.39 want: ~6.21.0
518 silly placeDep ROOT csstype@3.2.3 OK for: @types/react@19.2.14 want: ^3.2.2
519 silly fetch manifest eslint@^6.0.0 || ^7.0.0 || >=8.0.0
520 silly packumentCache full:https://registry.npmjs.org/eslint cache-miss
521 http fetch GET 200 https://registry.npmjs.org/eslint 90ms (cache revalidated)
522 silly packumentCache full:https://registry.npmjs.org/eslint set size:1983515 disposed:false
523 silly placeDep ROOT @eslint-community/eslint-utils@4.9.1 OK for: eslint@9.39.4 want: ^4.8.0
524 silly placeDep ROOT @eslint-community/regexpp@4.12.2 OK for: eslint@9.39.4 want: ^4.12.1
525 silly placeDep ROOT @eslint/config-array@0.21.2 OK for: eslint@9.39.4 want: ^0.21.2
526 silly placeDep ROOT @eslint/config-helpers@0.4.2 OK for: eslint@9.39.4 want: ^0.4.2
527 silly placeDep ROOT @eslint/core@0.17.0 OK for: eslint@9.39.4 want: ^0.17.0
528 silly placeDep ROOT @eslint/eslintrc@3.3.5 OK for: eslint@9.39.4 want: ^3.3.5
529 silly placeDep ROOT @eslint/js@9.39.4 OK for: eslint@9.39.4 want: 9.39.4
530 silly placeDep ROOT @eslint/plugin-kit@0.4.1 OK for: eslint@9.39.4 want: ^0.4.1
531 silly placeDep ROOT @humanfs/node@0.16.8 OK for: eslint@9.39.4 want: ^0.16.6
532 silly placeDep ROOT @humanwhocodes/module-importer@1.0.1 OK for: eslint@9.39.4 want: ^1.0.1
533 silly placeDep ROOT @humanwhocodes/retry@0.4.3 OK for: eslint@9.39.4 want: ^0.4.2
534 silly placeDep ROOT @types/estree@1.0.8 OK for: eslint@9.39.4 want: ^1.0.6
535 silly placeDep ROOT ajv@6.15.0 OK for: eslint@9.39.4 want: ^6.14.0
536 silly placeDep ROOT chalk@4.1.2 OK for: eslint@9.39.4 want: ^4.0.0
537 silly placeDep ROOT cross-spawn@7.0.6 OK for: eslint@9.39.4 want: ^7.0.6
538 silly placeDep ROOT debug@4.4.3 OK for: eslint@9.39.4 want: ^4.3.2
539 silly placeDep ROOT escape-string-regexp@4.0.0 OK for: eslint@9.39.4 want: ^4.0.0
540 silly placeDep ROOT eslint-scope@8.4.0 OK for: eslint@9.39.4 want: ^8.4.0
541 silly placeDep ROOT eslint-visitor-keys@4.2.1 OK for: eslint@9.39.4 want: ^4.2.1
542 silly placeDep ROOT espree@10.4.0 OK for: eslint@9.39.4 want: ^10.4.0
543 silly placeDep ROOT esquery@1.7.0 OK for: eslint@9.39.4 want: ^1.5.0
544 silly placeDep ROOT esutils@2.0.3 OK for: eslint@9.39.4 want: ^2.0.2
545 silly placeDep ROOT fast-deep-equal@3.1.3 OK for: eslint@9.39.4 want: ^3.1.3
546 silly placeDep ROOT file-entry-cache@8.0.0 OK for: eslint@9.39.4 want: ^8.0.0
547 silly placeDep ROOT find-up@5.0.0 OK for: eslint@9.39.4 want: ^5.0.0
548 silly placeDep ROOT glob-parent@6.0.2 OK for: eslint@9.39.4 want: ^6.0.2
549 silly placeDep ROOT ignore@5.3.2 OK for: eslint@9.39.4 want: ^5.2.0
550 silly placeDep ROOT imurmurhash@0.1.4 OK for: eslint@9.39.4 want: ^0.1.4
551 silly placeDep ROOT is-glob@4.0.3 OK for: eslint@9.39.4 want: ^4.0.0
552 silly placeDep ROOT json-stable-stringify-without-jsonify@1.0.1 OK for: eslint@9.39.4 want: ^1.0.1
553 silly placeDep ROOT lodash.merge@4.6.2 OK for: eslint@9.39.4 want: ^4.6.2
554 silly placeDep ROOT minimatch@3.1.5 OK for: eslint@9.39.4 want: ^3.1.5
555 silly placeDep ROOT natural-compare@1.4.0 OK for: eslint@9.39.4 want: ^1.4.0
556 silly placeDep ROOT optionator@0.9.4 OK for: eslint@9.39.4 want: ^0.9.3
557 silly fetch manifest eslint-visitor-keys@^3.4.3
558 silly packumentCache full:https://registry.npmjs.org/eslint-visitor-keys cache-hit
559 silly fetch manifest debug@^4.3.1
560 silly packumentCache full:https://registry.npmjs.org/debug cache-hit
561 silly fetch manifest @eslint/object-schema@^2.1.7
562 silly packumentCache full:https://registry.npmjs.org/@eslint%2fobject-schema cache-miss
563 silly fetch manifest @types/json-schema@^7.0.15
564 silly packumentCache full:https://registry.npmjs.org/@types%2fjson-schema cache-miss
565 silly fetch manifest espree@^10.0.1
566 silly packumentCache full:https://registry.npmjs.org/espree cache-hit
567 silly fetch manifest globals@^14.0.0
568 silly packumentCache full:https://registry.npmjs.org/globals cache-hit
569 silly fetch manifest import-fresh@^3.2.1
570 silly packumentCache full:https://registry.npmjs.org/import-fresh cache-miss
571 silly fetch manifest js-yaml@^4.1.1
572 silly packumentCache full:https://registry.npmjs.org/js-yaml cache-miss
573 silly fetch manifest strip-json-comments@^3.1.1
574 silly packumentCache full:https://registry.npmjs.org/strip-json-comments cache-miss
575 silly fetch manifest levn@^0.4.1
576 silly packumentCache full:https://registry.npmjs.org/levn cache-miss
577 silly fetch manifest @humanwhocodes/retry@^0.4.0
578 silly packumentCache full:https://registry.npmjs.org/@humanwhocodes%2fretry cache-hit
579 silly fetch manifest @humanfs/core@^0.19.2
580 silly packumentCache full:https://registry.npmjs.org/@humanfs%2fcore cache-miss
581 http fetch GET 200 https://registry.npmjs.org/js-yaml 108ms (cache revalidated)
582 silly packumentCache full:https://registry.npmjs.org/js-yaml set size:152232 disposed:false
583 silly fetch manifest @humanfs/types@^0.15.0
584 silly packumentCache full:https://registry.npmjs.org/@humanfs%2ftypes cache-miss
585 http fetch GET 200 https://registry.npmjs.org/@types%2fjson-schema 121ms (cache revalidated)
586 silly packumentCache full:https://registry.npmjs.org/@types%2fjson-schema set size:44704 disposed:false
587 silly fetch manifest uri-js@^4.2.2
588 silly packumentCache full:https://registry.npmjs.org/uri-js cache-miss
589 http fetch GET 200 https://registry.npmjs.org/import-fresh 126ms (cache revalidated)
590 silly packumentCache full:https://registry.npmjs.org/import-fresh set size:24604 disposed:false
591 silly fetch manifest fast-deep-equal@^3.1.1
592 silly packumentCache full:https://registry.npmjs.org/fast-deep-equal cache-hit
593 silly fetch manifest json-schema-traverse@^0.4.1
594 silly packumentCache full:https://registry.npmjs.org/json-schema-traverse cache-miss
595 http fetch GET 200 https://registry.npmjs.org/strip-json-comments 131ms (cache revalidated)
596 silly packumentCache full:https://registry.npmjs.org/strip-json-comments set size:43569 disposed:false
597 silly fetch manifest fast-json-stable-stringify@^2.0.0
598 silly packumentCache full:https://registry.npmjs.org/fast-json-stable-stringify cache-miss
599 http fetch GET 200 https://registry.npmjs.org/@eslint%2fobject-schema 144ms (cache revalidated)
600 silly packumentCache full:https://registry.npmjs.org/@eslint%2fobject-schema set size:38535 disposed:false
601 silly fetch manifest ansi-styles@^4.1.0
602 silly packumentCache full:https://registry.npmjs.org/ansi-styles cache-miss
603 http fetch GET 200 https://registry.npmjs.org/levn 147ms (cache revalidated)
604 silly packumentCache full:https://registry.npmjs.org/levn set size:28223 disposed:false
605 silly fetch manifest supports-color@^7.1.0
606 silly packumentCache full:https://registry.npmjs.org/supports-color cache-miss
607 http fetch GET 200 https://registry.npmjs.org/@humanfs%2fcore 148ms (cache revalidated)
608 silly packumentCache full:https://registry.npmjs.org/@humanfs%2fcore set size:37261 disposed:false
609 silly fetch manifest which@^2.0.1
610 silly packumentCache full:https://registry.npmjs.org/which cache-miss
611 http fetch GET 200 https://registry.npmjs.org/uri-js 117ms (cache revalidated)
612 silly packumentCache full:https://registry.npmjs.org/uri-js set size:42559 disposed:false
613 silly fetch manifest path-key@^3.1.0
614 silly packumentCache full:https://registry.npmjs.org/path-key cache-miss
615 http fetch GET 200 https://registry.npmjs.org/fast-json-stable-stringify 119ms (cache revalidated)
616 silly packumentCache full:https://registry.npmjs.org/fast-json-stable-stringify set size:11337 disposed:false
617 silly fetch manifest shebang-command@^2.0.0
618 silly packumentCache full:https://registry.npmjs.org/shebang-command cache-miss
619 http fetch GET 200 https://registry.npmjs.org/ansi-styles 115ms (cache revalidated)
620 silly packumentCache full:https://registry.npmjs.org/ansi-styles set size:63233 disposed:false
621 silly fetch manifest ms@^2.1.3
622 silly packumentCache full:https://registry.npmjs.org/ms cache-miss
623 http fetch GET 200 https://registry.npmjs.org/which 107ms (cache revalidated)
624 silly packumentCache full:https://registry.npmjs.org/which set size:67698 disposed:false
625 silly fetch manifest esrecurse@^4.3.0
626 silly packumentCache full:https://registry.npmjs.org/esrecurse cache-miss
627 http fetch GET 200 https://registry.npmjs.org/@humanfs%2ftypes 152ms (cache revalidated)
628 silly packumentCache full:https://registry.npmjs.org/@humanfs%2ftypes set size:19212 disposed:false
629 silly fetch manifest estraverse@^5.2.0
630 silly packumentCache full:https://registry.npmjs.org/estraverse cache-miss
631 http fetch GET 200 https://registry.npmjs.org/supports-color 119ms (cache revalidated)
632 silly packumentCache full:https://registry.npmjs.org/supports-color set size:118680 disposed:false
633 silly fetch manifest acorn@^8.15.0
634 silly packumentCache full:https://registry.npmjs.org/acorn cache-miss
635 http fetch GET 200 https://registry.npmjs.org/json-schema-traverse 151ms (cache revalidated)
636 silly packumentCache full:https://registry.npmjs.org/json-schema-traverse set size:23537 disposed:false
637 silly fetch manifest acorn-jsx@^5.3.2
638 silly packumentCache full:https://registry.npmjs.org/acorn-jsx cache-miss
639 http fetch GET 200 https://registry.npmjs.org/path-key 233ms (cache revalidated)
640 silly packumentCache full:https://registry.npmjs.org/path-key set size:16975 disposed:false
641 silly fetch manifest estraverse@^5.1.0
642 silly packumentCache full:https://registry.npmjs.org/estraverse cache-miss
643 http fetch GET 200 https://registry.npmjs.org/shebang-command 222ms (cache revalidated)
644 silly packumentCache full:https://registry.npmjs.org/shebang-command set size:8525 disposed:false
645 silly fetch manifest flat-cache@^4.0.0
646 silly packumentCache full:https://registry.npmjs.org/flat-cache cache-miss
647 http fetch GET 200 https://registry.npmjs.org/estraverse 213ms (cache revalidated)
648 silly packumentCache full:https://registry.npmjs.org/estraverse set size:62412 disposed:false
649 silly fetch manifest locate-path@^6.0.0
650 silly packumentCache full:https://registry.npmjs.org/locate-path cache-miss
651 http fetch GET 200 https://registry.npmjs.org/esrecurse 220ms (cache revalidated)
652 silly packumentCache full:https://registry.npmjs.org/esrecurse set size:29005 disposed:false
653 silly fetch manifest is-glob@^4.0.3
654 silly packumentCache full:https://registry.npmjs.org/is-glob cache-hit
655 silly fetch manifest brace-expansion@^1.1.7
656 silly packumentCache full:https://registry.npmjs.org/brace-expansion cache-miss
657 http fetch GET 200 https://registry.npmjs.org/ms 230ms (cache revalidated)
658 silly packumentCache full:https://registry.npmjs.org/ms set size:92208 disposed:false
659 silly fetch manifest prelude-ls@^1.2.1
660 silly packumentCache full:https://registry.npmjs.org/prelude-ls cache-miss
661 http fetch GET 200 https://registry.npmjs.org/acorn 224ms (cache revalidated)
662 silly packumentCache full:https://registry.npmjs.org/acorn set size:379626 disposed:false
663 silly fetch manifest deep-is@^0.1.3
664 silly packumentCache full:https://registry.npmjs.org/deep-is cache-miss
665 http fetch GET 200 https://registry.npmjs.org/acorn-jsx 222ms (cache revalidated)
666 silly packumentCache full:https://registry.npmjs.org/acorn-jsx set size:71068 disposed:false
667 silly fetch manifest word-wrap@^1.2.5
668 silly packumentCache full:https://registry.npmjs.org/word-wrap cache-miss
669 http fetch GET 200 https://registry.npmjs.org/flat-cache 131ms (cache revalidated)
670 silly packumentCache full:https://registry.npmjs.org/flat-cache set size:169582 disposed:false
671 silly fetch manifest type-check@^0.4.0
672 silly packumentCache full:https://registry.npmjs.org/type-check cache-miss
673 http fetch GET 200 https://registry.npmjs.org/locate-path 134ms (cache revalidated)
674 silly packumentCache full:https://registry.npmjs.org/locate-path set size:31329 disposed:false
675 http fetch GET 200 https://registry.npmjs.org/brace-expansion 137ms (cache revalidated)
676 silly packumentCache full:https://registry.npmjs.org/brace-expansion set size:65768 disposed:false
677 http fetch GET 200 https://registry.npmjs.org/prelude-ls 140ms (cache revalidated)
678 silly packumentCache full:https://registry.npmjs.org/prelude-ls set size:25777 disposed:false
679 http fetch GET 200 https://registry.npmjs.org/word-wrap 127ms (cache revalidated)
680 silly packumentCache full:https://registry.npmjs.org/word-wrap set size:37835 disposed:false
681 http fetch GET 200 https://registry.npmjs.org/deep-is 133ms (cache revalidated)
682 silly packumentCache full:https://registry.npmjs.org/deep-is set size:10205 disposed:false
683 http fetch GET 200 https://registry.npmjs.org/estraverse 164ms (cache revalidated)
684 silly packumentCache full:https://registry.npmjs.org/estraverse set size:62412 disposed:false
685 silly packumentCache full:https://registry.npmjs.org/estraverse dispose
686 http fetch GET 200 https://registry.npmjs.org/type-check 113ms (cache revalidated)
687 silly packumentCache full:https://registry.npmjs.org/type-check set size:21221 disposed:false
688 silly placeDep node_modules/@eslint-community/eslint-utils eslint-visitor-keys@3.4.3 OK for: @eslint-community/eslint-utils@4.9.1 want: ^3.4.3
689 silly placeDep node_modules/@eslint/config-array @eslint/object-schema@2.1.7 OK for: @eslint/config-array@0.21.2 want: ^2.1.7
690 silly placeDep node_modules/@eslint/core @types/json-schema@7.0.15 OK for: @eslint/core@0.17.0 want: ^7.0.15
691 silly placeDep node_modules/@eslint/eslintrc globals@14.0.0 OK for: @eslint/eslintrc@3.3.5 want: ^14.0.0
692 silly placeDep node_modules/@eslint/eslintrc import-fresh@3.3.1 OK for: @eslint/eslintrc@3.3.5 want: ^3.2.1
693 silly placeDep node_modules/@eslint/eslintrc js-yaml@4.1.1 OK for: @eslint/eslintrc@3.3.5 want: ^4.1.1
694 silly placeDep node_modules/@eslint/eslintrc strip-json-comments@3.1.1 OK for: @eslint/eslintrc@3.3.5 want: ^3.1.1
695 silly fetch manifest argparse@^2.0.1
696 silly packumentCache full:https://registry.npmjs.org/argparse cache-miss
697 http fetch GET 200 https://registry.npmjs.org/argparse 88ms (cache revalidated)
698 silly packumentCache full:https://registry.npmjs.org/argparse set size:49266 disposed:false
699 silly placeDep node_modules/@eslint/plugin-kit levn@0.4.1 OK for: @eslint/plugin-kit@0.4.1 want: ^0.4.1
700 silly fetch manifest type-check@~0.4.0
701 silly packumentCache full:https://registry.npmjs.org/type-check cache-hit
702 silly placeDep node_modules/@humanfs/node @humanfs/core@0.19.2 OK for: @humanfs/node@0.16.8 want: ^0.19.2
703 silly placeDep node_modules/@humanfs/node @humanfs/types@0.15.0 OK for: @humanfs/node@0.16.8 want: ^0.15.0
704 silly placeDep node_modules/ajv fast-json-stable-stringify@2.1.0 OK for: ajv@6.15.0 want: ^2.0.0
705 silly placeDep node_modules/ajv json-schema-traverse@0.4.1 OK for: ajv@6.15.0 want: ^0.4.1
706 silly placeDep node_modules/ajv uri-js@4.4.1 OK for: ajv@6.15.0 want: ^4.2.2
707 silly placeDep node_modules/chalk ansi-styles@4.3.0 OK for: chalk@4.1.2 want: ^4.1.0
708 silly placeDep node_modules/chalk supports-color@7.2.0 OK for: chalk@4.1.2 want: ^7.1.0
709 silly fetch manifest color-convert@^2.0.1
710 silly packumentCache full:https://registry.npmjs.org/color-convert cache-miss
711 http fetch GET 200 https://registry.npmjs.org/color-convert 95ms (cache revalidated)
712 silly packumentCache full:https://registry.npmjs.org/color-convert set size:72663 disposed:false
713 silly placeDep node_modules/cross-spawn path-key@3.1.1 OK for: cross-spawn@7.0.6 want: ^3.1.0
714 silly placeDep node_modules/cross-spawn shebang-command@2.0.0 OK for: cross-spawn@7.0.6 want: ^2.0.0
715 silly placeDep node_modules/cross-spawn which@2.0.2 OK for: cross-spawn@7.0.6 want: ^2.0.1
716 silly placeDep node_modules/debug ms@2.1.3 OK for: debug@4.4.3 want: ^2.1.3
717 silly fetch manifest eslint@>=9.0.0
718 silly packumentCache full:https://registry.npmjs.org/eslint cache-miss
719 http fetch GET 200 https://registry.npmjs.org/eslint 99ms (cache revalidated)
720 silly packumentCache full:https://registry.npmjs.org/eslint set size:1983515 disposed:false
721 silly fetch manifest typescript@>=3.3.1
722 silly packumentCache full:https://registry.npmjs.org/typescript cache-miss
723 http fetch GET 200 https://registry.npmjs.org/typescript 180ms (cache revalidated)
724 silly packumentCache full:https://registry.npmjs.org/typescript set size:15409943 disposed:false
725 silly fetch manifest eslint@^3 || ^4 || ^5 || ^6 || ^7 || ^8 || ^9.7
726 silly packumentCache full:https://registry.npmjs.org/eslint cache-miss
727 http fetch GET 200 https://registry.npmjs.org/eslint 111ms (cache revalidated)
728 silly packumentCache full:https://registry.npmjs.org/eslint set size:1983515 disposed:false
729 silly fetch manifest eslint@^2 || ^3 || ^4 || ^5 || ^6 || ^7.2.0 || ^8 || ^9
730 silly packumentCache full:https://registry.npmjs.org/eslint cache-miss
731 http fetch GET 200 https://registry.npmjs.org/eslint 104ms (cache revalidated)
732 silly packumentCache full:https://registry.npmjs.org/eslint set size:1983515 disposed:false
733 silly fetch manifest eslint@^3 || ^4 || ^5 || ^6 || ^7 || ^8 || ^9
734 silly packumentCache full:https://registry.npmjs.org/eslint cache-miss
735 http fetch GET 200 https://registry.npmjs.org/eslint 95ms (cache revalidated)
736 silly packumentCache full:https://registry.npmjs.org/eslint set size:1983515 disposed:false
737 silly fetch manifest eslint-plugin-import-x@*
738 silly packumentCache full:https://registry.npmjs.org/eslint-plugin-import-x cache-miss
739 http fetch GET 200 https://registry.npmjs.org/eslint-plugin-import-x 98ms (cache revalidated)
740 silly packumentCache full:https://registry.npmjs.org/eslint-plugin-import-x set size:270770 disposed:false
741 silly fetch manifest @typescript-eslint/utils@^8.56.0
742 silly packumentCache full:https://registry.npmjs.org/@typescript-eslint%2futils cache-miss
743 http fetch GET 200 https://registry.npmjs.org/@typescript-eslint%2futils 140ms (cache revalidated)
744 silly packumentCache full:https://registry.npmjs.org/@typescript-eslint%2futils set size:10049998 disposed:false
745 silly placeDep ROOT @next/eslint-plugin-next@16.2.4 OK for: eslint-config-next@16.2.4 want: 16.2.4
746 silly placeDep ROOT eslint-import-resolver-node@0.3.10 OK for: eslint-config-next@16.2.4 want: ^0.3.6
747 silly placeDep node_modules/eslint-config-next eslint-import-resolver-typescript@3.10.1 OK for: eslint-config-next@16.2.4 want: ^3.5.2
748 silly placeDep ROOT eslint-plugin-import@2.32.0 OK for: eslint-config-next@16.2.4 want: ^2.32.0
749 silly placeDep ROOT eslint-plugin-jsx-a11y@6.10.2 OK for: eslint-config-next@16.2.4 want: ^6.10.0
750 silly placeDep ROOT eslint-plugin-react@7.37.5 OK for: eslint-config-next@16.2.4 want: ^7.37.0
751 silly placeDep ROOT eslint-plugin-react-hooks@7.1.1 OK for: eslint-config-next@16.2.4 want: ^7.0.0
752 silly placeDep node_modules/eslint-config-next globals@16.4.0 OK for: eslint-config-next@16.2.4 want: 16.4.0
753 silly placeDep ROOT typescript-eslint@8.59.1 OK for: eslint-config-next@16.2.4 want: ^8.46.0
754 silly fetch manifest fast-glob@3.3.1
755 silly packumentCache full:https://registry.npmjs.org/fast-glob cache-miss
756 silly fetch manifest debug@^3.2.7
757 silly packumentCache full:https://registry.npmjs.org/debug cache-hit
758 silly fetch manifest is-core-module@^2.16.1
759 silly packumentCache full:https://registry.npmjs.org/is-core-module cache-miss
760 silly fetch manifest resolve@^2.0.0-next.6
761 silly packumentCache full:https://registry.npmjs.org/resolve cache-miss
762 silly fetch manifest tinyglobby@^0.2.13
763 silly packumentCache full:https://registry.npmjs.org/tinyglobby cache-miss
764 silly fetch manifest stable-hash@^0.0.5
765 silly packumentCache full:https://registry.npmjs.org/stable-hash cache-miss
766 silly fetch manifest get-tsconfig@^4.10.0
767 silly packumentCache full:https://registry.npmjs.org/get-tsconfig cache-miss
768 silly fetch manifest is-bun-module@^2.0.0
769 silly packumentCache full:https://registry.npmjs.org/is-bun-module cache-miss
770 http fetch GET 200 https://registry.npmjs.org/is-core-module 122ms (cache revalidated)
771 silly packumentCache full:https://registry.npmjs.org/is-core-module set size:71788 disposed:false
772 silly fetch manifest unrs-resolver@^1.6.2
773 silly packumentCache full:https://registry.npmjs.org/unrs-resolver cache-miss
774 http fetch GET 200 https://registry.npmjs.org/tinyglobby 126ms (cache revalidated)
775 silly packumentCache full:https://registry.npmjs.org/tinyglobby set size:52660 disposed:false
776 silly fetch manifest @nolyfill/is-core-module@1.0.39
777 silly packumentCache full:https://registry.npmjs.org/@nolyfill%2fis-core-module cache-miss
778 http fetch GET 200 https://registry.npmjs.org/stable-hash 131ms (cache revalidated)
779 silly packumentCache full:https://registry.npmjs.org/stable-hash set size:18359 disposed:false
780 silly fetch manifest @rtsao/scc@^1.1.0
781 silly packumentCache full:https://registry.npmjs.org/@rtsao%2fscc cache-miss
782 http fetch GET 200 https://registry.npmjs.org/fast-glob 137ms (cache revalidated)
783 silly packumentCache full:https://registry.npmjs.org/fast-glob set size:220556 disposed:false
784 silly fetch manifest array-includes@^3.1.9
785 silly packumentCache full:https://registry.npmjs.org/array-includes cache-miss
786 http fetch GET 200 https://registry.npmjs.org/get-tsconfig 145ms (cache revalidated)
787 silly packumentCache full:https://registry.npmjs.org/get-tsconfig set size:125877 disposed:false
788 silly fetch manifest array.prototype.findlastindex@^1.2.6
789 silly packumentCache full:https://registry.npmjs.org/array.prototype.findlastindex cache-miss
790 http fetch GET 200 https://registry.npmjs.org/resolve 151ms (cache revalidated)
791 silly packumentCache full:https://registry.npmjs.org/resolve set size:252941 disposed:false
792 silly fetch manifest array.prototype.flat@^1.3.3
793 silly packumentCache full:https://registry.npmjs.org/array.prototype.flat cache-miss
794 http fetch GET 200 https://registry.npmjs.org/is-bun-module 161ms (cache revalidated)
795 silly packumentCache full:https://registry.npmjs.org/is-bun-module set size:19768 disposed:false
796 silly fetch manifest array.prototype.flatmap@^1.3.3
797 silly packumentCache full:https://registry.npmjs.org/array.prototype.flatmap cache-miss
798 http fetch GET 200 https://registry.npmjs.org/unrs-resolver 134ms (cache revalidated)
799 silly packumentCache full:https://registry.npmjs.org/unrs-resolver set size:142730 disposed:false
800 silly fetch manifest doctrine@^2.1.0
801 silly packumentCache full:https://registry.npmjs.org/doctrine cache-miss
802 http fetch GET 200 https://registry.npmjs.org/array.prototype.findlastindex 117ms (cache revalidated)
803 silly packumentCache full:https://registry.npmjs.org/array.prototype.findlastindex set size:44828 disposed:false
804 silly fetch manifest eslint-module-utils@^2.12.1
805 silly packumentCache full:https://registry.npmjs.org/eslint-module-utils cache-miss
806 http fetch GET 200 https://registry.npmjs.org/@rtsao%2fscc 146ms (cache revalidated)
807 silly packumentCache full:https://registry.npmjs.org/@rtsao%2fscc set size:6332 disposed:false
808 silly fetch manifest hasown@^2.0.2
809 silly packumentCache full:https://registry.npmjs.org/hasown cache-miss
810 http fetch GET 200 https://registry.npmjs.org/array.prototype.flatmap 115ms (cache revalidated)
811 silly packumentCache full:https://registry.npmjs.org/array.prototype.flatmap set size:51458 disposed:false
812 silly fetch manifest object.fromentries@^2.0.8
813 silly packumentCache full:https://registry.npmjs.org/object.fromentries cache-miss
814 http fetch GET 200 https://registry.npmjs.org/array.prototype.flat 127ms (cache revalidated)
815 silly packumentCache full:https://registry.npmjs.org/array.prototype.flat set size:38327 disposed:false
816 silly fetch manifest object.groupby@^1.0.3
817 silly packumentCache full:https://registry.npmjs.org/object.groupby cache-miss
818 http fetch GET 200 https://registry.npmjs.org/array-includes 153ms (cache revalidated)
819 silly packumentCache full:https://registry.npmjs.org/array-includes set size:77143 disposed:false
820 silly fetch manifest object.values@^1.2.1
821 silly packumentCache full:https://registry.npmjs.org/object.values cache-miss
822 http fetch GET 200 https://registry.npmjs.org/@nolyfill%2fis-core-module 169ms (cache revalidated)
823 silly packumentCache full:https://registry.npmjs.org/@nolyfill%2fis-core-module set size:10461 disposed:false
824 silly fetch manifest semver@^6.3.1
825 silly packumentCache full:https://registry.npmjs.org/semver cache-miss
826 http fetch GET 200 https://registry.npmjs.org/doctrine 109ms (cache revalidated)
827 silly packumentCache full:https://registry.npmjs.org/doctrine set size:64052 disposed:false
828 silly fetch manifest string.prototype.trimend@^1.0.9
829 silly packumentCache full:https://registry.npmjs.org/string.prototype.trimend cache-miss
830 http fetch GET 200 https://registry.npmjs.org/eslint-module-utils 114ms (cache revalidated)
831 silly packumentCache full:https://registry.npmjs.org/eslint-module-utils set size:77496 disposed:false
832 silly fetch manifest tsconfig-paths@^3.15.0
833 silly packumentCache full:https://registry.npmjs.org/tsconfig-paths cache-miss
834 http fetch GET 200 https://registry.npmjs.org/hasown 109ms (cache revalidated)
835 silly packumentCache full:https://registry.npmjs.org/hasown set size:15429 disposed:false
836 silly fetch manifest aria-query@^5.3.2
837 silly packumentCache full:https://registry.npmjs.org/aria-query cache-miss
838 http fetch GET 200 https://registry.npmjs.org/object.groupby 113ms (cache revalidated)
839 silly packumentCache full:https://registry.npmjs.org/object.groupby set size:15504 disposed:false
840 silly fetch manifest array-includes@^3.1.8
841 silly packumentCache full:https://registry.npmjs.org/array-includes cache-hit
842 silly fetch manifest array.prototype.flatmap@^1.3.2
843 silly packumentCache full:https://registry.npmjs.org/array.prototype.flatmap cache-hit
844 silly fetch manifest ast-types-flow@^0.0.8
845 silly packumentCache full:https://registry.npmjs.org/ast-types-flow cache-miss
846 http fetch GET 200 https://registry.npmjs.org/object.values 110ms (cache revalidated)
847 silly packumentCache full:https://registry.npmjs.org/object.values set size:49009 disposed:false
848 silly fetch manifest axe-core@^4.10.0
849 silly packumentCache full:https://registry.npmjs.org/axe-core cache-miss
850 http fetch GET 200 https://registry.npmjs.org/semver 108ms (cache revalidated)
851 silly packumentCache full:https://registry.npmjs.org/semver set size:229571 disposed:false
852 silly fetch manifest axobject-query@^4.1.0
853 silly packumentCache full:https://registry.npmjs.org/axobject-query cache-miss
854 http fetch GET 200 https://registry.npmjs.org/object.fromentries 136ms (cache revalidated)
855 silly packumentCache full:https://registry.npmjs.org/object.fromentries set size:37686 disposed:false
856 silly fetch manifest damerau-levenshtein@^1.0.8
857 silly packumentCache full:https://registry.npmjs.org/damerau-levenshtein cache-miss
858 http fetch GET 200 https://registry.npmjs.org/string.prototype.trimend 87ms (cache revalidated)
859 silly packumentCache full:https://registry.npmjs.org/string.prototype.trimend set size:41090 disposed:false
860 silly fetch manifest emoji-regex@^9.2.2
861 silly packumentCache full:https://registry.npmjs.org/emoji-regex cache-miss
862 http fetch GET 200 https://registry.npmjs.org/tsconfig-paths 95ms (cache revalidated)
863 silly packumentCache full:https://registry.npmjs.org/tsconfig-paths set size:192565 disposed:false
864 silly fetch manifest jsx-ast-utils@^3.3.5
865 silly packumentCache full:https://registry.npmjs.org/jsx-ast-utils cache-miss
866 http fetch GET 200 https://registry.npmjs.org/aria-query 111ms (cache revalidated)
867 silly packumentCache full:https://registry.npmjs.org/aria-query set size:98864 disposed:false
868 silly fetch manifest language-tags@^1.0.9
869 silly packumentCache full:https://registry.npmjs.org/language-tags cache-miss
870 http fetch GET 200 https://registry.npmjs.org/ast-types-flow 103ms (cache revalidated)
871 silly packumentCache full:https://registry.npmjs.org/ast-types-flow set size:15144 disposed:false
872 silly fetch manifest safe-regex-test@^1.0.3
873 silly packumentCache full:https://registry.npmjs.org/safe-regex-test cache-miss
874 http fetch GET 200 https://registry.npmjs.org/axobject-query 108ms (cache revalidated)
875 silly packumentCache full:https://registry.npmjs.org/axobject-query set size:75032 disposed:false
876 silly fetch manifest string.prototype.includes@^2.0.1
877 silly packumentCache full:https://registry.npmjs.org/string.prototype.includes cache-miss
878 http fetch GET 200 https://registry.npmjs.org/axe-core 145ms (cache revalidated)
879 silly packumentCache full:https://registry.npmjs.org/axe-core set size:9294346 disposed:false
880 silly fetch manifest array.prototype.findlast@^1.2.5
881 silly packumentCache full:https://registry.npmjs.org/array.prototype.findlast cache-miss
882 http fetch GET 200 https://registry.npmjs.org/damerau-levenshtein 268ms (cache revalidated)
883 silly packumentCache full:https://registry.npmjs.org/damerau-levenshtein set size:23390 disposed:false
884 silly fetch manifest array.prototype.tosorted@^1.1.4
885 silly packumentCache full:https://registry.npmjs.org/array.prototype.tosorted cache-miss
886 http fetch GET 200 https://registry.npmjs.org/emoji-regex 236ms (cache revalidated)
887 silly packumentCache full:https://registry.npmjs.org/emoji-regex set size:89064 disposed:false
888 silly fetch manifest es-iterator-helpers@^1.2.1
889 silly packumentCache full:https://registry.npmjs.org/es-iterator-helpers cache-miss
890 http fetch GET 200 https://registry.npmjs.org/language-tags 200ms (cache revalidated)
891 silly packumentCache full:https://registry.npmjs.org/language-tags set size:38675 disposed:false
892 silly fetch manifest estraverse@^5.3.0
893 silly packumentCache full:https://registry.npmjs.org/estraverse cache-hit
894 silly fetch manifest jsx-ast-utils@^2.4.1 || ^3.0.0
895 silly packumentCache full:https://registry.npmjs.org/jsx-ast-utils cache-miss
896 http fetch GET 200 https://registry.npmjs.org/safe-regex-test 197ms (cache revalidated)
897 silly packumentCache full:https://registry.npmjs.org/safe-regex-test set size:17412 disposed:false
898 silly fetch manifest object.entries@^1.1.9
899 silly packumentCache full:https://registry.npmjs.org/object.entries cache-miss
900 http fetch GET 200 https://registry.npmjs.org/jsx-ast-utils 231ms (cache revalidated)
901 silly packumentCache full:https://registry.npmjs.org/jsx-ast-utils set size:115998 disposed:false
902 silly fetch manifest prop-types@^15.8.1
903 silly packumentCache full:https://registry.npmjs.org/prop-types cache-miss
904 http fetch GET 200 https://registry.npmjs.org/array.prototype.findlast 143ms (cache revalidated)
905 silly packumentCache full:https://registry.npmjs.org/array.prototype.findlast set size:40323 disposed:false
906 silly fetch manifest resolve@^2.0.0-next.5
907 silly packumentCache full:https://registry.npmjs.org/resolve cache-hit
908 silly fetch manifest string.prototype.matchall@^4.0.12
909 silly packumentCache full:https://registry.npmjs.org/string.prototype.matchall cache-miss
910 http fetch GET 200 https://registry.npmjs.org/string.prototype.includes 296ms (cache revalidated)
911 silly packumentCache full:https://registry.npmjs.org/string.prototype.includes set size:10217 disposed:false
912 silly fetch manifest string.prototype.repeat@^1.0.0
913 silly packumentCache full:https://registry.npmjs.org/string.prototype.repeat cache-miss
914 http fetch GET 200 https://registry.npmjs.org/jsx-ast-utils 117ms (cache revalidated)
915 silly packumentCache full:https://registry.npmjs.org/jsx-ast-utils set size:115998 disposed:false
916 silly packumentCache full:https://registry.npmjs.org/jsx-ast-utils dispose
917 silly fetch manifest zod@^3.25.0 || ^4.0.0
918 silly packumentCache full:https://registry.npmjs.org/zod cache-miss
919 http fetch GET 200 https://registry.npmjs.org/object.entries 118ms (cache revalidated)
920 silly packumentCache full:https://registry.npmjs.org/object.entries set size:50037 disposed:false
921 silly fetch manifest @babel/core@^7.24.4
922 silly packumentCache full:https://registry.npmjs.org/@babel%2fcore cache-miss
923 http fetch GET 200 https://registry.npmjs.org/array.prototype.tosorted 146ms (cache revalidated)
924 silly packumentCache full:https://registry.npmjs.org/array.prototype.tosorted set size:24661 disposed:false
925 silly fetch manifest @babel/parser@^7.24.4
926 silly packumentCache full:https://registry.npmjs.org/@babel%2fparser cache-miss
927 http fetch GET 200 https://registry.npmjs.org/prop-types 125ms (cache revalidated)
928 silly packumentCache full:https://registry.npmjs.org/prop-types set size:76747 disposed:false
929 silly fetch manifest hermes-parser@^0.25.1
930 silly packumentCache full:https://registry.npmjs.org/hermes-parser cache-miss
931 http fetch GET 200 https://registry.npmjs.org/es-iterator-helpers 168ms (cache revalidated)
932 silly packumentCache full:https://registry.npmjs.org/es-iterator-helpers set size:258484 disposed:false
933 silly fetch manifest zod-validation-error@^3.5.0 || ^4.0.0
934 silly packumentCache full:https://registry.npmjs.org/zod-validation-error cache-miss
935 http fetch GET 200 https://registry.npmjs.org/string.prototype.matchall 113ms (cache revalidated)
936 silly packumentCache full:https://registry.npmjs.org/string.prototype.matchall set size:63239 disposed:false
937 silly fetch manifest @typescript-eslint/utils@8.59.1
938 silly packumentCache full:https://registry.npmjs.org/@typescript-eslint%2futils cache-miss
939 http fetch GET 200 https://registry.npmjs.org/string.prototype.repeat 124ms (cache revalidated)
940 silly packumentCache full:https://registry.npmjs.org/string.prototype.repeat set size:8608 disposed:false
941 silly fetch manifest @typescript-eslint/parser@8.59.1
942 silly packumentCache full:https://registry.npmjs.org/@typescript-eslint%2fparser cache-miss
943 http fetch GET 200 https://registry.npmjs.org/zod 133ms (cache revalidated)
944 silly packumentCache full:https://registry.npmjs.org/zod set size:3489329 disposed:false
945 silly fetch manifest @typescript-eslint/eslint-plugin@8.59.1
946 silly packumentCache full:https://registry.npmjs.org/@typescript-eslint%2feslint-plugin cache-miss
947 http fetch GET 200 https://registry.npmjs.org/hermes-parser 176ms (cache revalidated)
948 silly packumentCache full:https://registry.npmjs.org/hermes-parser set size:167528 disposed:false
949 silly fetch manifest @typescript-eslint/typescript-estree@8.59.1
950 silly packumentCache full:https://registry.npmjs.org/@typescript-eslint%2ftypescript-estree cache-miss
951 http fetch GET 200 https://registry.npmjs.org/@babel%2fcore 205ms (cache revalidated)
952 silly packumentCache full:https://registry.npmjs.org/@babel%2fcore set size:760113 disposed:false
953 http fetch GET 200 https://registry.npmjs.org/zod-validation-error 196ms (cache revalidated)
954 silly packumentCache full:https://registry.npmjs.org/zod-validation-error set size:178465 disposed:false
955 http fetch GET 200 https://registry.npmjs.org/@babel%2fparser 241ms (cache revalidated)
956 silly packumentCache full:https://registry.npmjs.org/@babel%2fparser set size:718758 disposed:false
957 http fetch GET 200 https://registry.npmjs.org/@typescript-eslint%2futils 267ms (cache revalidated)
958 silly packumentCache full:https://registry.npmjs.org/@typescript-eslint%2futils set size:10049998 disposed:false
959 http fetch GET 200 https://registry.npmjs.org/@typescript-eslint%2fparser 456ms (cache revalidated)
960 silly packumentCache full:https://registry.npmjs.org/@typescript-eslint%2fparser set size:15103556 disposed:false
961 http fetch GET 200 https://registry.npmjs.org/@typescript-eslint%2ftypescript-estree 612ms (cache revalidated)
962 silly packumentCache full:https://registry.npmjs.org/@typescript-eslint%2ftypescript-estree set size:16295421 disposed:false
963 http fetch GET 200 https://registry.npmjs.org/@typescript-eslint%2feslint-plugin 948ms (cache revalidated)
964 silly packumentCache full:https://registry.npmjs.org/@typescript-eslint%2feslint-plugin set size:17813095 disposed:false
965 silly placeDep node_modules/@next/eslint-plugin-next fast-glob@3.3.1 OK for: @next/eslint-plugin-next@16.2.4 want: 3.3.1
966 silly fetch manifest merge2@^1.3.0
967 silly packumentCache full:https://registry.npmjs.org/merge2 cache-miss
968 silly fetch manifest micromatch@^4.0.4
969 silly packumentCache full:https://registry.npmjs.org/micromatch cache-miss
970 silly fetch manifest glob-parent@^5.1.2
971 silly packumentCache full:https://registry.npmjs.org/glob-parent cache-hit
972 silly fetch manifest @nodelib/fs.stat@^2.0.2
973 silly packumentCache full:https://registry.npmjs.org/@nodelib%2ffs.stat cache-miss
974 silly fetch manifest @nodelib/fs.walk@^1.2.3
975 silly packumentCache full:https://registry.npmjs.org/@nodelib%2ffs.walk cache-miss
976 http fetch GET 200 https://registry.npmjs.org/merge2 106ms (cache revalidated)
977 silly packumentCache full:https://registry.npmjs.org/merge2 set size:46159 disposed:false
978 http fetch GET 200 https://registry.npmjs.org/micromatch 118ms (cache revalidated)
979 silly packumentCache full:https://registry.npmjs.org/micromatch set size:240630 disposed:false
980 http fetch GET 200 https://registry.npmjs.org/@nodelib%2ffs.walk 130ms (cache revalidated)
981 silly packumentCache full:https://registry.npmjs.org/@nodelib%2ffs.walk set size:41589 disposed:false
982 http fetch GET 200 https://registry.npmjs.org/@nodelib%2ffs.stat 136ms (cache revalidated)
983 silly packumentCache full:https://registry.npmjs.org/@nodelib%2ffs.stat set size:36993 disposed:false
984 silly placeDep node_modules/eslint-import-resolver-node debug@3.2.7 OK for: eslint-import-resolver-node@0.3.10 want: ^3.2.7
985 silly placeDep node_modules/eslint-import-resolver-node is-core-module@2.16.1 OK for: eslint-import-resolver-node@0.3.10 want: ^2.16.1
986 silly placeDep node_modules/eslint-import-resolver-node resolve@2.0.0-next.6 OK for: eslint-import-resolver-node@0.3.10 want: ^2.0.0-next.6
987 silly fetch manifest ms@^2.1.1
988 silly packumentCache full:https://registry.npmjs.org/ms cache-hit
989 silly fetch manifest es-errors@^1.3.0
990 silly packumentCache full:https://registry.npmjs.org/es-errors cache-miss
991 silly fetch manifest object-keys@^1.1.1
992 silly packumentCache full:https://registry.npmjs.org/object-keys cache-miss
993 silly fetch manifest node-exports-info@^1.6.0
994 silly packumentCache full:https://registry.npmjs.org/node-exports-info cache-miss
995 silly fetch manifest supports-preserve-symlinks-flag@^1.0.0
996 silly packumentCache full:https://registry.npmjs.org/supports-preserve-symlinks-flag cache-miss
997 http fetch GET 200 https://registry.npmjs.org/node-exports-info 100ms (cache revalidated)
998 silly packumentCache full:https://registry.npmjs.org/node-exports-info set size:58723 disposed:false
999 http fetch GET 200 https://registry.npmjs.org/es-errors 109ms (cache revalidated)
1000 silly packumentCache full:https://registry.npmjs.org/es-errors set size:16918 disposed:false
1001 http fetch GET 200 https://registry.npmjs.org/supports-preserve-symlinks-flag 108ms (cache revalidated)
1002 silly packumentCache full:https://registry.npmjs.org/supports-preserve-symlinks-flag set size:6802 disposed:false
1003 http fetch GET 200 https://registry.npmjs.org/object-keys 116ms (cache revalidated)
1004 silly packumentCache full:https://registry.npmjs.org/object-keys set size:67744 disposed:false
1005 silly placeDep node_modules/eslint-plugin-import @rtsao/scc@1.1.0 OK for: eslint-plugin-import@2.32.0 want: ^1.1.0
1006 silly placeDep node_modules/eslint-plugin-import array-includes@3.1.9 OK for: eslint-plugin-import@2.32.0 want: ^3.1.9
1007 silly placeDep node_modules/eslint-plugin-import array.prototype.findlastindex@1.2.6 OK for: eslint-plugin-import@2.32.0 want: ^1.2.6
1008 silly placeDep node_modules/eslint-plugin-import array.prototype.flat@1.3.3 OK for: eslint-plugin-import@2.32.0 want: ^1.3.3
1009 silly placeDep node_modules/eslint-plugin-import array.prototype.flatmap@1.3.3 OK for: eslint-plugin-import@2.32.0 want: ^1.3.3
1010 silly placeDep node_modules/eslint-plugin-import debug@3.2.7 OK for: eslint-plugin-import@2.32.0 want: ^3.2.7
1011 silly placeDep node_modules/eslint-plugin-import doctrine@2.1.0 OK for: eslint-plugin-import@2.32.0 want: ^2.1.0
1012 silly placeDep node_modules/eslint-plugin-import eslint-module-utils@2.12.1 OK for: eslint-plugin-import@2.32.0 want: ^2.12.1
1013 silly placeDep node_modules/eslint-plugin-import hasown@2.0.3 OK for: eslint-plugin-import@2.32.0 want: ^2.0.2
1014 silly placeDep node_modules/eslint-plugin-import is-core-module@2.16.1 OK for: eslint-plugin-import@2.32.0 want: ^2.16.1
1015 silly placeDep node_modules/eslint-plugin-import object.fromentries@2.0.8 OK for: eslint-plugin-import@2.32.0 want: ^2.0.8
1016 silly placeDep node_modules/eslint-plugin-import object.groupby@1.0.3 OK for: eslint-plugin-import@2.32.0 want: ^1.0.3
1017 silly placeDep node_modules/eslint-plugin-import object.values@1.2.1 OK for: eslint-plugin-import@2.32.0 want: ^1.2.1
1018 silly placeDep node_modules/eslint-plugin-import semver@6.3.1 OK for: eslint-plugin-import@2.32.0 want: ^6.3.1
1019 silly placeDep node_modules/eslint-plugin-import string.prototype.trimend@1.0.9 OK for: eslint-plugin-import@2.32.0 want: ^1.0.9
1020 silly placeDep node_modules/eslint-plugin-import tsconfig-paths@3.15.0 OK for: eslint-plugin-import@2.32.0 want: ^3.15.0
1021 silly fetch manifest call-bind@^1.0.8
1022 silly packumentCache full:https://registry.npmjs.org/call-bind cache-miss
1023 silly fetch manifest call-bound@^1.0.4
1024 silly packumentCache full:https://registry.npmjs.org/call-bound cache-miss
1025 silly fetch manifest define-properties@^1.2.1
1026 silly packumentCache full:https://registry.npmjs.org/define-properties cache-miss
1027 silly fetch manifest es-abstract@^1.24.0
1028 silly packumentCache full:https://registry.npmjs.org/es-abstract cache-miss
1029 silly fetch manifest es-object-atoms@^1.1.1
1030 silly packumentCache full:https://registry.npmjs.org/es-object-atoms cache-miss
1031 silly fetch manifest get-intrinsic@^1.3.0
1032 silly packumentCache full:https://registry.npmjs.org/get-intrinsic cache-miss
1033 silly fetch manifest is-string@^1.1.1
1034 silly packumentCache full:https://registry.npmjs.org/is-string cache-miss
1035 http fetch GET 200 https://registry.npmjs.org/es-abstract 240ms (cache revalidated)
1036 silly packumentCache full:https://registry.npmjs.org/es-abstract set size:384124 disposed:false
1037 silly fetch manifest math-intrinsics@^1.1.0
1038 silly packumentCache full:https://registry.npmjs.org/math-intrinsics cache-miss
1039 http fetch GET 200 https://registry.npmjs.org/es-object-atoms 252ms (cache revalidated)
1040 silly packumentCache full:https://registry.npmjs.org/es-object-atoms set size:15304 disposed:false
1041 silly fetch manifest call-bind@^1.0.8
1042 silly packumentCache full:https://registry.npmjs.org/call-bind cache-miss
1043 http fetch GET 200 https://registry.npmjs.org/call-bind 261ms (cache revalidated)
1044 silly packumentCache full:https://registry.npmjs.org/call-bind set size:32985 disposed:false
1045 silly fetch manifest call-bound@^1.0.4
1046 silly packumentCache full:https://registry.npmjs.org/call-bound cache-miss
1047 http fetch GET 200 https://registry.npmjs.org/get-intrinsic 259ms (cache revalidated)
1048 silly packumentCache full:https://registry.npmjs.org/get-intrinsic set size:60985 disposed:false
1049 silly fetch manifest define-properties@^1.2.1
1050 silly packumentCache full:https://registry.npmjs.org/define-properties cache-miss
1051 http fetch GET 200 https://registry.npmjs.org/define-properties 272ms (cache revalidated)
1052 silly packumentCache full:https://registry.npmjs.org/define-properties set size:31491 disposed:false
1053 silly fetch manifest es-abstract@^1.23.9
1054 silly packumentCache full:https://registry.npmjs.org/es-abstract cache-hit
1055 silly fetch manifest es-shim-unscopables@^1.1.0
1056 silly packumentCache full:https://registry.npmjs.org/es-shim-unscopables cache-miss
1057 http fetch GET 200 https://registry.npmjs.org/call-bound 294ms (cache revalidated)
1058 silly packumentCache full:https://registry.npmjs.org/call-bound set size:15317 disposed:false
1059 silly fetch manifest es-abstract@^1.23.5
1060 silly packumentCache full:https://registry.npmjs.org/es-abstract cache-hit
1061 silly fetch manifest es-shim-unscopables@^1.0.2
1062 silly packumentCache full:https://registry.npmjs.org/es-shim-unscopables cache-miss
1063 http fetch GET 200 https://registry.npmjs.org/is-string 291ms (cache revalidated)
1064 silly packumentCache full:https://registry.npmjs.org/is-string set size:29636 disposed:false
1065 silly fetch manifest es-shim-unscopables@^1.0.2
1066 silly packumentCache full:https://registry.npmjs.org/es-shim-unscopables cache-miss
1067 http fetch GET 200 https://registry.npmjs.org/call-bind 160ms (cache revalidated)
1068 silly packumentCache full:https://registry.npmjs.org/call-bind set size:32985 disposed:false
1069 silly packumentCache full:https://registry.npmjs.org/call-bind dispose
1070 silly fetch manifest function-bind@^1.1.2
1071 silly packumentCache full:https://registry.npmjs.org/function-bind cache-miss
1072 http fetch GET 200 https://registry.npmjs.org/es-shim-unscopables 151ms (cache revalidated)
1073 silly packumentCache full:https://registry.npmjs.org/es-shim-unscopables set size:13965 disposed:false
1074 silly fetch manifest call-bind@^1.0.7
1075 silly packumentCache full:https://registry.npmjs.org/call-bind cache-hit
1076 silly fetch manifest es-abstract@^1.23.2
1077 silly packumentCache full:https://registry.npmjs.org/es-abstract cache-hit
1078 silly fetch manifest es-object-atoms@^1.0.0
1079 silly packumentCache full:https://registry.npmjs.org/es-object-atoms cache-hit
1080 silly fetch manifest call-bound@^1.0.3
1081 silly packumentCache full:https://registry.npmjs.org/call-bound cache-hit
1082 silly fetch manifest call-bound@^1.0.2
1083 silly packumentCache full:https://registry.npmjs.org/call-bound cache-hit
1084 silly fetch manifest json5@^1.0.2
1085 silly packumentCache full:https://registry.npmjs.org/json5 cache-miss
1086 http fetch GET 200 https://registry.npmjs.org/math-intrinsics 187ms (cache revalidated)
1087 silly packumentCache full:https://registry.npmjs.org/math-intrinsics set size:9265 disposed:false
1088 silly fetch manifest minimist@^1.2.6
1089 silly packumentCache full:https://registry.npmjs.org/minimist cache-miss
1090 http fetch GET 200 https://registry.npmjs.org/define-properties 178ms (cache revalidated)
1091 silly packumentCache full:https://registry.npmjs.org/define-properties set size:31491 disposed:false
1092 silly packumentCache full:https://registry.npmjs.org/define-properties dispose
1093 http fetch GET 200 https://registry.npmjs.org/es-shim-unscopables 155ms (cache revalidated)
1094 silly packumentCache full:https://registry.npmjs.org/es-shim-unscopables set size:13965 disposed:false
1095 silly packumentCache full:https://registry.npmjs.org/es-shim-unscopables dispose
1096 http fetch GET 200 https://registry.npmjs.org/call-bound 191ms (cache revalidated)
1097 silly packumentCache full:https://registry.npmjs.org/call-bound set size:15317 disposed:false
1098 silly packumentCache full:https://registry.npmjs.org/call-bound dispose
1099 http fetch GET 200 https://registry.npmjs.org/es-shim-unscopables 155ms (cache revalidated)
1100 silly packumentCache full:https://registry.npmjs.org/es-shim-unscopables set size:13965 disposed:true
1101 silly packumentCache full:https://registry.npmjs.org/es-shim-unscopables dispose
1102 http fetch GET 200 https://registry.npmjs.org/function-bind 121ms (cache revalidated)
1103 silly packumentCache full:https://registry.npmjs.org/function-bind set size:15733 disposed:false
1104 http fetch GET 200 https://registry.npmjs.org/minimist 112ms (cache revalidated)
1105 silly packumentCache full:https://registry.npmjs.org/minimist set size:77063 disposed:false
1106 http fetch GET 200 https://registry.npmjs.org/json5 119ms (cache revalidated)
1107 silly packumentCache full:https://registry.npmjs.org/json5 set size:86136 disposed:false
1108 silly placeDep node_modules/eslint-plugin-jsx-a11y aria-query@5.3.2 OK for: eslint-plugin-jsx-a11y@6.10.2 want: ^5.3.2
1109 silly placeDep node_modules/eslint-plugin-jsx-a11y array-includes@3.1.9 OK for: eslint-plugin-jsx-a11y@6.10.2 want: ^3.1.8
1110 silly placeDep node_modules/eslint-plugin-jsx-a11y array.prototype.flatmap@1.3.3 OK for: eslint-plugin-jsx-a11y@6.10.2 want: ^1.3.2
1111 silly placeDep node_modules/eslint-plugin-jsx-a11y ast-types-flow@0.0.8 OK for: eslint-plugin-jsx-a11y@6.10.2 want: ^0.0.8
1112 silly placeDep node_modules/eslint-plugin-jsx-a11y axe-core@4.11.3 OK for: eslint-plugin-jsx-a11y@6.10.2 want: ^4.10.0
1113 silly placeDep node_modules/eslint-plugin-jsx-a11y axobject-query@4.1.0 OK for: eslint-plugin-jsx-a11y@6.10.2 want: ^4.1.0
1114 silly placeDep node_modules/eslint-plugin-jsx-a11y damerau-levenshtein@1.0.8 OK for: eslint-plugin-jsx-a11y@6.10.2 want: ^1.0.8
1115 silly placeDep node_modules/eslint-plugin-jsx-a11y emoji-regex@9.2.2 OK for: eslint-plugin-jsx-a11y@6.10.2 want: ^9.2.2
1116 silly placeDep node_modules/eslint-plugin-jsx-a11y hasown@2.0.3 OK for: eslint-plugin-jsx-a11y@6.10.2 want: ^2.0.2
1117 silly placeDep node_modules/eslint-plugin-jsx-a11y jsx-ast-utils@3.3.5 OK for: eslint-plugin-jsx-a11y@6.10.2 want: ^3.3.5
1118 silly placeDep node_modules/eslint-plugin-jsx-a11y language-tags@1.0.9 OK for: eslint-plugin-jsx-a11y@6.10.2 want: ^1.0.9
1119 silly placeDep node_modules/eslint-plugin-jsx-a11y object.fromentries@2.0.8 OK for: eslint-plugin-jsx-a11y@6.10.2 want: ^2.0.8
1120 silly placeDep node_modules/eslint-plugin-jsx-a11y safe-regex-test@1.1.0 OK for: eslint-plugin-jsx-a11y@6.10.2 want: ^1.0.3
1121 silly placeDep node_modules/eslint-plugin-jsx-a11y string.prototype.includes@2.0.1 OK for: eslint-plugin-jsx-a11y@6.10.2 want: ^2.0.1
1122 silly fetch manifest array.prototype.flat@^1.3.1
1123 silly packumentCache full:https://registry.npmjs.org/array.prototype.flat cache-hit
1124 silly fetch manifest object.assign@^4.1.4
1125 silly packumentCache full:https://registry.npmjs.org/object.assign cache-miss
1126 silly fetch manifest object.values@^1.1.6
1127 silly packumentCache full:https://registry.npmjs.org/object.values cache-hit
1128 silly fetch manifest language-subtag-registry@^0.3.20
1129 silly packumentCache full:https://registry.npmjs.org/language-subtag-registry cache-miss
1130 silly fetch manifest is-regex@^1.2.1
1131 silly packumentCache full:https://registry.npmjs.org/is-regex cache-miss
1132 silly fetch manifest es-abstract@^1.23.3
1133 silly packumentCache full:https://registry.npmjs.org/es-abstract cache-hit
1134 http fetch GET 200 https://registry.npmjs.org/is-regex 96ms (cache revalidated)
1135 silly packumentCache full:https://registry.npmjs.org/is-regex set size:42924 disposed:false
1136 http fetch GET 200 https://registry.npmjs.org/object.assign 101ms (cache revalidated)
1137 silly packumentCache full:https://registry.npmjs.org/object.assign set size:85907 disposed:false
1138 http fetch GET 200 https://registry.npmjs.org/language-subtag-registry 105ms (cache revalidated)
1139 silly packumentCache full:https://registry.npmjs.org/language-subtag-registry set size:46437 disposed:false
1140 silly placeDep node_modules/eslint-plugin-react array-includes@3.1.9 OK for: eslint-plugin-react@7.37.5 want: ^3.1.8
1141 silly placeDep node_modules/eslint-plugin-react array.prototype.findlast@1.2.5 OK for: eslint-plugin-react@7.37.5 want: ^1.2.5
1142 silly placeDep node_modules/eslint-plugin-react array.prototype.flatmap@1.3.3 OK for: eslint-plugin-react@7.37.5 want: ^1.3.3
1143 silly placeDep node_modules/eslint-plugin-react array.prototype.tosorted@1.1.4 OK for: eslint-plugin-react@7.37.5 want: ^1.1.4
1144 silly placeDep node_modules/eslint-plugin-react doctrine@2.1.0 OK for: eslint-plugin-react@7.37.5 want: ^2.1.0
1145 silly placeDep node_modules/eslint-plugin-react es-iterator-helpers@1.3.2 OK for: eslint-plugin-react@7.37.5 want: ^1.2.1
1146 silly placeDep node_modules/eslint-plugin-react estraverse@5.3.0 OK for: eslint-plugin-react@7.37.5 want: ^5.3.0
1147 silly placeDep node_modules/eslint-plugin-react hasown@2.0.3 OK for: eslint-plugin-react@7.37.5 want: ^2.0.2
1148 silly placeDep node_modules/eslint-plugin-react jsx-ast-utils@3.3.5 OK for: eslint-plugin-react@7.37.5 want: ^2.4.1 || ^3.0.0
1149 silly placeDep node_modules/eslint-plugin-react object.entries@1.1.9 OK for: eslint-plugin-react@7.37.5 want: ^1.1.9
1150 silly placeDep node_modules/eslint-plugin-react object.fromentries@2.0.8 OK for: eslint-plugin-react@7.37.5 want: ^2.0.8
1151 silly placeDep node_modules/eslint-plugin-react object.values@1.2.1 OK for: eslint-plugin-react@7.37.5 want: ^1.2.1
1152 silly placeDep node_modules/eslint-plugin-react prop-types@15.8.1 OK for: eslint-plugin-react@7.37.5 want: ^15.8.1
1153 silly placeDep node_modules/eslint-plugin-react resolve@2.0.0-next.6 OK for: eslint-plugin-react@7.37.5 want: ^2.0.0-next.5
1154 silly placeDep node_modules/eslint-plugin-react semver@6.3.1 OK for: eslint-plugin-react@7.37.5 want: ^6.3.1
1155 silly placeDep node_modules/eslint-plugin-react string.prototype.matchall@4.0.12 OK for: eslint-plugin-react@7.37.5 want: ^4.0.12
1156 silly placeDep node_modules/eslint-plugin-react string.prototype.repeat@1.0.0 OK for: eslint-plugin-react@7.37.5 want: ^1.0.0
1157 silly fetch manifest call-bind@^1.0.9
1158 silly packumentCache full:https://registry.npmjs.org/call-bind cache-hit
1159 silly fetch manifest es-abstract@^1.24.2
1160 silly packumentCache full:https://registry.npmjs.org/es-abstract cache-hit
1161 silly fetch manifest es-set-tostringtag@^2.1.0
1162 silly packumentCache full:https://registry.npmjs.org/es-set-tostringtag cache-miss
1163 silly fetch manifest globalthis@^1.0.4
1164 silly packumentCache full:https://registry.npmjs.org/globalthis cache-miss
1165 silly fetch manifest gopd@^1.2.0
1166 silly packumentCache full:https://registry.npmjs.org/gopd cache-miss
1167 silly fetch manifest has-property-descriptors@^1.0.2
1168 silly packumentCache full:https://registry.npmjs.org/has-property-descriptors cache-miss
1169 silly fetch manifest has-proto@^1.2.0
1170 silly packumentCache full:https://registry.npmjs.org/has-proto cache-miss
1171 silly fetch manifest has-symbols@^1.1.0
1172 silly packumentCache full:https://registry.npmjs.org/has-symbols cache-miss
1173 silly fetch manifest internal-slot@^1.1.0
1174 silly packumentCache full:https://registry.npmjs.org/internal-slot cache-miss
1175 http fetch GET 200 https://registry.npmjs.org/es-set-tostringtag 109ms (cache revalidated)
1176 silly packumentCache full:https://registry.npmjs.org/es-set-tostringtag set size:22094 disposed:false
1177 silly fetch manifest iterator.prototype@^1.1.5
1178 silly packumentCache full:https://registry.npmjs.org/iterator.prototype cache-miss
1179 http fetch GET 200 https://registry.npmjs.org/globalthis 112ms (cache revalidated)
1180 silly packumentCache full:https://registry.npmjs.org/globalthis set size:22522 disposed:false
1181 silly fetch manifest es-abstract@^1.23.6
1182 silly packumentCache full:https://registry.npmjs.org/es-abstract cache-hit
1183 silly fetch manifest get-intrinsic@^1.2.6
1184 silly packumentCache full:https://registry.npmjs.org/get-intrinsic cache-hit
1185 silly fetch manifest gopd@^1.2.0
1186 silly packumentCache full:https://registry.npmjs.org/gopd cache-miss
1187 http fetch GET 200 https://registry.npmjs.org/gopd 126ms (cache revalidated)
1188 silly packumentCache full:https://registry.npmjs.org/gopd set size:11458 disposed:false
1189 silly fetch manifest has-symbols@^1.1.0
1190 silly packumentCache full:https://registry.npmjs.org/has-symbols cache-miss
1191 http fetch GET 200 https://registry.npmjs.org/has-property-descriptors 129ms (cache revalidated)
1192 silly packumentCache full:https://registry.npmjs.org/has-property-descriptors set size:12452 disposed:false
1193 silly fetch manifest internal-slot@^1.1.0
1194 silly packumentCache full:https://registry.npmjs.org/internal-slot cache-miss
1195 http fetch GET 200 https://registry.npmjs.org/has-symbols 133ms (cache revalidated)
1196 silly packumentCache full:https://registry.npmjs.org/has-symbols set size:21550 disposed:false
1197 silly fetch manifest regexp.prototype.flags@^1.5.3
1198 silly packumentCache full:https://registry.npmjs.org/regexp.prototype.flags cache-miss
1199 http fetch GET 200 https://registry.npmjs.org/has-proto 137ms (cache revalidated)
1200 silly packumentCache full:https://registry.npmjs.org/has-proto set size:21527 disposed:false
1201 silly fetch manifest set-function-name@^2.0.2
1202 silly packumentCache full:https://registry.npmjs.org/set-function-name cache-miss
1203 http fetch GET 200 https://registry.npmjs.org/internal-slot 138ms (cache revalidated)
1204 silly packumentCache full:https://registry.npmjs.org/internal-slot set size:30267 disposed:false
1205 silly fetch manifest side-channel@^1.1.0
1206 silly packumentCache full:https://registry.npmjs.org/side-channel cache-miss
1207 http fetch GET 200 https://registry.npmjs.org/iterator.prototype 123ms (cache revalidated)
1208 silly packumentCache full:https://registry.npmjs.org/iterator.prototype set size:26870 disposed:false
1209 silly fetch manifest define-properties@^1.1.3
1210 silly packumentCache full:https://registry.npmjs.org/define-properties cache-hit
1211 silly fetch manifest es-abstract@^1.17.5
1212 silly packumentCache full:https://registry.npmjs.org/es-abstract cache-hit
1213 http fetch GET 200 https://registry.npmjs.org/has-symbols 107ms (cache revalidated)
1214 silly packumentCache full:https://registry.npmjs.org/has-symbols set size:21550 disposed:false
1215 silly packumentCache full:https://registry.npmjs.org/has-symbols dispose
1216 http fetch GET 200 https://registry.npmjs.org/internal-slot 109ms (cache revalidated)
1217 silly packumentCache full:https://registry.npmjs.org/internal-slot set size:30267 disposed:false
1218 silly packumentCache full:https://registry.npmjs.org/internal-slot dispose
1219 http fetch GET 200 https://registry.npmjs.org/regexp.prototype.flags 107ms (cache revalidated)
1220 silly packumentCache full:https://registry.npmjs.org/regexp.prototype.flags set size:60621 disposed:false
1221 http fetch GET 200 https://registry.npmjs.org/side-channel 107ms (cache revalidated)
1222 silly packumentCache full:https://registry.npmjs.org/side-channel set size:24660 disposed:false
1223 http fetch GET 200 https://registry.npmjs.org/set-function-name 114ms (cache revalidated)
1224 silly packumentCache full:https://registry.npmjs.org/set-function-name set size:13766 disposed:false
1225 http fetch GET 200 https://registry.npmjs.org/gopd 164ms (cache revalidated)
1226 silly packumentCache full:https://registry.npmjs.org/gopd set size:11458 disposed:false
1227 silly packumentCache full:https://registry.npmjs.org/gopd dispose
1228 silly placeDep node_modules/eslint-plugin-react-hooks @babel/core@7.29.0 OK for: eslint-plugin-react-hooks@7.1.1 want: ^7.24.4
1229 silly placeDep node_modules/eslint-plugin-react-hooks @babel/parser@7.29.2 OK for: eslint-plugin-react-hooks@7.1.1 want: ^7.24.4
1230 silly placeDep node_modules/eslint-plugin-react-hooks hermes-parser@0.25.1 OK for: eslint-plugin-react-hooks@7.1.1 want: ^0.25.1
1231 silly placeDep node_modules/eslint-plugin-react-hooks zod@4.3.6 OK for: eslint-plugin-react-hooks@7.1.1 want: ^3.25.0 || ^4.0.0
1232 silly placeDep node_modules/eslint-plugin-react-hooks zod-validation-error@4.0.2 OK for: eslint-plugin-react-hooks@7.1.1 want: ^3.5.0 || ^4.0.0
1233 silly fetch manifest json5@^2.2.3
1234 silly packumentCache full:https://registry.npmjs.org/json5 cache-hit
1235 silly fetch manifest gensync@^1.0.0-beta.2
1236 silly packumentCache full:https://registry.npmjs.org/gensync cache-miss
1237 silly fetch manifest @babel/types@^7.29.0
1238 silly packumentCache full:https://registry.npmjs.org/@babel%2ftypes cache-miss
1239 silly fetch manifest @babel/parser@^7.29.0
1240 silly packumentCache full:https://registry.npmjs.org/@babel%2fparser cache-hit
1241 silly fetch manifest @babel/helpers@^7.28.6
1242 silly packumentCache full:https://registry.npmjs.org/@babel%2fhelpers cache-miss
1243 silly fetch manifest @babel/template@^7.28.6
1244 silly packumentCache full:https://registry.npmjs.org/@babel%2ftemplate cache-miss
1245 silly fetch manifest @babel/traverse@^7.29.0
1246 silly packumentCache full:https://registry.npmjs.org/@babel%2ftraverse cache-miss
1247 silly fetch manifest @babel/generator@^7.29.0
1248 silly packumentCache full:https://registry.npmjs.org/@babel%2fgenerator cache-miss
1249 silly fetch manifest @babel/code-frame@^7.29.0
1250 silly packumentCache full:https://registry.npmjs.org/@babel%2fcode-frame cache-miss
1251 http fetch GET 200 https://registry.npmjs.org/gensync 101ms (cache revalidated)
1252 silly packumentCache full:https://registry.npmjs.org/gensync set size:15068 disposed:false
1253 silly fetch manifest convert-source-map@^2.0.0
1254 silly packumentCache full:https://registry.npmjs.org/convert-source-map cache-miss
1255 http fetch GET 200 https://registry.npmjs.org/@babel%2ftypes 109ms (cache revalidated)
1256 silly packumentCache full:https://registry.npmjs.org/@babel%2ftypes set size:487885 disposed:false
1257 silly fetch manifest @babel/helper-module-transforms@^7.28.6
1258 silly packumentCache full:https://registry.npmjs.org/@babel%2fhelper-module-transforms cache-miss
1259 http fetch GET 200 https://registry.npmjs.org/@babel%2ftemplate 120ms (cache revalidated)
1260 silly packumentCache full:https://registry.npmjs.org/@babel%2ftemplate set size:227169 disposed:false
1261 silly fetch manifest @babel/helper-compilation-targets@^7.28.6
1262 silly packumentCache full:https://registry.npmjs.org/@babel%2fhelper-compilation-targets cache-miss
1263 http fetch GET 200 https://registry.npmjs.org/@babel%2fhelpers 128ms (cache revalidated)
1264 silly packumentCache full:https://registry.npmjs.org/@babel%2fhelpers set size:388224 disposed:false
1265 silly fetch manifest hermes-estree@0.25.1
1266 silly packumentCache full:https://registry.npmjs.org/hermes-estree cache-miss
1267 http fetch GET 200 https://registry.npmjs.org/@babel%2ftraverse 142ms (cache revalidated)
1268 silly packumentCache full:https://registry.npmjs.org/@babel%2ftraverse set size:548722 disposed:false
1269 http fetch GET 200 https://registry.npmjs.org/@babel%2fgenerator 150ms (cache revalidated)
1270 silly packumentCache full:https://registry.npmjs.org/@babel%2fgenerator set size:507107 disposed:false
1271 http fetch GET 200 https://registry.npmjs.org/convert-source-map 121ms (cache revalidated)
1272 silly packumentCache full:https://registry.npmjs.org/convert-source-map set size:66997 disposed:false
1273 http fetch GET 200 https://registry.npmjs.org/@babel%2fhelper-module-transforms 138ms (cache revalidated)
1274 silly packumentCache full:https://registry.npmjs.org/@babel%2fhelper-module-transforms set size:333553 disposed:false
1275 http fetch GET 200 https://registry.npmjs.org/hermes-estree 147ms (cache revalidated)
1276 silly packumentCache full:https://registry.npmjs.org/hermes-estree set size:127958 disposed:false
1277 http fetch GET 200 https://registry.npmjs.org/@babel%2fcode-frame 280ms (cache revalidated)
1278 silly packumentCache full:https://registry.npmjs.org/@babel%2fcode-frame set size:196196 disposed:false
1279 http fetch GET 200 https://registry.npmjs.org/@babel%2fhelper-compilation-targets 162ms (cache revalidated)
1280 silly packumentCache full:https://registry.npmjs.org/@babel%2fhelper-compilation-targets set size:218757 disposed:false
1281 silly placeDep node_modules/eslint-scope esrecurse@4.3.0 OK for: eslint-scope@8.4.0 want: ^4.3.0
1282 silly placeDep node_modules/eslint-scope estraverse@5.3.0 OK for: eslint-scope@8.4.0 want: ^5.2.0
1283 silly placeDep node_modules/espree acorn@8.16.0 OK for: espree@10.4.0 want: ^8.15.0
1284 silly placeDep node_modules/espree acorn-jsx@5.3.2 OK for: espree@10.4.0 want: ^5.3.2
1285 silly placeDep node_modules/esquery estraverse@5.3.0 OK for: esquery@1.7.0 want: ^5.1.0
1286 silly placeDep node_modules/file-entry-cache flat-cache@4.0.1 OK for: file-entry-cache@8.0.0 want: ^4.0.0
1287 silly fetch manifest keyv@^4.5.4
1288 silly packumentCache full:https://registry.npmjs.org/keyv cache-miss
1289 silly fetch manifest flatted@^3.2.9
1290 silly packumentCache full:https://registry.npmjs.org/flatted cache-miss
1291 http fetch GET 200 https://registry.npmjs.org/flatted 95ms (cache revalidated)
1292 silly packumentCache full:https://registry.npmjs.org/flatted set size:137347 disposed:false
1293 http fetch GET 200 https://registry.npmjs.org/keyv 105ms (cache revalidated)
1294 silly packumentCache full:https://registry.npmjs.org/keyv set size:215840 disposed:false
1295 silly placeDep node_modules/find-up locate-path@6.0.0 OK for: find-up@5.0.0 want: ^6.0.0
1296 silly fetch manifest p-locate@^5.0.0
1297 silly packumentCache full:https://registry.npmjs.org/p-locate cache-miss
1298 http fetch GET 200 https://registry.npmjs.org/p-locate 84ms (cache revalidated)
1299 silly packumentCache full:https://registry.npmjs.org/p-locate set size:22488 disposed:false
1300 silly placeDep node_modules/minimatch brace-expansion@1.1.14 OK for: minimatch@3.1.5 want: ^1.1.7
1301 silly fetch manifest react@^18.2.0 || 19.0.0-rc-de68d2f4-20241204 || ^19.0.0
1302 silly packumentCache full:https://registry.npmjs.org/react cache-miss
1303 http fetch GET 200 https://registry.npmjs.org/react 116ms (cache revalidated)
1304 silly packumentCache full:https://registry.npmjs.org/react set size:6629670 disposed:false
1305 silly placeDep ROOT @next/swc-darwin-arm64@16.2.4 OK for: next@16.2.4 want: 16.2.4
1306 silly placeDep ROOT @next/swc-darwin-x64@16.2.4 OK for: next@16.2.4 want: 16.2.4
1307 silly placeDep ROOT @next/swc-linux-arm64-gnu@16.2.4 OK for: next@16.2.4 want: 16.2.4
1308 silly placeDep ROOT @next/swc-linux-arm64-musl@16.2.4 OK for: next@16.2.4 want: 16.2.4
1309 silly placeDep ROOT @next/swc-linux-x64-gnu@16.2.4 OK for: next@16.2.4 want: 16.2.4
1310 silly placeDep ROOT @next/swc-linux-x64-musl@16.2.4 OK for: next@16.2.4 want: 16.2.4
1311 silly placeDep ROOT @next/swc-win32-arm64-msvc@16.2.4 OK for: next@16.2.4 want: 16.2.4
1312 silly placeDep ROOT @swc/helpers@0.5.15 OK for: next@16.2.4 want: 0.5.15
1313 silly placeDep ROOT baseline-browser-mapping@2.10.24 OK for: next@16.2.4 want: ^2.9.19
1314 silly placeDep ROOT caniuse-lite@1.0.30001791 OK for: next@16.2.4 want: ^1.0.30001579
1315 silly placeDep node_modules/next postcss@8.4.31 OK for: next@16.2.4 want: 8.4.31
1316 silly placeDep ROOT sharp@0.34.5 OK for: next@16.2.4 want: ^0.34.5
1317 silly placeDep ROOT styled-jsx@5.1.6 OK for: next@16.2.4 want: 5.1.6
1318 silly fetch manifest tslib@^2.8.0
1319 silly packumentCache full:https://registry.npmjs.org/tslib cache-miss
1320 silly fetch manifest nanoid@^3.3.6
1321 silly packumentCache full:https://registry.npmjs.org/nanoid cache-hit
1322 silly fetch manifest picocolors@^1.0.0
1323 silly packumentCache full:https://registry.npmjs.org/picocolors cache-hit
1324 silly fetch manifest source-map-js@^1.0.2
1325 silly packumentCache full:https://registry.npmjs.org/source-map-js cache-hit
1326 silly fetch manifest semver@^7.7.3
1327 silly packumentCache full:https://registry.npmjs.org/semver cache-hit
1328 silly fetch manifest detect-libc@^2.1.2
1329 silly packumentCache full:https://registry.npmjs.org/detect-libc cache-hit
1330 silly fetch manifest @img/sharp-wasm32@0.34.5
1331 silly packumentCache full:https://registry.npmjs.org/@img%2fsharp-wasm32 cache-miss
1332 silly fetch manifest @img/sharp-linux-arm@0.34.5
1333 silly packumentCache full:https://registry.npmjs.org/@img%2fsharp-linux-arm cache-miss
1334 silly fetch manifest @img/sharp-linux-x64@0.34.5
1335 silly packumentCache full:https://registry.npmjs.org/@img%2fsharp-linux-x64 cache-miss
1336 silly fetch manifest @img/sharp-win32-x64@0.34.5
1337 silly packumentCache full:https://registry.npmjs.org/@img%2fsharp-win32-x64 cache-miss
1338 silly fetch manifest @img/sharp-darwin-x64@0.34.5
1339 silly packumentCache full:https://registry.npmjs.org/@img%2fsharp-darwin-x64 cache-miss
1340 silly fetch manifest @img/sharp-win32-ia32@0.34.5
1341 silly packumentCache full:https://registry.npmjs.org/@img%2fsharp-win32-ia32 cache-miss
1342 http fetch GET 200 https://registry.npmjs.org/tslib 130ms (cache revalidated)
1343 silly packumentCache full:https://registry.npmjs.org/tslib set size:108760 disposed:false
1344 silly fetch manifest @img/sharp-linux-arm64@0.34.5
1345 silly packumentCache full:https://registry.npmjs.org/@img%2fsharp-linux-arm64 cache-miss
1346 http fetch GET 200 https://registry.npmjs.org/@img%2fsharp-linux-arm 135ms (cache revalidated)
1347 silly packumentCache full:https://registry.npmjs.org/@img%2fsharp-linux-arm set size:75025 disposed:false
1348 silly fetch manifest @img/sharp-linux-ppc64@0.34.5
1349 silly packumentCache full:https://registry.npmjs.org/@img%2fsharp-linux-ppc64 cache-miss
1350 http fetch GET 200 https://registry.npmjs.org/@img%2fsharp-win32-x64 143ms (cache revalidated)
1351 silly packumentCache full:https://registry.npmjs.org/@img%2fsharp-win32-x64 set size:72477 disposed:false
1352 silly fetch manifest @img/sharp-linux-s390x@0.34.5
1353 silly packumentCache full:https://registry.npmjs.org/@img%2fsharp-linux-s390x cache-miss
1354 http fetch GET 200 https://registry.npmjs.org/@img%2fsharp-wasm32 153ms (cache revalidated)
1355 silly packumentCache full:https://registry.npmjs.org/@img%2fsharp-wasm32 set size:69437 disposed:false
1356 silly fetch manifest @img/sharp-win32-arm64@0.34.5
1357 silly packumentCache full:https://registry.npmjs.org/@img%2fsharp-win32-arm64 cache-miss
1358 http fetch GET 200 https://registry.npmjs.org/@img%2fsharp-darwin-x64 148ms (cache revalidated)
1359 silly packumentCache full:https://registry.npmjs.org/@img%2fsharp-darwin-x64 set size:75437 disposed:false
1360 silly fetch manifest @img/sharp-darwin-arm64@0.34.5
1361 silly packumentCache full:https://registry.npmjs.org/@img%2fsharp-darwin-arm64 cache-miss
1362 http fetch GET 200 https://registry.npmjs.org/@img%2fsharp-linux-x64 154ms (cache revalidated)
1363 silly packumentCache full:https://registry.npmjs.org/@img%2fsharp-linux-x64 set size:74659 disposed:false
1364 silly fetch manifest @img/sharp-linux-riscv64@0.34.5
1365 silly packumentCache full:https://registry.npmjs.org/@img%2fsharp-linux-riscv64 cache-miss
1366 http fetch GET 200 https://registry.npmjs.org/@img%2fsharp-win32-ia32 162ms (cache revalidated)
1367 silly packumentCache full:https://registry.npmjs.org/@img%2fsharp-win32-ia32 set size:73172 disposed:false
1368 silly fetch manifest @img/sharp-linuxmusl-x64@0.34.5
1369 silly packumentCache full:https://registry.npmjs.org/@img%2fsharp-linuxmusl-x64 cache-miss
1370 http fetch GET 200 https://registry.npmjs.org/@img%2fsharp-linux-arm64 137ms (cache revalidated)
1371 silly packumentCache full:https://registry.npmjs.org/@img%2fsharp-linux-arm64 set size:75657 disposed:false
1372 silly fetch manifest @img/sharp-linuxmusl-arm64@0.34.5
1373 silly packumentCache full:https://registry.npmjs.org/@img%2fsharp-linuxmusl-arm64 cache-miss
1374 http fetch GET 200 https://registry.npmjs.org/@img%2fsharp-linux-s390x 132ms (cache revalidated)
1375 silly packumentCache full:https://registry.npmjs.org/@img%2fsharp-linux-s390x set size:73603 disposed:false
1376 silly fetch manifest @img/sharp-libvips-linux-arm@1.2.4
1377 silly packumentCache full:https://registry.npmjs.org/@img%2fsharp-libvips-linux-arm cache-miss
1378 http fetch GET 200 https://registry.npmjs.org/@img%2fsharp-darwin-arm64 129ms (cache revalidated)
1379 silly packumentCache full:https://registry.npmjs.org/@img%2fsharp-darwin-arm64 set size:76460 disposed:false
1380 silly fetch manifest @img/sharp-libvips-linux-x64@1.2.4
1381 silly packumentCache full:https://registry.npmjs.org/@img%2fsharp-libvips-linux-x64 cache-miss
1382 http fetch GET 200 https://registry.npmjs.org/@img%2fsharp-linux-ppc64 144ms (cache revalidated)
1383 silly packumentCache full:https://registry.npmjs.org/@img%2fsharp-linux-ppc64 set size:40341 disposed:false
1384 silly fetch manifest @img/sharp-libvips-darwin-x64@1.2.4
1385 silly packumentCache full:https://registry.npmjs.org/@img%2fsharp-libvips-darwin-x64 cache-miss
1386 http fetch GET 200 https://registry.npmjs.org/@img%2fsharp-linux-riscv64 132ms (cache revalidated)
1387 silly packumentCache full:https://registry.npmjs.org/@img%2fsharp-linux-riscv64 set size:17504 disposed:false
1388 silly fetch manifest @img/sharp-libvips-linux-arm64@1.2.4
1389 silly packumentCache full:https://registry.npmjs.org/@img%2fsharp-libvips-linux-arm64 cache-miss
1390 http fetch GET 200 https://registry.npmjs.org/@img%2fsharp-win32-arm64 147ms (cache revalidated)
1391 silly packumentCache full:https://registry.npmjs.org/@img%2fsharp-win32-arm64 set size:32122 disposed:false
1392 silly fetch manifest @img/sharp-libvips-linux-ppc64@1.2.4
1393 silly packumentCache full:https://registry.npmjs.org/@img%2fsharp-libvips-linux-ppc64 cache-miss
1394 http fetch GET 200 https://registry.npmjs.org/@img%2fsharp-linuxmusl-x64 137ms (cache revalidated)
1395 silly packumentCache full:https://registry.npmjs.org/@img%2fsharp-linuxmusl-x64 set size:75867 disposed:false
1396 silly fetch manifest @img/sharp-libvips-linux-s390x@1.2.4
1397 silly packumentCache full:https://registry.npmjs.org/@img%2fsharp-libvips-linux-s390x cache-miss
1398 http fetch GET 200 https://registry.npmjs.org/@img%2fsharp-linuxmusl-arm64 113ms (cache revalidated)
1399 silly packumentCache full:https://registry.npmjs.org/@img%2fsharp-linuxmusl-arm64 set size:76866 disposed:false
1400 silly fetch manifest @img/sharp-libvips-darwin-arm64@1.2.4
1401 silly packumentCache full:https://registry.npmjs.org/@img%2fsharp-libvips-darwin-arm64 cache-miss
1402 http fetch GET 200 https://registry.npmjs.org/@img%2fsharp-libvips-linux-x64 122ms (cache revalidated)
1403 silly packumentCache full:https://registry.npmjs.org/@img%2fsharp-libvips-linux-x64 set size:65113 disposed:false
1404 silly fetch manifest @img/sharp-libvips-linux-riscv64@1.2.4
1405 silly packumentCache full:https://registry.npmjs.org/@img%2fsharp-libvips-linux-riscv64 cache-miss
1406 http fetch GET 200 https://registry.npmjs.org/@img%2fsharp-libvips-darwin-x64 128ms (cache revalidated)
1407 silly packumentCache full:https://registry.npmjs.org/@img%2fsharp-libvips-darwin-x64 set size:60181 disposed:false
1408 silly fetch manifest @img/sharp-libvips-linuxmusl-x64@1.2.4
1409 silly packumentCache full:https://registry.npmjs.org/@img%2fsharp-libvips-linuxmusl-x64 cache-miss
1410 http fetch GET 200 https://registry.npmjs.org/@img%2fsharp-libvips-linux-arm 138ms (cache revalidated)
1411 silly packumentCache full:https://registry.npmjs.org/@img%2fsharp-libvips-linux-arm set size:67087 disposed:false
1412 silly fetch manifest @img/sharp-libvips-linuxmusl-arm64@1.2.4
1413 silly packumentCache full:https://registry.npmjs.org/@img%2fsharp-libvips-linuxmusl-arm64 cache-miss
1414 http fetch GET 200 https://registry.npmjs.org/@img%2fsharp-libvips-linux-ppc64 126ms (cache revalidated)
1415 silly packumentCache full:https://registry.npmjs.org/@img%2fsharp-libvips-linux-ppc64 set size:51223 disposed:false
1416 http fetch GET 200 https://registry.npmjs.org/@img%2fsharp-libvips-linux-arm64 137ms (cache revalidated)
1417 silly packumentCache full:https://registry.npmjs.org/@img%2fsharp-libvips-linux-arm64 set size:64016 disposed:false
1418 http fetch GET 200 https://registry.npmjs.org/@img%2fsharp-libvips-linux-s390x 127ms (cache revalidated)
1419 silly packumentCache full:https://registry.npmjs.org/@img%2fsharp-libvips-linux-s390x set size:60203 disposed:false
1420 http fetch GET 200 https://registry.npmjs.org/@img%2fsharp-libvips-darwin-arm64 110ms (cache revalidated)
1421 silly packumentCache full:https://registry.npmjs.org/@img%2fsharp-libvips-darwin-arm64 set size:60863 disposed:false
1422 http fetch GET 200 https://registry.npmjs.org/@img%2fsharp-libvips-linux-riscv64 118ms (cache revalidated)
1423 silly packumentCache full:https://registry.npmjs.org/@img%2fsharp-libvips-linux-riscv64 set size:37238 disposed:false
1424 http fetch GET 200 https://registry.npmjs.org/@img%2fsharp-libvips-linuxmusl-x64 115ms (cache revalidated)
1425 silly packumentCache full:https://registry.npmjs.org/@img%2fsharp-libvips-linuxmusl-x64 set size:62225 disposed:false
1426 http fetch GET 200 https://registry.npmjs.org/@img%2fsharp-libvips-linuxmusl-arm64 120ms (cache revalidated)
1427 silly packumentCache full:https://registry.npmjs.org/@img%2fsharp-libvips-linuxmusl-arm64 set size:62945 disposed:false
1428 silly placeDep node_modules/@swc/helpers tslib@2.8.1 OK for: @swc/helpers@0.5.15 want: ^2.8.0
1429 silly placeDep node_modules/optionator deep-is@0.1.4 OK for: optionator@0.9.4 want: ^0.1.3
1430 silly placeDep node_modules/optionator levn@0.4.1 OK for: optionator@0.9.4 want: ^0.4.1
1431 silly placeDep node_modules/optionator prelude-ls@1.2.1 OK for: optionator@0.9.4 want: ^1.2.1
1432 silly placeDep node_modules/optionator type-check@0.4.0 OK for: optionator@0.9.4 want: ^0.4.0
1433 silly placeDep node_modules/optionator word-wrap@1.2.5 OK for: optionator@0.9.4 want: ^1.2.5
1434 silly placeDep node_modules/postcss nanoid@3.3.11 OK for: postcss@8.5.12 want: ^3.3.11
1435 silly placeDep node_modules/postcss picocolors@1.1.1 OK for: postcss@8.5.12 want: ^1.1.1
1436 silly placeDep node_modules/postcss source-map-js@1.2.1 OK for: postcss@8.5.12 want: ^1.2.1
1437 silly placeDep ROOT scheduler@0.27.0 OK for: react-dom@19.2.4 want: ^0.27.0
1438 silly placeDep ROOT @img/sharp-darwin-arm64@0.34.5 OK for: sharp@0.34.5 want: 0.34.5
1439 silly placeDep ROOT @img/sharp-darwin-x64@0.34.5 OK for: sharp@0.34.5 want: 0.34.5
1440 silly placeDep ROOT @img/sharp-libvips-darwin-arm64@1.2.4 OK for: sharp@0.34.5 want: 1.2.4
1441 silly placeDep ROOT @img/sharp-libvips-darwin-x64@1.2.4 OK for: sharp@0.34.5 want: 1.2.4
1442 silly placeDep ROOT @img/sharp-libvips-linux-arm@1.2.4 OK for: sharp@0.34.5 want: 1.2.4
1443 silly placeDep ROOT @img/sharp-libvips-linux-arm64@1.2.4 OK for: sharp@0.34.5 want: 1.2.4
1444 silly placeDep ROOT @img/sharp-libvips-linux-ppc64@1.2.4 OK for: sharp@0.34.5 want: 1.2.4
1445 silly placeDep ROOT @img/sharp-libvips-linux-riscv64@1.2.4 OK for: sharp@0.34.5 want: 1.2.4
1446 silly placeDep ROOT @img/sharp-libvips-linux-s390x@1.2.4 OK for: sharp@0.34.5 want: 1.2.4
1447 silly placeDep ROOT @img/sharp-libvips-linux-x64@1.2.4 OK for: sharp@0.34.5 want: 1.2.4
1448 silly placeDep ROOT @img/sharp-libvips-linuxmusl-arm64@1.2.4 OK for: sharp@0.34.5 want: 1.2.4
1449 silly placeDep ROOT @img/sharp-libvips-linuxmusl-x64@1.2.4 OK for: sharp@0.34.5 want: 1.2.4
1450 silly placeDep ROOT @img/sharp-linux-arm@0.34.5 OK for: sharp@0.34.5 want: 0.34.5
1451 silly placeDep ROOT @img/sharp-linux-arm64@0.34.5 OK for: sharp@0.34.5 want: 0.34.5
1452 silly placeDep ROOT @img/sharp-linux-ppc64@0.34.5 OK for: sharp@0.34.5 want: 0.34.5
1453 silly placeDep ROOT @img/sharp-linux-riscv64@0.34.5 OK for: sharp@0.34.5 want: 0.34.5
1454 silly placeDep ROOT @img/sharp-linux-s390x@0.34.5 OK for: sharp@0.34.5 want: 0.34.5
1455 silly placeDep ROOT @img/sharp-linux-x64@0.34.5 OK for: sharp@0.34.5 want: 0.34.5
1456 silly placeDep ROOT @img/sharp-linuxmusl-arm64@0.34.5 OK for: sharp@0.34.5 want: 0.34.5
1457 silly placeDep ROOT @img/sharp-linuxmusl-x64@0.34.5 OK for: sharp@0.34.5 want: 0.34.5
1458 silly placeDep ROOT @img/sharp-wasm32@0.34.5 OK for: sharp@0.34.5 want: 0.34.5
1459 silly placeDep ROOT @img/sharp-win32-arm64@0.34.5 OK for: sharp@0.34.5 want: 0.34.5
1460 silly placeDep ROOT @img/sharp-win32-ia32@0.34.5 OK for: sharp@0.34.5 want: 0.34.5
1461 silly placeDep node_modules/sharp @img/sharp-win32-x64@0.34.5 OK for: sharp@0.34.5 want: 0.34.5
1462 silly placeDep node_modules/sharp detect-libc@2.1.2 OK for: sharp@0.34.5 want: ^2.1.2
1463 silly placeDep node_modules/sharp semver@7.7.4 OK for: sharp@0.34.5 want: ^7.7.3
1464 silly fetch manifest @emnapi/runtime@^1.7.0
1465 silly packumentCache full:https://registry.npmjs.org/@emnapi%2fruntime cache-miss
1466 http fetch GET 200 https://registry.npmjs.org/@emnapi%2fruntime 112ms (cache revalidated)
1467 silly packumentCache full:https://registry.npmjs.org/@emnapi%2fruntime set size:108129 disposed:false
1468 silly placeDep node_modules/@img/sharp-wasm32 @emnapi/runtime@1.10.0 OK for: @img/sharp-wasm32@0.34.5 want: ^1.7.0
1469 silly fetch manifest tslib@^2.4.0
1470 silly packumentCache full:https://registry.npmjs.org/tslib cache-hit
1471 silly fetch manifest eslint@^8.57.0 || ^9.0.0 || ^10.0.0
1472 silly packumentCache full:https://registry.npmjs.org/eslint cache-miss
1473 http fetch GET 200 https://registry.npmjs.org/eslint 95ms (cache revalidated)
1474 silly packumentCache full:https://registry.npmjs.org/eslint set size:1983515 disposed:false
1475 silly fetch manifest typescript@>=4.8.4 <6.1.0
1476 silly packumentCache full:https://registry.npmjs.org/typescript cache-miss
1477 http fetch GET 200 https://registry.npmjs.org/typescript 167ms (cache revalidated)
1478 silly packumentCache full:https://registry.npmjs.org/typescript set size:15409943 disposed:false
1479 silly placeDep node_modules/typescript-eslint @typescript-eslint/eslint-plugin@8.59.1 OK for: typescript-eslint@8.59.1 want: 8.59.1
1480 silly placeDep node_modules/typescript-eslint @typescript-eslint/parser@8.59.1 OK for: @typescript-eslint/eslint-plugin@8.59.1 want: ^8.59.1
1481 silly placeDep node_modules/typescript-eslint @typescript-eslint/typescript-estree@8.59.1 OK for: typescript-eslint@8.59.1 want: 8.59.1
1482 silly placeDep node_modules/typescript-eslint @typescript-eslint/utils@8.59.1 OK for: typescript-eslint@8.59.1 want: 8.59.1
1483 silly fetch manifest ignore@^7.0.5
1484 silly packumentCache full:https://registry.npmjs.org/ignore cache-hit
1485 silly fetch manifest ts-api-utils@^2.5.0
1486 silly packumentCache full:https://registry.npmjs.org/ts-api-utils cache-miss
1487 silly fetch manifest @typescript-eslint/type-utils@8.59.1
1488 silly packumentCache full:https://registry.npmjs.org/@typescript-eslint%2ftype-utils cache-miss
1489 silly fetch manifest @typescript-eslint/scope-manager@8.59.1
1490 silly packumentCache full:https://registry.npmjs.org/@typescript-eslint%2fscope-manager cache-miss
1491 silly fetch manifest @typescript-eslint/types@8.59.1
1492 silly packumentCache full:https://registry.npmjs.org/@typescript-eslint%2ftypes cache-miss
1493 silly fetch manifest @typescript-eslint/scope-manager@8.59.1
1494 silly packumentCache full:https://registry.npmjs.org/@typescript-eslint%2fscope-manager cache-miss
1495 silly fetch manifest minimatch@^10.2.2
1496 silly packumentCache full:https://registry.npmjs.org/minimatch cache-hit
1497 silly fetch manifest tinyglobby@^0.2.15
1498 silly packumentCache full:https://registry.npmjs.org/tinyglobby cache-hit
1499 silly fetch manifest ts-api-utils@^2.5.0
1500 silly packumentCache full:https://registry.npmjs.org/ts-api-utils cache-miss
1501 silly fetch manifest @typescript-eslint/types@8.59.1
1502 silly packumentCache full:https://registry.npmjs.org/@typescript-eslint%2ftypes cache-miss
1503 http fetch GET 200 https://registry.npmjs.org/ts-api-utils 113ms (cache revalidated)
1504 silly packumentCache full:https://registry.npmjs.org/ts-api-utils set size:226785 disposed:false
1505 silly fetch manifest @typescript-eslint/tsconfig-utils@8.59.1
1506 silly packumentCache full:https://registry.npmjs.org/@typescript-eslint%2ftsconfig-utils cache-miss
1507 http fetch GET 200 https://registry.npmjs.org/ts-api-utils 115ms (cache revalidated)
1508 silly packumentCache full:https://registry.npmjs.org/ts-api-utils set size:226785 disposed:false
1509 silly packumentCache full:https://registry.npmjs.org/ts-api-utils dispose
1510 silly fetch manifest @typescript-eslint/types@8.59.1
1511 silly packumentCache full:https://registry.npmjs.org/@typescript-eslint%2ftypes cache-miss
1512 http fetch GET 200 https://registry.npmjs.org/@typescript-eslint%2ftypes 172ms (cache revalidated)
1513 silly packumentCache full:https://registry.npmjs.org/@typescript-eslint%2ftypes set size:12159405 disposed:false
1514 silly fetch manifest @typescript-eslint/scope-manager@8.59.1
1515 silly packumentCache full:https://registry.npmjs.org/@typescript-eslint%2fscope-manager cache-miss
1516 http fetch GET 200 https://registry.npmjs.org/@typescript-eslint%2fscope-manager 347ms (cache revalidated)
1517 silly packumentCache full:https://registry.npmjs.org/@typescript-eslint%2fscope-manager set size:12348792 disposed:false
1518 http fetch GET 200 https://registry.npmjs.org/@typescript-eslint%2ftype-utils 449ms (cache revalidated)
1519 silly packumentCache full:https://registry.npmjs.org/@typescript-eslint%2ftype-utils set size:9225164 disposed:false
1520 http fetch GET 200 https://registry.npmjs.org/@typescript-eslint%2fscope-manager 544ms (cache revalidated)
1521 silly packumentCache full:https://registry.npmjs.org/@typescript-eslint%2fscope-manager set size:12348792 disposed:false
1522 http fetch GET 200 https://registry.npmjs.org/@typescript-eslint%2ftsconfig-utils 623ms (cache revalidated)
1523 silly packumentCache full:https://registry.npmjs.org/@typescript-eslint%2ftsconfig-utils set size:1168547 disposed:false
1524 http fetch GET 200 https://registry.npmjs.org/@typescript-eslint%2ftypes 785ms (cache revalidated)
1525 silly packumentCache full:https://registry.npmjs.org/@typescript-eslint%2ftypes set size:12159405 disposed:false
1526 http fetch GET 200 https://registry.npmjs.org/@typescript-eslint%2ftypes 783ms (cache revalidated)
1527 silly packumentCache full:https://registry.npmjs.org/@typescript-eslint%2ftypes set size:12159405 disposed:false
1528 http fetch GET 200 https://registry.npmjs.org/@typescript-eslint%2fscope-manager 901ms (cache revalidated)
1529 silly packumentCache full:https://registry.npmjs.org/@typescript-eslint%2fscope-manager set size:12348792 disposed:false
1530 silly placeDep node_modules/@eslint/eslintrc argparse@2.0.1 OK for: js-yaml@4.1.1 want: ^2.0.1
1531 silly placeDep node_modules/@eslint/plugin-kit prelude-ls@1.2.1 OK for: levn@0.4.1 want: ^1.2.1
1532 silly placeDep node_modules/@eslint/plugin-kit type-check@0.4.0 OK for: levn@0.4.1 want: ~0.4.0
1533 silly placeDep node_modules/@img/sharp-wasm32 tslib@2.8.1 OK for: @emnapi/runtime@1.10.0 want: ^2.4.0
1534 silly placeDep node_modules/@next/eslint-plugin-next @nodelib/fs.stat@2.0.5 OK for: fast-glob@3.3.1 want: ^2.0.2
1535 silly placeDep node_modules/@next/eslint-plugin-next @nodelib/fs.walk@1.2.8 OK for: fast-glob@3.3.1 want: ^1.2.3
1536 silly placeDep node_modules/@next/eslint-plugin-next glob-parent@5.1.2 OK for: fast-glob@3.3.1 want: ^5.1.2
1537 silly placeDep node_modules/@next/eslint-plugin-next merge2@1.4.1 OK for: fast-glob@3.3.1 want: ^1.3.0
1538 silly placeDep node_modules/@next/eslint-plugin-next micromatch@4.0.8 OK for: fast-glob@3.3.1 want: ^4.0.4
1539 silly fetch manifest fastq@^1.6.0
1540 silly packumentCache full:https://registry.npmjs.org/fastq cache-miss
1541 silly fetch manifest @nodelib/fs.scandir@2.1.5
1542 silly packumentCache full:https://registry.npmjs.org/@nodelib%2ffs.scandir cache-miss
1543 silly fetch manifest braces@^3.0.3
1544 silly packumentCache full:https://registry.npmjs.org/braces cache-miss
1545 silly fetch manifest picomatch@^2.3.1
1546 silly packumentCache full:https://registry.npmjs.org/picomatch cache-miss
1547 http fetch GET 200 https://registry.npmjs.org/braces 91ms (cache revalidated)
1548 silly packumentCache full:https://registry.npmjs.org/braces set size:114529 disposed:false
1549 http fetch GET 200 https://registry.npmjs.org/fastq 100ms (cache revalidated)
1550 silly packumentCache full:https://registry.npmjs.org/fastq set size:78301 disposed:false
1551 http fetch GET 200 https://registry.npmjs.org/picomatch 102ms (cache revalidated)
1552 silly packumentCache full:https://registry.npmjs.org/picomatch set size:126376 disposed:false
1553 http fetch GET 200 https://registry.npmjs.org/@nodelib%2ffs.scandir 173ms (cache revalidated)
1554 silly packumentCache full:https://registry.npmjs.org/@nodelib%2ffs.scandir set size:49256 disposed:false
1555 silly placeDep node_modules/@next/eslint-plugin-next @nodelib/fs.scandir@2.1.5 OK for: @nodelib/fs.walk@1.2.8 want: 2.1.5
1556 silly placeDep node_modules/@next/eslint-plugin-next fastq@1.20.1 OK for: @nodelib/fs.walk@1.2.8 want: ^1.6.0
1557 silly fetch manifest run-parallel@^1.1.9
1558 silly packumentCache full:https://registry.npmjs.org/run-parallel cache-miss
1559 silly fetch manifest reusify@^1.0.4
1560 silly packumentCache full:https://registry.npmjs.org/reusify cache-miss
1561 http fetch GET 200 https://registry.npmjs.org/reusify 87ms (cache revalidated)
1562 silly packumentCache full:https://registry.npmjs.org/reusify set size:14249 disposed:false
1563 http fetch GET 200 https://registry.npmjs.org/run-parallel 89ms (cache revalidated)
1564 silly packumentCache full:https://registry.npmjs.org/run-parallel set size:35172 disposed:false
1565 silly placeDep node_modules/@next/eslint-plugin-next run-parallel@1.2.0 OK for: @nodelib/fs.scandir@2.1.5 want: ^1.1.9
1566 silly placeDep node_modules/@next/eslint-plugin-next reusify@1.1.0 OK for: fastq@1.20.1 want: ^1.0.4
1567 silly placeDep node_modules/@next/eslint-plugin-next braces@3.0.3 OK for: micromatch@4.0.8 want: ^3.0.3
1568 silly placeDep node_modules/@next/eslint-plugin-next picomatch@2.3.2 OK for: micromatch@4.0.8 want: ^2.3.1
1569 silly fetch manifest fill-range@^7.1.1
1570 silly packumentCache full:https://registry.npmjs.org/fill-range cache-miss
1571 http fetch GET 200 https://registry.npmjs.org/fill-range 91ms (cache revalidated)
1572 silly packumentCache full:https://registry.npmjs.org/fill-range set size:90212 disposed:false
1573 silly placeDep node_modules/@next/eslint-plugin-next fill-range@7.1.1 OK for: braces@3.0.3 want: ^7.1.1
1574 silly placeDep node_modules/@tailwindcss/node @jridgewell/gen-mapping@0.3.13 OK for: @jridgewell/remapping@2.3.5 want: ^0.3.5
1575 silly placeDep node_modules/@tailwindcss/node @jridgewell/trace-mapping@0.3.31 OK for: @jridgewell/remapping@2.3.5 want: ^0.3.24
1576 silly fetch manifest @jridgewell/sourcemap-codec@^1.5.0
1577 silly packumentCache full:https://registry.npmjs.org/@jridgewell%2fsourcemap-codec cache-hit
1578 silly fetch manifest @jridgewell/resolve-uri@^3.1.0
1579 silly packumentCache full:https://registry.npmjs.org/@jridgewell%2fresolve-uri cache-miss
1580 silly fetch manifest @jridgewell/sourcemap-codec@^1.4.14
1581 silly packumentCache full:https://registry.npmjs.org/@jridgewell%2fsourcemap-codec cache-hit
1582 http fetch GET 200 https://registry.npmjs.org/@jridgewell%2fresolve-uri 311ms (cache revalidated)
1583 silly packumentCache full:https://registry.npmjs.org/@jridgewell%2fresolve-uri set size:57361 disposed:false
1584 silly placeDep node_modules/@tailwindcss/node @jridgewell/sourcemap-codec@1.5.5 OK for: @jridgewell/gen-mapping@0.3.13 want: ^1.5.0
1585 silly placeDep node_modules/@tailwindcss/node @jridgewell/resolve-uri@3.1.2 OK for: @jridgewell/trace-mapping@0.3.31 want: ^3.1.0
1586 silly placeDep node_modules/@tailwindcss/node graceful-fs@4.2.11 OK for: enhanced-resolve@5.21.0 want: ^4.2.4
1587 silly placeDep node_modules/@tailwindcss/node tapable@2.3.3 OK for: enhanced-resolve@5.21.0 want: ^2.3.3
1588 silly placeDep node_modules/@tailwindcss/node detect-libc@2.1.2 OK for: lightningcss@1.32.0 want: ^2.0.3
1589 silly placeDep ROOT lightningcss-android-arm64@1.32.0 OK for: lightningcss@1.32.0 want: 1.32.0
1590 silly placeDep ROOT lightningcss-darwin-arm64@1.32.0 OK for: lightningcss@1.32.0 want: 1.32.0
1591 silly placeDep ROOT lightningcss-darwin-x64@1.32.0 OK for: lightningcss@1.32.0 want: 1.32.0
1592 silly placeDep ROOT lightningcss-freebsd-x64@1.32.0 OK for: lightningcss@1.32.0 want: 1.32.0
1593 silly placeDep ROOT lightningcss-linux-arm-gnueabihf@1.32.0 OK for: lightningcss@1.32.0 want: 1.32.0
1594 silly placeDep ROOT lightningcss-linux-arm64-gnu@1.32.0 OK for: lightningcss@1.32.0 want: 1.32.0
1595 silly placeDep ROOT lightningcss-linux-arm64-musl@1.32.0 OK for: lightningcss@1.32.0 want: 1.32.0
1596 silly placeDep ROOT lightningcss-linux-x64-gnu@1.32.0 OK for: lightningcss@1.32.0 want: 1.32.0
1597 silly placeDep ROOT lightningcss-linux-x64-musl@1.32.0 OK for: lightningcss@1.32.0 want: 1.32.0
1598 silly placeDep ROOT lightningcss-win32-arm64-msvc@1.32.0 OK for: lightningcss@1.32.0 want: 1.32.0
1599 silly placeDep node_modules/@tailwindcss/node lightningcss-win32-x64-msvc@1.32.0 OK for: lightningcss@1.32.0 want: 1.32.0
1600 silly placeDep node_modules/chalk color-convert@2.0.1 OK for: ansi-styles@4.3.0 want: ^2.0.1
1601 silly fetch manifest color-name@~1.1.4
1602 silly packumentCache full:https://registry.npmjs.org/color-name cache-miss
1603 http fetch GET 200 https://registry.npmjs.org/color-name 94ms (cache revalidated)
1604 silly packumentCache full:https://registry.npmjs.org/color-name set size:19467 disposed:false
1605 silly placeDep node_modules/chalk color-name@1.1.4 OK for: color-convert@2.0.1 want: ~1.1.4
1606 silly placeDep node_modules/eslint-config-next @nolyfill/is-core-module@1.0.39 OK for: eslint-import-resolver-typescript@3.10.1 want: 1.0.39
1607 silly placeDep node_modules/eslint-config-next get-tsconfig@4.14.0 OK for: eslint-import-resolver-typescript@3.10.1 want: ^4.10.0
1608 silly placeDep node_modules/eslint-config-next is-bun-module@2.0.0 OK for: eslint-import-resolver-typescript@3.10.1 want: ^2.0.0
1609 silly placeDep node_modules/eslint-config-next stable-hash@0.0.5 OK for: eslint-import-resolver-typescript@3.10.1 want: ^0.0.5
1610 silly placeDep node_modules/eslint-config-next tinyglobby@0.2.16 OK for: eslint-import-resolver-typescript@3.10.1 want: ^0.2.13
1611 silly placeDep node_modules/eslint-config-next unrs-resolver@1.11.1 OK for: eslint-import-resolver-typescript@3.10.1 want: ^1.6.2
1612 silly fetch manifest resolve-pkg-maps@^1.0.0
1613 silly packumentCache full:https://registry.npmjs.org/resolve-pkg-maps cache-miss
1614 silly fetch manifest semver@^7.7.1
1615 silly packumentCache full:https://registry.npmjs.org/semver cache-hit
1616 silly fetch manifest fdir@^6.5.0
1617 silly packumentCache full:https://registry.npmjs.org/fdir cache-miss
1618 silly fetch manifest picomatch@^4.0.4
1619 silly packumentCache full:https://registry.npmjs.org/picomatch cache-hit
1620 silly fetch manifest napi-postinstall@^0.3.0
1621 silly packumentCache full:https://registry.npmjs.org/napi-postinstall cache-miss
1622 silly fetch manifest @unrs/resolver-binding-win32-arm64-msvc@1.11.1
1623 silly packumentCache full:https://registry.npmjs.org/@unrs%2fresolver-binding-win32-arm64-msvc cache-miss
1624 silly fetch manifest @unrs/resolver-binding-win32-ia32-msvc@1.11.1
1625 silly packumentCache full:https://registry.npmjs.org/@unrs%2fresolver-binding-win32-ia32-msvc cache-miss
1626 silly fetch manifest @unrs/resolver-binding-linux-x64-gnu@1.11.1
1627 silly packumentCache full:https://registry.npmjs.org/@unrs%2fresolver-binding-linux-x64-gnu cache-miss
1628 silly fetch manifest @unrs/resolver-binding-linux-x64-musl@1.11.1
1629 silly packumentCache full:https://registry.npmjs.org/@unrs%2fresolver-binding-linux-x64-musl cache-miss
1630 http fetch GET 200 https://registry.npmjs.org/resolve-pkg-maps 100ms (cache revalidated)
1631 silly packumentCache full:https://registry.npmjs.org/resolve-pkg-maps set size:11615 disposed:false
1632 silly fetch manifest @unrs/resolver-binding-freebsd-x64@1.11.1
1633 silly packumentCache full:https://registry.npmjs.org/@unrs%2fresolver-binding-freebsd-x64 cache-miss
1634 http fetch GET 200 https://registry.npmjs.org/napi-postinstall 100ms (cache revalidated)
1635 silly packumentCache full:https://registry.npmjs.org/napi-postinstall set size:41400 disposed:false
1636 silly fetch manifest @unrs/resolver-binding-android-arm64@1.11.1
1637 silly packumentCache full:https://registry.npmjs.org/@unrs%2fresolver-binding-android-arm64 cache-miss
1638 http fetch GET 200 https://registry.npmjs.org/fdir 108ms (cache revalidated)
1639 silly packumentCache full:https://registry.npmjs.org/fdir set size:136182 disposed:false
1640 silly fetch manifest @unrs/resolver-binding-linux-arm64-gnu@1.11.1
1641 silly packumentCache full:https://registry.npmjs.org/@unrs%2fresolver-binding-linux-arm64-gnu cache-miss
1642 http fetch GET 200 https://registry.npmjs.org/@unrs%2fresolver-binding-linux-x64-musl 112ms (cache revalidated)
1643 silly packumentCache full:https://registry.npmjs.org/@unrs%2fresolver-binding-linux-x64-musl set size:59364 disposed:false
1644 silly fetch manifest @unrs/resolver-binding-linux-arm64-musl@1.11.1
1645 silly packumentCache full:https://registry.npmjs.org/@unrs%2fresolver-binding-linux-arm64-musl cache-miss
1646 http fetch GET 200 https://registry.npmjs.org/@unrs%2fresolver-binding-linux-x64-gnu 116ms (cache revalidated)
1647 silly packumentCache full:https://registry.npmjs.org/@unrs%2fresolver-binding-linux-x64-gnu set size:59167 disposed:false
1648 silly fetch manifest @unrs/resolver-binding-android-arm-eabi@1.11.1
1649 silly packumentCache full:https://registry.npmjs.org/@unrs%2fresolver-binding-android-arm-eabi cache-miss
1650 http fetch GET 200 https://registry.npmjs.org/@unrs%2fresolver-binding-win32-ia32-msvc 129ms (cache revalidated)
1651 silly packumentCache full:https://registry.npmjs.org/@unrs%2fresolver-binding-win32-ia32-msvc set size:59023 disposed:false
1652 silly fetch manifest @unrs/resolver-binding-linux-arm-gnueabihf@1.11.1
1653 silly packumentCache full:https://registry.npmjs.org/@unrs%2fresolver-binding-linux-arm-gnueabihf cache-miss
1654 http fetch GET 200 https://registry.npmjs.org/@unrs%2fresolver-binding-win32-arm64-msvc 132ms (cache revalidated)
1655 silly packumentCache full:https://registry.npmjs.org/@unrs%2fresolver-binding-win32-arm64-msvc set size:59292 disposed:false
1656 silly fetch manifest @unrs/resolver-binding-linux-arm-musleabihf@1.11.1
1657 silly packumentCache full:https://registry.npmjs.org/@unrs%2fresolver-binding-linux-arm-musleabihf cache-miss
1658 http fetch GET 200 https://registry.npmjs.org/@unrs%2fresolver-binding-freebsd-x64 115ms (cache revalidated)
1659 silly packumentCache full:https://registry.npmjs.org/@unrs%2fresolver-binding-freebsd-x64 set size:58172 disposed:false
1660 silly fetch manifest @unrs/resolver-binding-linux-ppc64-gnu@1.11.1
1661 silly packumentCache full:https://registry.npmjs.org/@unrs%2fresolver-binding-linux-ppc64-gnu cache-miss
1662 http fetch GET 200 https://registry.npmjs.org/@unrs%2fresolver-binding-android-arm64 117ms (cache revalidated)
1663 silly packumentCache full:https://registry.npmjs.org/@unrs%2fresolver-binding-android-arm64 set size:12351 disposed:false
1664 silly fetch manifest @unrs/resolver-binding-linux-riscv64-gnu@1.11.1
1665 silly packumentCache full:https://registry.npmjs.org/@unrs%2fresolver-binding-linux-riscv64-gnu cache-miss
1666 http fetch GET 200 https://registry.npmjs.org/@unrs%2fresolver-binding-linux-arm64-musl 112ms (cache revalidated)
1667 silly packumentCache full:https://registry.npmjs.org/@unrs%2fresolver-binding-linux-arm64-musl set size:59889 disposed:false
1668 silly fetch manifest @unrs/resolver-binding-linux-riscv64-musl@1.11.1
1669 silly packumentCache full:https://registry.npmjs.org/@unrs%2fresolver-binding-linux-riscv64-musl cache-miss
1670 http fetch GET 200 https://registry.npmjs.org/@unrs%2fresolver-binding-linux-arm64-gnu 128ms (cache revalidated)
1671 silly packumentCache full:https://registry.npmjs.org/@unrs%2fresolver-binding-linux-arm64-gnu set size:59697 disposed:false
1672 silly fetch manifest @unrs/resolver-binding-linux-s390x-gnu@1.11.1
1673 silly packumentCache full:https://registry.npmjs.org/@unrs%2fresolver-binding-linux-s390x-gnu cache-miss
1674 http fetch GET 200 https://registry.npmjs.org/@unrs%2fresolver-binding-android-arm-eabi 121ms (cache revalidated)
1675 silly packumentCache full:https://registry.npmjs.org/@unrs%2fresolver-binding-android-arm-eabi set size:12473 disposed:false
1676 silly fetch manifest @unrs/resolver-binding-darwin-x64@1.11.1
1677 silly packumentCache full:https://registry.npmjs.org/@unrs%2fresolver-binding-darwin-x64 cache-miss
1678 http fetch GET 200 https://registry.npmjs.org/@unrs%2fresolver-binding-linux-arm-gnueabihf 117ms (cache revalidated)
1679 silly packumentCache full:https://registry.npmjs.org/@unrs%2fresolver-binding-linux-arm-gnueabihf set size:59902 disposed:false
1680 silly fetch manifest @unrs/resolver-binding-darwin-arm64@1.11.1
1681 silly packumentCache full:https://registry.npmjs.org/@unrs%2fresolver-binding-darwin-arm64 cache-miss
1682 http fetch GET 200 https://registry.npmjs.org/@unrs%2fresolver-binding-linux-arm-musleabihf 118ms (cache revalidated)
1683 silly packumentCache full:https://registry.npmjs.org/@unrs%2fresolver-binding-linux-arm-musleabihf set size:60135 disposed:false
1684 silly fetch manifest @unrs/resolver-binding-wasm32-wasi@1.11.1
1685 silly packumentCache full:https://registry.npmjs.org/@unrs%2fresolver-binding-wasm32-wasi cache-miss
1686 http fetch GET 200 https://registry.npmjs.org/@unrs%2fresolver-binding-linux-ppc64-gnu 99ms (cache revalidated)
1687 silly packumentCache full:https://registry.npmjs.org/@unrs%2fresolver-binding-linux-ppc64-gnu set size:59704 disposed:false
1688 http fetch GET 200 https://registry.npmjs.org/@unrs%2fresolver-binding-linux-riscv64-gnu 111ms (cache revalidated)
1689 silly packumentCache full:https://registry.npmjs.org/@unrs%2fresolver-binding-linux-riscv64-gnu set size:50987 disposed:false
1690 http fetch GET 200 https://registry.npmjs.org/@unrs%2fresolver-binding-linux-riscv64-musl 118ms (cache revalidated)
1691 silly packumentCache full:https://registry.npmjs.org/@unrs%2fresolver-binding-linux-riscv64-musl set size:40293 disposed:false
1692 http fetch GET 200 https://registry.npmjs.org/@unrs%2fresolver-binding-linux-s390x-gnu 130ms (cache revalidated)
1693 silly packumentCache full:https://registry.npmjs.org/@unrs%2fresolver-binding-linux-s390x-gnu set size:59697 disposed:false
1694 http fetch GET 200 https://registry.npmjs.org/@unrs%2fresolver-binding-wasm32-wasi 117ms (cache revalidated)
1695 silly packumentCache full:https://registry.npmjs.org/@unrs%2fresolver-binding-wasm32-wasi set size:61704 disposed:false
1696 http fetch GET 200 https://registry.npmjs.org/@unrs%2fresolver-binding-darwin-x64 133ms (cache revalidated)
1697 silly packumentCache full:https://registry.npmjs.org/@unrs%2fresolver-binding-darwin-x64 set size:57901 disposed:false
1698 http fetch GET 200 https://registry.npmjs.org/@unrs%2fresolver-binding-darwin-arm64 128ms (cache revalidated)
1699 silly packumentCache full:https://registry.npmjs.org/@unrs%2fresolver-binding-darwin-arm64 set size:58434 disposed:false
1700 silly placeDep node_modules/eslint-config-next resolve-pkg-maps@1.0.0 OK for: get-tsconfig@4.14.0 want: ^1.0.0
1701 silly placeDep node_modules/eslint-config-next semver@7.7.4 OK for: is-bun-module@2.0.0 want: ^7.7.1
1702 silly placeDep node_modules/eslint-config-next fdir@6.5.0 OK for: tinyglobby@0.2.16 want: ^6.5.0
1703 silly placeDep node_modules/eslint-config-next picomatch@4.0.4 OK for: fdir@6.5.0 want: ^3 || ^4
1704 silly placeDep ROOT @unrs/resolver-binding-android-arm-eabi@1.11.1 OK for: unrs-resolver@1.11.1 want: 1.11.1
1705 silly placeDep ROOT @unrs/resolver-binding-android-arm64@1.11.1 OK for: unrs-resolver@1.11.1 want: 1.11.1
1706 silly placeDep ROOT @unrs/resolver-binding-darwin-arm64@1.11.1 OK for: unrs-resolver@1.11.1 want: 1.11.1
1707 silly placeDep ROOT @unrs/resolver-binding-darwin-x64@1.11.1 OK for: unrs-resolver@1.11.1 want: 1.11.1
1708 silly placeDep ROOT @unrs/resolver-binding-freebsd-x64@1.11.1 OK for: unrs-resolver@1.11.1 want: 1.11.1
1709 silly placeDep ROOT @unrs/resolver-binding-linux-arm-gnueabihf@1.11.1 OK for: unrs-resolver@1.11.1 want: 1.11.1
1710 silly placeDep ROOT @unrs/resolver-binding-linux-arm-musleabihf@1.11.1 OK for: unrs-resolver@1.11.1 want: 1.11.1
1711 silly placeDep ROOT @unrs/resolver-binding-linux-arm64-gnu@1.11.1 OK for: unrs-resolver@1.11.1 want: 1.11.1
1712 silly placeDep ROOT @unrs/resolver-binding-linux-arm64-musl@1.11.1 OK for: unrs-resolver@1.11.1 want: 1.11.1
1713 silly placeDep ROOT @unrs/resolver-binding-linux-ppc64-gnu@1.11.1 OK for: unrs-resolver@1.11.1 want: 1.11.1
1714 silly placeDep ROOT @unrs/resolver-binding-linux-riscv64-gnu@1.11.1 OK for: unrs-resolver@1.11.1 want: 1.11.1
1715 silly placeDep ROOT @unrs/resolver-binding-linux-riscv64-musl@1.11.1 OK for: unrs-resolver@1.11.1 want: 1.11.1
1716 silly placeDep ROOT @unrs/resolver-binding-linux-s390x-gnu@1.11.1 OK for: unrs-resolver@1.11.1 want: 1.11.1
1717 silly placeDep ROOT @unrs/resolver-binding-linux-x64-gnu@1.11.1 OK for: unrs-resolver@1.11.1 want: 1.11.1
1718 silly placeDep ROOT @unrs/resolver-binding-linux-x64-musl@1.11.1 OK for: unrs-resolver@1.11.1 want: 1.11.1
1719 silly placeDep ROOT @unrs/resolver-binding-wasm32-wasi@1.11.1 OK for: unrs-resolver@1.11.1 want: 1.11.1
1720 silly placeDep ROOT @unrs/resolver-binding-win32-arm64-msvc@1.11.1 OK for: unrs-resolver@1.11.1 want: 1.11.1
1721 silly placeDep ROOT @unrs/resolver-binding-win32-ia32-msvc@1.11.1 OK for: unrs-resolver@1.11.1 want: 1.11.1
1722 silly placeDep node_modules/eslint-config-next napi-postinstall@0.3.4 OK for: unrs-resolver@1.11.1 want: ^0.3.0
1723 silly fetch manifest @napi-rs/wasm-runtime@^0.2.11
1724 silly packumentCache full:https://registry.npmjs.org/@napi-rs%2fwasm-runtime cache-miss
1725 http fetch GET 200 https://registry.npmjs.org/@napi-rs%2fwasm-runtime 98ms (cache revalidated)
1726 silly packumentCache full:https://registry.npmjs.org/@napi-rs%2fwasm-runtime set size:71273 disposed:false
1727 silly placeDep node_modules/@unrs/resolver-binding-wasm32-wasi @napi-rs/wasm-runtime@0.2.12 OK for: @unrs/resolver-binding-wasm32-wasi@1.11.1 want: ^0.2.11
1728 silly fetch manifest @emnapi/core@^1.4.3
1729 silly packumentCache full:https://registry.npmjs.org/@emnapi%2fcore cache-miss
1730 silly fetch manifest @emnapi/runtime@^1.4.3
1731 silly packumentCache full:https://registry.npmjs.org/@emnapi%2fruntime cache-hit
1732 silly fetch manifest @tybys/wasm-util@^0.10.0
1733 silly packumentCache full:https://registry.npmjs.org/@tybys%2fwasm-util cache-miss
1734 http fetch GET 200 https://registry.npmjs.org/@emnapi%2fcore 109ms (cache revalidated)
1735 silly packumentCache full:https://registry.npmjs.org/@emnapi%2fcore set size:105841 disposed:false
1736 http fetch GET 200 https://registry.npmjs.org/@tybys%2fwasm-util 121ms (cache revalidated)
1737 silly packumentCache full:https://registry.npmjs.org/@tybys%2fwasm-util set size:55410 disposed:false
1738 silly placeDep node_modules/@unrs/resolver-binding-wasm32-wasi @emnapi/core@1.10.0 OK for: @napi-rs/wasm-runtime@0.2.12 want: ^1.4.3
1739 silly placeDep node_modules/@unrs/resolver-binding-wasm32-wasi @emnapi/runtime@1.10.0 OK for: @napi-rs/wasm-runtime@0.2.12 want: ^1.4.3
1740 silly placeDep node_modules/@unrs/resolver-binding-wasm32-wasi @tybys/wasm-util@0.10.1 OK for: @napi-rs/wasm-runtime@0.2.12 want: ^0.10.0
1741 silly fetch manifest @emnapi/wasi-threads@1.2.1
1742 silly packumentCache full:https://registry.npmjs.org/@emnapi%2fwasi-threads cache-miss
1743 http fetch GET 200 https://registry.npmjs.org/@emnapi%2fwasi-threads 101ms (cache revalidated)
1744 silly packumentCache full:https://registry.npmjs.org/@emnapi%2fwasi-threads set size:24206 disposed:false
1745 silly placeDep node_modules/@unrs/resolver-binding-wasm32-wasi @emnapi/wasi-threads@1.2.1 OK for: @emnapi/core@1.10.0 want: 1.2.1
1746 silly placeDep node_modules/@unrs/resolver-binding-wasm32-wasi tslib@2.8.1 OK for: @emnapi/core@1.10.0 want: ^2.4.0
1747 silly placeDep node_modules/eslint-import-resolver-node ms@2.1.3 OK for: debug@3.2.7 want: ^2.1.1
1748 silly placeDep node_modules/eslint-import-resolver-node hasown@2.0.3 OK for: is-core-module@2.16.1 want: ^2.0.2
1749 silly placeDep node_modules/eslint-import-resolver-node function-bind@1.1.2 OK for: hasown@2.0.3 want: ^1.1.2
1750 silly placeDep node_modules/eslint-import-resolver-node es-errors@1.3.0 OK for: resolve@2.0.0-next.6 want: ^1.3.0
1751 silly placeDep node_modules/eslint-import-resolver-node node-exports-info@1.6.0 OK for: resolve@2.0.0-next.6 want: ^1.6.0
1752 silly placeDep node_modules/eslint-import-resolver-node object-keys@1.1.1 OK for: resolve@2.0.0-next.6 want: ^1.1.1
1753 silly placeDep node_modules/eslint-import-resolver-node supports-preserve-symlinks-flag@1.0.0 OK for: resolve@2.0.0-next.6 want: ^1.0.0
1754 silly placeDep node_modules/eslint-import-resolver-node array.prototype.flatmap@1.3.3 OK for: node-exports-info@1.6.0 want: ^1.3.3
1755 silly placeDep node_modules/eslint-import-resolver-node object.entries@1.1.9 OK for: node-exports-info@1.6.0 want: ^1.1.9
1756 silly placeDep node_modules/eslint-import-resolver-node semver@6.3.1 OK for: node-exports-info@1.6.0 want: ^6.3.1
1757 silly placeDep node_modules/eslint-import-resolver-node call-bind@1.0.9 OK for: array.prototype.flatmap@1.3.3 want: ^1.0.8
1758 silly placeDep node_modules/eslint-import-resolver-node define-properties@1.2.1 OK for: array.prototype.flatmap@1.3.3 want: ^1.2.1
1759 silly placeDep node_modules/eslint-import-resolver-node es-abstract@1.24.2 OK for: array.prototype.flatmap@1.3.3 want: ^1.23.5
1760 silly placeDep node_modules/eslint-import-resolver-node es-shim-unscopables@1.1.0 OK for: array.prototype.flatmap@1.3.3 want: ^1.0.2
1761 silly fetch manifest call-bind-apply-helpers@^1.0.2
1762 silly packumentCache full:https://registry.npmjs.org/call-bind-apply-helpers cache-miss
1763 silly fetch manifest es-define-property@^1.0.1
1764 silly packumentCache full:https://registry.npmjs.org/es-define-property cache-miss
1765 silly fetch manifest set-function-length@^1.2.2
1766 silly packumentCache full:https://registry.npmjs.org/set-function-length cache-miss
1767 silly fetch manifest define-data-property@^1.0.1
1768 silly packumentCache full:https://registry.npmjs.org/define-data-property cache-miss
1769 silly fetch manifest has-property-descriptors@^1.0.0
1770 silly packumentCache full:https://registry.npmjs.org/has-property-descriptors cache-hit
1771 silly fetch manifest array-buffer-byte-length@^1.0.2
1772 silly packumentCache full:https://registry.npmjs.org/array-buffer-byte-length cache-miss
1773 silly fetch manifest arraybuffer.prototype.slice@^1.0.4
1774 silly packumentCache full:https://registry.npmjs.org/arraybuffer.prototype.slice cache-miss
1775 silly fetch manifest available-typed-arrays@^1.0.7
1776 silly packumentCache full:https://registry.npmjs.org/available-typed-arrays cache-miss
1777 http fetch GET 200 https://registry.npmjs.org/es-define-property 119ms (cache revalidated)
1778 silly packumentCache full:https://registry.npmjs.org/es-define-property set size:8542 disposed:false
1779 silly fetch manifest data-view-buffer@^1.0.2
1780 silly packumentCache full:https://registry.npmjs.org/data-view-buffer cache-miss
1781 http fetch GET 200 https://registry.npmjs.org/set-function-length 122ms (cache revalidated)
1782 silly packumentCache full:https://registry.npmjs.org/set-function-length set size:24261 disposed:false
1783 silly fetch manifest data-view-byte-length@^1.0.2
1784 silly packumentCache full:https://registry.npmjs.org/data-view-byte-length cache-miss
1785 http fetch GET 200 https://registry.npmjs.org/array-buffer-byte-length 132ms (cache revalidated)
1786 silly packumentCache full:https://registry.npmjs.org/array-buffer-byte-length set size:13099 disposed:false
1787 silly fetch manifest data-view-byte-offset@^1.0.1
1788 silly packumentCache full:https://registry.npmjs.org/data-view-byte-offset cache-miss
1789 http fetch GET 200 https://registry.npmjs.org/available-typed-arrays 132ms (cache revalidated)
1790 silly packumentCache full:https://registry.npmjs.org/available-typed-arrays set size:31390 disposed:false
1791 silly fetch manifest es-to-primitive@^1.3.0
1792 silly packumentCache full:https://registry.npmjs.org/es-to-primitive cache-miss
1793 http fetch GET 200 https://registry.npmjs.org/define-data-property 139ms (cache revalidated)
1794 silly packumentCache full:https://registry.npmjs.org/define-data-property set size:28048 disposed:false
1795 silly fetch manifest function.prototype.name@^1.1.8
1796 silly packumentCache full:https://registry.npmjs.org/function.prototype.name cache-miss
1797 http fetch GET 200 https://registry.npmjs.org/arraybuffer.prototype.slice 141ms (cache revalidated)
1798 silly packumentCache full:https://registry.npmjs.org/arraybuffer.prototype.slice set size:20917 disposed:false
1799 silly fetch manifest get-proto@^1.0.1
1800 silly packumentCache full:https://registry.npmjs.org/get-proto cache-miss
1801 http fetch GET 200 https://registry.npmjs.org/call-bind-apply-helpers 151ms (cache revalidated)
1802 silly packumentCache full:https://registry.npmjs.org/call-bind-apply-helpers set size:12744 disposed:false
1803 silly fetch manifest get-symbol-description@^1.1.0
1804 silly packumentCache full:https://registry.npmjs.org/get-symbol-description cache-miss
1805 http fetch GET 200 https://registry.npmjs.org/data-view-buffer 117ms (cache revalidated)
1806 silly packumentCache full:https://registry.npmjs.org/data-view-buffer set size:11789 disposed:false
1807 silly fetch manifest is-array-buffer@^3.0.5
1808 silly packumentCache full:https://registry.npmjs.org/is-array-buffer cache-miss
1809 http fetch GET 200 https://registry.npmjs.org/data-view-byte-offset 109ms (cache revalidated)
1810 silly packumentCache full:https://registry.npmjs.org/data-view-byte-offset set size:9200 disposed:false
1811 silly fetch manifest is-callable@^1.2.7
1812 silly packumentCache full:https://registry.npmjs.org/is-callable cache-miss
1813 http fetch GET 200 https://registry.npmjs.org/es-to-primitive 114ms (cache revalidated)
1814 silly packumentCache full:https://registry.npmjs.org/es-to-primitive set size:22465 disposed:false
1815 silly fetch manifest is-data-view@^1.0.2
1816 silly packumentCache full:https://registry.npmjs.org/is-data-view cache-miss
1817 http fetch GET 200 https://registry.npmjs.org/data-view-byte-length 136ms (cache revalidated)
1818 silly packumentCache full:https://registry.npmjs.org/data-view-byte-length set size:12269 disposed:false
1819 silly fetch manifest is-negative-zero@^2.0.3
1820 silly packumentCache full:https://registry.npmjs.org/is-negative-zero cache-miss
1821 http fetch GET 200 https://registry.npmjs.org/get-proto 119ms (cache revalidated)
1822 silly packumentCache full:https://registry.npmjs.org/get-proto set size:8300 disposed:false
1823 silly fetch manifest is-set@^2.0.3
1824 silly packumentCache full:https://registry.npmjs.org/is-set cache-miss
1825 http fetch GET 200 https://registry.npmjs.org/function.prototype.name 127ms (cache revalidated)
1826 silly packumentCache full:https://registry.npmjs.org/function.prototype.name set size:44756 disposed:false
1827 silly fetch manifest is-shared-array-buffer@^1.0.4
1828 silly packumentCache full:https://registry.npmjs.org/is-shared-array-buffer cache-miss
1829 http fetch GET 200 https://registry.npmjs.org/get-symbol-description 121ms (cache revalidated)
1830 silly packumentCache full:https://registry.npmjs.org/get-symbol-description set size:15540 disposed:false
1831 silly fetch manifest is-typed-array@^1.1.15
1832 silly packumentCache full:https://registry.npmjs.org/is-typed-array cache-miss
1833 http fetch GET 200 https://registry.npmjs.org/is-array-buffer 93ms (cache revalidated)
1834 silly packumentCache full:https://registry.npmjs.org/is-array-buffer set size:33562 disposed:false
1835 silly fetch manifest is-weakref@^1.1.1
1836 silly packumentCache full:https://registry.npmjs.org/is-weakref cache-miss
1837 http fetch GET 200 https://registry.npmjs.org/is-callable 109ms (cache revalidated)
1838 silly packumentCache full:https://registry.npmjs.org/is-callable set size:66606 disposed:false
1839 silly fetch manifest object-inspect@^1.13.4
1840 silly packumentCache full:https://registry.npmjs.org/object-inspect cache-miss
1841 http fetch GET 200 https://registry.npmjs.org/is-data-view 111ms (cache revalidated)
1842 silly packumentCache full:https://registry.npmjs.org/is-data-view set size:13756 disposed:false
1843 silly fetch manifest object.assign@^4.1.7
1844 silly packumentCache full:https://registry.npmjs.org/object.assign cache-hit
1845 silly fetch manifest own-keys@^1.0.1
1846 silly packumentCache full:https://registry.npmjs.org/own-keys cache-miss
1847 http fetch GET 200 https://registry.npmjs.org/is-shared-array-buffer 109ms (cache revalidated)
1848 silly packumentCache full:https://registry.npmjs.org/is-shared-array-buffer set size:19880 disposed:false
1849 silly fetch manifest regexp.prototype.flags@^1.5.4
1850 silly packumentCache full:https://registry.npmjs.org/regexp.prototype.flags cache-hit
1851 silly fetch manifest safe-array-concat@^1.1.3
1852 silly packumentCache full:https://registry.npmjs.org/safe-array-concat cache-miss
1853 http fetch GET 200 https://registry.npmjs.org/is-negative-zero 126ms (cache revalidated)
1854 silly packumentCache full:https://registry.npmjs.org/is-negative-zero set size:22152 disposed:false
1855 silly fetch manifest safe-push-apply@^1.0.0
1856 silly packumentCache full:https://registry.npmjs.org/safe-push-apply cache-miss
1857 http fetch GET 200 https://registry.npmjs.org/is-set 123ms (cache revalidated)
1858 silly packumentCache full:https://registry.npmjs.org/is-set set size:16614 disposed:false
1859 silly fetch manifest safe-regex-test@^1.1.0
1860 silly packumentCache full:https://registry.npmjs.org/safe-regex-test cache-hit
1861 silly fetch manifest set-proto@^1.0.0
1862 silly packumentCache full:https://registry.npmjs.org/set-proto cache-miss
1863 http fetch GET 200 https://registry.npmjs.org/is-typed-array 128ms (cache revalidated)
1864 silly packumentCache full:https://registry.npmjs.org/is-typed-array set size:79965 disposed:false
1865 silly fetch manifest stop-iteration-iterator@^1.1.0
1866 silly packumentCache full:https://registry.npmjs.org/stop-iteration-iterator cache-miss
1867 http fetch GET 200 https://registry.npmjs.org/is-weakref 102ms (cache revalidated)
1868 silly packumentCache full:https://registry.npmjs.org/is-weakref set size:18473 disposed:false
1869 silly fetch manifest string.prototype.trim@^1.2.10
1870 silly packumentCache full:https://registry.npmjs.org/string.prototype.trim cache-miss
1871 http fetch GET 200 https://registry.npmjs.org/object-inspect 125ms (cache revalidated)
1872 silly packumentCache full:https://registry.npmjs.org/object-inspect set size:101912 disposed:false
1873 silly fetch manifest string.prototype.trimstart@^1.0.8
1874 silly packumentCache full:https://registry.npmjs.org/string.prototype.trimstart cache-miss
1875 http fetch GET 200 https://registry.npmjs.org/own-keys 121ms (cache revalidated)
1876 silly packumentCache full:https://registry.npmjs.org/own-keys set size:8735 disposed:false
1877 silly fetch manifest typed-array-buffer@^1.0.3
1878 silly packumentCache full:https://registry.npmjs.org/typed-array-buffer cache-miss
1879 http fetch GET 200 https://registry.npmjs.org/set-proto 141ms (cache revalidated)
1880 silly packumentCache full:https://registry.npmjs.org/set-proto set size:5334 disposed:false
1881 silly fetch manifest typed-array-byte-length@^1.0.3
1882 silly packumentCache full:https://registry.npmjs.org/typed-array-byte-length cache-miss
1883 http fetch GET 200 https://registry.npmjs.org/safe-array-concat 154ms (cache revalidated)
1884 silly packumentCache full:https://registry.npmjs.org/safe-array-concat set size:25516 disposed:false
1885 silly fetch manifest typed-array-byte-offset@^1.0.4
1886 silly packumentCache full:https://registry.npmjs.org/typed-array-byte-offset cache-miss
1887 http fetch GET 200 https://registry.npmjs.org/stop-iteration-iterator 136ms (cache revalidated)
1888 silly packumentCache full:https://registry.npmjs.org/stop-iteration-iterator set size:9160 disposed:false
1889 silly fetch manifest typed-array-length@^1.0.7
1890 silly packumentCache full:https://registry.npmjs.org/typed-array-length cache-miss
1891 http fetch GET 200 https://registry.npmjs.org/safe-push-apply 156ms (cache revalidated)
1892 silly packumentCache full:https://registry.npmjs.org/safe-push-apply set size:5759 disposed:false
1893 silly fetch manifest unbox-primitive@^1.1.0
1894 silly packumentCache full:https://registry.npmjs.org/unbox-primitive cache-miss
1895 http fetch GET 200 https://registry.npmjs.org/string.prototype.trim 115ms (cache revalidated)
1896 silly packumentCache full:https://registry.npmjs.org/string.prototype.trim set size:54116 disposed:false
1897 silly fetch manifest which-typed-array@^1.1.19
1898 silly packumentCache full:https://registry.npmjs.org/which-typed-array cache-miss
1899 http fetch GET 200 https://registry.npmjs.org/typed-array-buffer 330ms (cache revalidated)
1900 silly packumentCache full:https://registry.npmjs.org/typed-array-buffer set size:14045 disposed:false
1901 http fetch GET 200 https://registry.npmjs.org/string.prototype.trimstart 337ms (cache revalidated)
1902 silly packumentCache full:https://registry.npmjs.org/string.prototype.trimstart set size:38291 disposed:false
1903 http fetch GET 200 https://registry.npmjs.org/typed-array-length 286ms (cache revalidated)
1904 silly packumentCache full:https://registry.npmjs.org/typed-array-length set size:32113 disposed:false
1905 http fetch GET 200 https://registry.npmjs.org/typed-array-byte-length 296ms (cache revalidated)
1906 silly packumentCache full:https://registry.npmjs.org/typed-array-byte-length set size:18382 disposed:false
1907 http fetch GET 200 https://registry.npmjs.org/unbox-primitive 288ms (cache revalidated)
1908 silly packumentCache full:https://registry.npmjs.org/unbox-primitive set size:15669 disposed:false
1909 http fetch GET 200 https://registry.npmjs.org/typed-array-byte-offset 309ms (cache revalidated)
1910 silly packumentCache full:https://registry.npmjs.org/typed-array-byte-offset set size:21714 disposed:false
1911 http fetch GET 200 https://registry.npmjs.org/which-typed-array 295ms (cache revalidated)
1912 silly packumentCache full:https://registry.npmjs.org/which-typed-array set size:93605 disposed:false
1913 silly placeDep node_modules/eslint-import-resolver-node call-bind-apply-helpers@1.0.2 OK for: call-bind@1.0.9 want: ^1.0.2
1914 silly placeDep node_modules/eslint-import-resolver-node es-define-property@1.0.1 OK for: call-bind@1.0.9 want: ^1.0.1
1915 silly placeDep node_modules/eslint-import-resolver-node get-intrinsic@1.3.0 OK for: call-bind@1.0.9 want: ^1.3.0
1916 silly placeDep node_modules/eslint-import-resolver-node set-function-length@1.2.2 OK for: call-bind@1.0.9 want: ^1.2.2
1917 silly fetch manifest define-data-property@^1.1.4
1918 silly packumentCache full:https://registry.npmjs.org/define-data-property cache-hit
1919 silly fetch manifest gopd@^1.0.1
1920 silly packumentCache full:https://registry.npmjs.org/gopd cache-hit
1921 silly placeDep node_modules/eslint-import-resolver-node define-data-property@1.1.4 OK for: define-properties@1.2.1 want: ^1.0.1
1922 silly placeDep node_modules/eslint-import-resolver-node has-property-descriptors@1.0.2 OK for: define-properties@1.2.1 want: ^1.0.0
1923 silly placeDep node_modules/eslint-import-resolver-node gopd@1.2.0 OK for: define-data-property@1.1.4 want: ^1.0.1
1924 silly placeDep node_modules/eslint-import-resolver-node array-buffer-byte-length@1.0.2 OK for: es-abstract@1.24.2 want: ^1.0.2
1925 silly placeDep node_modules/eslint-import-resolver-node arraybuffer.prototype.slice@1.0.4 OK for: es-abstract@1.24.2 want: ^1.0.4
1926 silly placeDep node_modules/eslint-import-resolver-node available-typed-arrays@1.0.7 OK for: es-abstract@1.24.2 want: ^1.0.7
1927 silly placeDep node_modules/eslint-import-resolver-node call-bound@1.0.4 OK for: es-abstract@1.24.2 want: ^1.0.4
1928 silly placeDep node_modules/eslint-import-resolver-node data-view-buffer@1.0.2 OK for: es-abstract@1.24.2 want: ^1.0.2
1929 silly placeDep node_modules/eslint-import-resolver-node data-view-byte-length@1.0.2 OK for: es-abstract@1.24.2 want: ^1.0.2
1930 silly placeDep node_modules/eslint-import-resolver-node data-view-byte-offset@1.0.1 OK for: es-abstract@1.24.2 want: ^1.0.1
1931 silly placeDep node_modules/eslint-import-resolver-node es-object-atoms@1.1.1 OK for: es-abstract@1.24.2 want: ^1.1.1
1932 silly placeDep node_modules/eslint-import-resolver-node es-set-tostringtag@2.1.0 OK for: es-abstract@1.24.2 want: ^2.1.0
1933 silly placeDep node_modules/eslint-import-resolver-node es-to-primitive@1.3.0 OK for: es-abstract@1.24.2 want: ^1.3.0
1934 silly placeDep node_modules/eslint-import-resolver-node function.prototype.name@1.1.8 OK for: es-abstract@1.24.2 want: ^1.1.8
1935 silly placeDep node_modules/eslint-import-resolver-node get-proto@1.0.1 OK for: es-abstract@1.24.2 want: ^1.0.1
1936 silly placeDep node_modules/eslint-import-resolver-node get-symbol-description@1.1.0 OK for: es-abstract@1.24.2 want: ^1.1.0
1937 silly placeDep node_modules/eslint-import-resolver-node globalthis@1.0.4 OK for: es-abstract@1.24.2 want: ^1.0.4
1938 silly placeDep node_modules/eslint-import-resolver-node has-proto@1.2.0 OK for: es-abstract@1.24.2 want: ^1.2.0
1939 silly placeDep node_modules/eslint-import-resolver-node has-symbols@1.1.0 OK for: es-abstract@1.24.2 want: ^1.1.0
1940 silly placeDep node_modules/eslint-import-resolver-node internal-slot@1.1.0 OK for: es-abstract@1.24.2 want: ^1.1.0
1941 silly placeDep node_modules/eslint-import-resolver-node is-array-buffer@3.0.5 OK for: es-abstract@1.24.2 want: ^3.0.5
1942 silly placeDep node_modules/eslint-import-resolver-node is-callable@1.2.7 OK for: es-abstract@1.24.2 want: ^1.2.7
1943 silly placeDep node_modules/eslint-import-resolver-node is-data-view@1.0.2 OK for: es-abstract@1.24.2 want: ^1.0.2
1944 silly placeDep node_modules/eslint-import-resolver-node is-negative-zero@2.0.3 OK for: es-abstract@1.24.2 want: ^2.0.3
1945 silly placeDep node_modules/eslint-import-resolver-node is-regex@1.2.1 OK for: es-abstract@1.24.2 want: ^1.2.1
1946 silly placeDep node_modules/eslint-import-resolver-node is-set@2.0.3 OK for: es-abstract@1.24.2 want: ^2.0.3
1947 silly placeDep node_modules/eslint-import-resolver-node is-shared-array-buffer@1.0.4 OK for: es-abstract@1.24.2 want: ^1.0.4
1948 silly placeDep node_modules/eslint-import-resolver-node is-string@1.1.1 OK for: es-abstract@1.24.2 want: ^1.1.1
1949 silly placeDep node_modules/eslint-import-resolver-node is-typed-array@1.1.15 OK for: es-abstract@1.24.2 want: ^1.1.15
1950 silly placeDep node_modules/eslint-import-resolver-node is-weakref@1.1.1 OK for: es-abstract@1.24.2 want: ^1.1.1
1951 silly placeDep node_modules/eslint-import-resolver-node math-intrinsics@1.1.0 OK for: es-abstract@1.24.2 want: ^1.1.0
1952 silly placeDep node_modules/eslint-import-resolver-node object-inspect@1.13.4 OK for: es-abstract@1.24.2 want: ^1.13.4
1953 silly placeDep node_modules/eslint-import-resolver-node object.assign@4.1.7 OK for: es-abstract@1.24.2 want: ^4.1.7
1954 silly placeDep node_modules/eslint-import-resolver-node own-keys@1.0.1 OK for: es-abstract@1.24.2 want: ^1.0.1
1955 silly placeDep node_modules/eslint-import-resolver-node regexp.prototype.flags@1.5.4 OK for: es-abstract@1.24.2 want: ^1.5.4
1956 silly placeDep node_modules/eslint-import-resolver-node safe-array-concat@1.1.4 OK for: es-abstract@1.24.2 want: ^1.1.3
1957 silly placeDep node_modules/eslint-import-resolver-node safe-push-apply@1.0.0 OK for: es-abstract@1.24.2 want: ^1.0.0
1958 silly placeDep node_modules/eslint-import-resolver-node safe-regex-test@1.1.0 OK for: es-abstract@1.24.2 want: ^1.1.0
1959 silly placeDep node_modules/eslint-import-resolver-node set-proto@1.0.0 OK for: es-abstract@1.24.2 want: ^1.0.0
1960 silly placeDep node_modules/eslint-import-resolver-node stop-iteration-iterator@1.1.0 OK for: es-abstract@1.24.2 want: ^1.1.0
1961 silly placeDep node_modules/eslint-import-resolver-node string.prototype.trim@1.2.10 OK for: es-abstract@1.24.2 want: ^1.2.10
1962 silly placeDep node_modules/eslint-import-resolver-node string.prototype.trimend@1.0.9 OK for: es-abstract@1.24.2 want: ^1.0.9
1963 silly placeDep node_modules/eslint-import-resolver-node string.prototype.trimstart@1.0.8 OK for: es-abstract@1.24.2 want: ^1.0.8
1964 silly placeDep node_modules/eslint-import-resolver-node typed-array-buffer@1.0.3 OK for: es-abstract@1.24.2 want: ^1.0.3
1965 silly placeDep node_modules/eslint-import-resolver-node typed-array-byte-length@1.0.3 OK for: es-abstract@1.24.2 want: ^1.0.3
1966 silly placeDep node_modules/eslint-import-resolver-node typed-array-byte-offset@1.0.4 OK for: es-abstract@1.24.2 want: ^1.0.4
1967 silly placeDep node_modules/eslint-import-resolver-node typed-array-length@1.0.7 OK for: es-abstract@1.24.2 want: ^1.0.7
1968 silly placeDep node_modules/eslint-import-resolver-node unbox-primitive@1.1.0 OK for: es-abstract@1.24.2 want: ^1.1.0
1969 silly placeDep node_modules/eslint-import-resolver-node which-typed-array@1.1.20 OK for: es-abstract@1.24.2 want: ^1.1.19
1970 silly fetch manifest is-array-buffer@^3.0.4
1971 silly packumentCache full:https://registry.npmjs.org/is-array-buffer cache-hit
1972 silly fetch manifest possible-typed-array-names@^1.0.0
1973 silly packumentCache full:https://registry.npmjs.org/possible-typed-array-names cache-miss
1974 silly fetch manifest is-data-view@^1.0.1
1975 silly packumentCache full:https://registry.npmjs.org/is-data-view cache-hit
1976 silly fetch manifest has-tostringtag@^1.0.2
1977 silly packumentCache full:https://registry.npmjs.org/has-tostringtag cache-miss
1978 silly fetch manifest is-date-object@^1.0.5
1979 silly packumentCache full:https://registry.npmjs.org/is-date-object cache-miss
1980 silly fetch manifest is-symbol@^1.0.4
1981 silly packumentCache full:https://registry.npmjs.org/is-symbol cache-miss
1982 silly fetch manifest functions-have-names@^1.2.3
1983 silly packumentCache full:https://registry.npmjs.org/functions-have-names cache-miss
1984 silly fetch manifest dunder-proto@^1.0.1
1985 silly packumentCache full:https://registry.npmjs.org/dunder-proto cache-miss
1986 silly fetch manifest dunder-proto@^1.0.0
1987 silly packumentCache full:https://registry.npmjs.org/dunder-proto cache-miss
1988 http fetch GET 200 https://registry.npmjs.org/functions-have-names 114ms (cache revalidated)
1989 silly packumentCache full:https://registry.npmjs.org/functions-have-names set size:24196 disposed:false
1990 silly fetch manifest is-typed-array@^1.1.13
1991 silly packumentCache full:https://registry.npmjs.org/is-typed-array cache-hit
1992 silly fetch manifest has-tostringtag@^1.0.2
1993 silly packumentCache full:https://registry.npmjs.org/has-tostringtag cache-miss
1994 http fetch GET 200 https://registry.npmjs.org/has-tostringtag 121ms (cache revalidated)
1995 silly packumentCache full:https://registry.npmjs.org/has-tostringtag set size:13945 disposed:false
1996 silly fetch manifest which-typed-array@^1.1.16
1997 silly packumentCache full:https://registry.npmjs.org/which-typed-array cache-hit
1998 silly fetch manifest dunder-proto@^1.0.1
1999 silly packumentCache full:https://registry.npmjs.org/dunder-proto cache-miss
2000 http fetch GET 200 https://registry.npmjs.org/is-symbol 129ms (cache revalidated)
2001 silly packumentCache full:https://registry.npmjs.org/is-symbol set size:22675 disposed:false
2002 silly fetch manifest for-each@^0.3.3
2003 silly packumentCache full:https://registry.npmjs.org/for-each cache-miss
2004 http fetch GET 200 https://registry.npmjs.org/dunder-proto 131ms (cache revalidated)
2005 silly packumentCache full:https://registry.npmjs.org/dunder-proto set size:8256 disposed:false
2006 silly fetch manifest for-each@^0.3.3
2007 silly packumentCache full:https://registry.npmjs.org/for-each cache-miss
2008 http fetch GET 200 https://registry.npmjs.org/possible-typed-array-names 139ms (cache revalidated)
2009 silly packumentCache full:https://registry.npmjs.org/possible-typed-array-names set size:9167 disposed:false
2010 silly fetch manifest reflect.getprototypeof@^1.0.9
2011 silly packumentCache full:https://registry.npmjs.org/reflect.getprototypeof cache-miss
2012 http fetch GET 200 https://registry.npmjs.org/dunder-proto 140ms (cache revalidated)
2013 silly packumentCache full:https://registry.npmjs.org/dunder-proto set size:8256 disposed:false
2014 silly packumentCache full:https://registry.npmjs.org/dunder-proto dispose
2015 silly fetch manifest for-each@^0.3.3
2016 silly packumentCache full:https://registry.npmjs.org/for-each cache-miss
2017 http fetch GET 200 https://registry.npmjs.org/is-date-object 158ms (cache revalidated)
2018 silly packumentCache full:https://registry.npmjs.org/is-date-object set size:25050 disposed:false
2019 silly fetch manifest reflect.getprototypeof@^1.0.6
2020 silly packumentCache full:https://registry.npmjs.org/reflect.getprototypeof cache-miss
2021 http fetch GET 200 https://registry.npmjs.org/has-tostringtag 110ms (cache revalidated)
2022 silly packumentCache full:https://registry.npmjs.org/has-tostringtag set size:13945 disposed:false
2023 silly packumentCache full:https://registry.npmjs.org/has-tostringtag dispose
2024 silly fetch manifest which-boxed-primitive@^1.1.1
2025 silly packumentCache full:https://registry.npmjs.org/which-boxed-primitive cache-miss
2026 http fetch GET 200 https://registry.npmjs.org/dunder-proto 107ms (cache revalidated)
2027 silly packumentCache full:https://registry.npmjs.org/dunder-proto set size:8256 disposed:true
2028 silly packumentCache full:https://registry.npmjs.org/dunder-proto dispose
2029 silly fetch manifest for-each@^0.3.5
2030 silly packumentCache full:https://registry.npmjs.org/for-each cache-miss
2031 http fetch GET 200 https://registry.npmjs.org/for-each 135ms (cache revalidated)
2032 silly packumentCache full:https://registry.npmjs.org/for-each set size:14327 disposed:false
2033 http fetch GET 200 https://registry.npmjs.org/for-each 144ms (cache revalidated)
2034 silly packumentCache full:https://registry.npmjs.org/for-each set size:14327 disposed:false
2035 silly packumentCache full:https://registry.npmjs.org/for-each dispose
2036 http fetch GET 200 https://registry.npmjs.org/for-each 140ms (cache revalidated)
2037 silly packumentCache full:https://registry.npmjs.org/for-each set size:14327 disposed:true
2038 silly packumentCache full:https://registry.npmjs.org/for-each dispose
2039 http fetch GET 200 https://registry.npmjs.org/reflect.getprototypeof 153ms (cache revalidated)
2040 silly packumentCache full:https://registry.npmjs.org/reflect.getprototypeof set size:44083 disposed:false
2041 http fetch GET 200 https://registry.npmjs.org/reflect.getprototypeof 136ms (cache revalidated)
2042 silly packumentCache full:https://registry.npmjs.org/reflect.getprototypeof set size:44083 disposed:false
2043 silly packumentCache full:https://registry.npmjs.org/reflect.getprototypeof dispose
2044 http fetch GET 200 https://registry.npmjs.org/which-boxed-primitive 87ms (cache revalidated)
2045 silly packumentCache full:https://registry.npmjs.org/which-boxed-primitive set size:19407 disposed:false
2046 http fetch GET 200 https://registry.npmjs.org/for-each 86ms (cache revalidated)
2047 silly packumentCache full:https://registry.npmjs.org/for-each set size:14327 disposed:true
2048 silly packumentCache full:https://registry.npmjs.org/for-each dispose
2049 silly placeDep node_modules/eslint-import-resolver-node possible-typed-array-names@1.1.0 OK for: available-typed-arrays@1.0.7 want: ^1.0.0
2050 silly placeDep node_modules/eslint-import-resolver-node has-tostringtag@1.0.2 OK for: es-set-tostringtag@2.1.0 want: ^1.0.2
2051 silly placeDep node_modules/eslint-import-resolver-node is-date-object@1.1.0 OK for: es-to-primitive@1.3.0 want: ^1.0.5
2052 silly placeDep node_modules/eslint-import-resolver-node is-symbol@1.1.1 OK for: es-to-primitive@1.3.0 want: ^1.0.4
2053 silly placeDep node_modules/eslint-import-resolver-node functions-have-names@1.2.3 OK for: function.prototype.name@1.1.8 want: ^1.2.3
2054 silly placeDep node_modules/eslint-import-resolver-node dunder-proto@1.0.1 OK for: get-proto@1.0.1 want: ^1.0.1
2055 silly placeDep node_modules/eslint-import-resolver-node side-channel@1.1.0 OK for: internal-slot@1.1.0 want: ^1.1.0
2056 silly fetch manifest side-channel-list@^1.0.0
2057 silly packumentCache full:https://registry.npmjs.org/side-channel-list cache-miss
2058 silly fetch manifest side-channel-map@^1.0.1
2059 silly packumentCache full:https://registry.npmjs.org/side-channel-map cache-miss
2060 silly fetch manifest side-channel-weakmap@^1.0.2
2061 silly packumentCache full:https://registry.npmjs.org/side-channel-weakmap cache-miss
2062 http fetch GET 200 https://registry.npmjs.org/side-channel-weakmap 90ms (cache revalidated)
2063 silly packumentCache full:https://registry.npmjs.org/side-channel-weakmap set size:12620 disposed:false
2064 http fetch GET 200 https://registry.npmjs.org/side-channel-map 92ms (cache revalidated)
2065 silly packumentCache full:https://registry.npmjs.org/side-channel-map set size:9126 disposed:false
2066 http fetch GET 200 https://registry.npmjs.org/side-channel-list 98ms (cache revalidated)
2067 silly packumentCache full:https://registry.npmjs.org/side-channel-list set size:9021 disposed:false
2068 silly placeDep node_modules/eslint-import-resolver-node set-function-name@2.0.2 OK for: regexp.prototype.flags@1.5.4 want: ^2.0.2
2069 silly placeDep node_modules/eslint-import-resolver-node side-channel-list@1.0.1 OK for: side-channel@1.1.0 want: ^1.0.0
2070 silly placeDep node_modules/eslint-import-resolver-node side-channel-map@1.0.1 OK for: side-channel@1.1.0 want: ^1.0.1
2071 silly placeDep node_modules/eslint-import-resolver-node side-channel-weakmap@1.0.2 OK for: side-channel@1.1.0 want: ^1.0.2
2072 silly placeDep node_modules/eslint-import-resolver-node for-each@0.3.5 OK for: typed-array-byte-length@1.0.3 want: ^0.3.3
2073 silly placeDep node_modules/eslint-import-resolver-node reflect.getprototypeof@1.0.10 OK for: typed-array-byte-offset@1.0.4 want: ^1.0.9
2074 silly fetch manifest which-builtin-type@^1.2.1
2075 silly packumentCache full:https://registry.npmjs.org/which-builtin-type cache-miss
2076 http fetch GET 200 https://registry.npmjs.org/which-builtin-type 95ms (cache revalidated)
2077 silly packumentCache full:https://registry.npmjs.org/which-builtin-type set size:39107 disposed:false
2078 silly placeDep node_modules/eslint-import-resolver-node which-builtin-type@1.2.1 OK for: reflect.getprototypeof@1.0.10 want: ^1.2.1
2079 silly fetch manifest is-async-function@^2.0.0
2080 silly packumentCache full:https://registry.npmjs.org/is-async-function cache-miss
2081 silly fetch manifest is-generator-function@^1.0.10
2082 silly packumentCache full:https://registry.npmjs.org/is-generator-function cache-miss
2083 silly fetch manifest which-boxed-primitive@^1.1.0
2084 silly packumentCache full:https://registry.npmjs.org/which-boxed-primitive cache-hit
2085 http fetch GET 200 https://registry.npmjs.org/is-async-function 93ms (cache revalidated)
2086 silly packumentCache full:https://registry.npmjs.org/is-async-function set size:51614 disposed:false
2087 http fetch GET 200 https://registry.npmjs.org/is-generator-function 110ms (cache revalidated)
2088 silly packumentCache full:https://registry.npmjs.org/is-generator-function set size:44643 disposed:false
2089 silly placeDep node_modules/eslint-import-resolver-node which-boxed-primitive@1.1.1 OK for: unbox-primitive@1.1.0 want: ^1.1.1
2090 silly fetch manifest is-bigint@^1.1.0
2091 silly packumentCache full:https://registry.npmjs.org/is-bigint cache-miss
2092 silly fetch manifest is-boolean-object@^1.2.1
2093 silly packumentCache full:https://registry.npmjs.org/is-boolean-object cache-miss
2094 silly fetch manifest is-number-object@^1.1.1
2095 silly packumentCache full:https://registry.npmjs.org/is-number-object cache-miss
2096 http fetch GET 200 https://registry.npmjs.org/is-bigint 93ms (cache revalidated)
2097 silly packumentCache full:https://registry.npmjs.org/is-bigint set size:20283 disposed:false
2098 http fetch GET 200 https://registry.npmjs.org/is-boolean-object 96ms (cache revalidated)
2099 silly packumentCache full:https://registry.npmjs.org/is-boolean-object set size:31341 disposed:false
2100 http fetch GET 200 https://registry.npmjs.org/is-number-object 117ms (cache revalidated)
2101 silly packumentCache full:https://registry.npmjs.org/is-number-object set size:31189 disposed:false
2102 silly placeDep node_modules/eslint-import-resolver-node is-bigint@1.1.0 OK for: which-boxed-primitive@1.1.1 want: ^1.1.0
2103 silly placeDep node_modules/eslint-import-resolver-node is-boolean-object@1.2.2 OK for: which-boxed-primitive@1.1.1 want: ^1.2.1
2104 silly placeDep node_modules/eslint-import-resolver-node is-number-object@1.1.1 OK for: which-boxed-primitive@1.1.1 want: ^1.1.1
2105 silly placeDep node_modules/eslint-import-resolver-node is-async-function@2.1.1 OK for: which-builtin-type@1.2.1 want: ^2.0.0
2106 silly placeDep node_modules/eslint-import-resolver-node is-generator-function@1.1.2 OK for: which-builtin-type@1.2.1 want: ^1.0.10
2107 silly fetch manifest async-function@^1.0.0
2108 silly packumentCache full:https://registry.npmjs.org/async-function cache-miss
2109 http fetch GET 200 https://registry.npmjs.org/async-function 88ms (cache revalidated)
2110 silly packumentCache full:https://registry.npmjs.org/async-function set size:7150 disposed:false
2111 silly placeDep node_modules/eslint-import-resolver-node async-function@1.0.0 OK for: is-async-function@2.1.1 want: ^1.0.0
2112 silly placeDep node_modules/eslint-plugin-import call-bind@1.0.9 OK for: array-includes@3.1.9 want: ^1.0.8
2113 silly placeDep node_modules/eslint-plugin-import call-bound@1.0.4 OK for: array-includes@3.1.9 want: ^1.0.4
2114 silly placeDep node_modules/eslint-plugin-import define-properties@1.2.1 OK for: array-includes@3.1.9 want: ^1.2.1
2115 silly placeDep node_modules/eslint-plugin-import es-abstract@1.24.2 OK for: array-includes@3.1.9 want: ^1.24.0
2116 silly placeDep node_modules/eslint-plugin-import es-object-atoms@1.1.1 OK for: array-includes@3.1.9 want: ^1.1.1
2117 silly placeDep node_modules/eslint-plugin-import get-intrinsic@1.3.0 OK for: array-includes@3.1.9 want: ^1.3.0
2118 silly placeDep node_modules/eslint-plugin-import is-string@1.1.1 OK for: array-includes@3.1.9 want: ^1.1.1
2119 silly placeDep node_modules/eslint-plugin-import math-intrinsics@1.1.0 OK for: array-includes@3.1.9 want: ^1.1.0
2120 silly placeDep node_modules/eslint-plugin-import es-errors@1.3.0 OK for: array.prototype.findlastindex@1.2.6 want: ^1.3.0
2121 silly placeDep node_modules/eslint-plugin-import es-shim-unscopables@1.1.0 OK for: array.prototype.findlastindex@1.2.6 want: ^1.1.0
2122 silly placeDep node_modules/eslint-plugin-import call-bind-apply-helpers@1.0.2 OK for: call-bind@1.0.9 want: ^1.0.2
2123 silly placeDep node_modules/eslint-plugin-import es-define-property@1.0.1 OK for: call-bind@1.0.9 want: ^1.0.1
2124 silly placeDep node_modules/eslint-plugin-import set-function-length@1.2.2 OK for: call-bind@1.0.9 want: ^1.2.2
2125 silly placeDep node_modules/eslint-plugin-import function-bind@1.1.2 OK for: call-bind-apply-helpers@1.0.2 want: ^1.1.2
2126 silly placeDep node_modules/eslint-plugin-import ms@2.1.3 OK for: debug@3.2.7 want: ^2.1.1
2127 silly placeDep node_modules/eslint-plugin-import define-data-property@1.1.4 OK for: define-properties@1.2.1 want: ^1.0.1
2128 silly placeDep node_modules/eslint-plugin-import has-property-descriptors@1.0.2 OK for: define-properties@1.2.1 want: ^1.0.0
2129 silly placeDep node_modules/eslint-plugin-import object-keys@1.1.1 OK for: define-properties@1.2.1 want: ^1.1.1
2130 silly placeDep node_modules/eslint-plugin-import gopd@1.2.0 OK for: define-data-property@1.1.4 want: ^1.0.1
2131 silly placeDep node_modules/eslint-plugin-import array-buffer-byte-length@1.0.2 OK for: es-abstract@1.24.2 want: ^1.0.2
2132 silly placeDep node_modules/eslint-plugin-import arraybuffer.prototype.slice@1.0.4 OK for: es-abstract@1.24.2 want: ^1.0.4
2133 silly placeDep node_modules/eslint-plugin-import available-typed-arrays@1.0.7 OK for: es-abstract@1.24.2 want: ^1.0.7
2134 silly placeDep node_modules/eslint-plugin-import data-view-buffer@1.0.2 OK for: es-abstract@1.24.2 want: ^1.0.2
2135 silly placeDep node_modules/eslint-plugin-import data-view-byte-length@1.0.2 OK for: es-abstract@1.24.2 want: ^1.0.2
2136 silly placeDep node_modules/eslint-plugin-import data-view-byte-offset@1.0.1 OK for: es-abstract@1.24.2 want: ^1.0.1
2137 silly placeDep node_modules/eslint-plugin-import es-set-tostringtag@2.1.0 OK for: es-abstract@1.24.2 want: ^2.1.0
2138 silly placeDep node_modules/eslint-plugin-import es-to-primitive@1.3.0 OK for: es-abstract@1.24.2 want: ^1.3.0
2139 silly placeDep node_modules/eslint-plugin-import function.prototype.name@1.1.8 OK for: es-abstract@1.24.2 want: ^1.1.8
2140 silly placeDep node_modules/eslint-plugin-import get-proto@1.0.1 OK for: es-abstract@1.24.2 want: ^1.0.1
2141 silly placeDep node_modules/eslint-plugin-import get-symbol-description@1.1.0 OK for: es-abstract@1.24.2 want: ^1.1.0
2142 silly placeDep node_modules/eslint-plugin-import globalthis@1.0.4 OK for: es-abstract@1.24.2 want: ^1.0.4
2143 silly placeDep node_modules/eslint-plugin-import has-proto@1.2.0 OK for: es-abstract@1.24.2 want: ^1.2.0
2144 silly placeDep node_modules/eslint-plugin-import has-symbols@1.1.0 OK for: es-abstract@1.24.2 want: ^1.1.0
2145 silly placeDep node_modules/eslint-plugin-import internal-slot@1.1.0 OK for: es-abstract@1.24.2 want: ^1.1.0
2146 silly placeDep node_modules/eslint-plugin-import is-array-buffer@3.0.5 OK for: es-abstract@1.24.2 want: ^3.0.5
2147 silly placeDep node_modules/eslint-plugin-import is-callable@1.2.7 OK for: es-abstract@1.24.2 want: ^1.2.7
2148 silly placeDep node_modules/eslint-plugin-import is-data-view@1.0.2 OK for: es-abstract@1.24.2 want: ^1.0.2
2149 silly placeDep node_modules/eslint-plugin-import is-negative-zero@2.0.3 OK for: es-abstract@1.24.2 want: ^2.0.3
2150 silly placeDep node_modules/eslint-plugin-import is-regex@1.2.1 OK for: es-abstract@1.24.2 want: ^1.2.1
2151 silly placeDep node_modules/eslint-plugin-import is-set@2.0.3 OK for: es-abstract@1.24.2 want: ^2.0.3
2152 silly placeDep node_modules/eslint-plugin-import is-shared-array-buffer@1.0.4 OK for: es-abstract@1.24.2 want: ^1.0.4
2153 silly placeDep node_modules/eslint-plugin-import is-typed-array@1.1.15 OK for: es-abstract@1.24.2 want: ^1.1.15
2154 silly placeDep node_modules/eslint-plugin-import is-weakref@1.1.1 OK for: es-abstract@1.24.2 want: ^1.1.1
2155 silly placeDep node_modules/eslint-plugin-import object-inspect@1.13.4 OK for: es-abstract@1.24.2 want: ^1.13.4
2156 silly placeDep node_modules/eslint-plugin-import object.assign@4.1.7 OK for: es-abstract@1.24.2 want: ^4.1.7
2157 silly placeDep node_modules/eslint-plugin-import own-keys@1.0.1 OK for: es-abstract@1.24.2 want: ^1.0.1
2158 silly placeDep node_modules/eslint-plugin-import regexp.prototype.flags@1.5.4 OK for: es-abstract@1.24.2 want: ^1.5.4
2159 silly placeDep node_modules/eslint-plugin-import safe-array-concat@1.1.4 OK for: es-abstract@1.24.2 want: ^1.1.3
2160 silly placeDep node_modules/eslint-plugin-import safe-push-apply@1.0.0 OK for: es-abstract@1.24.2 want: ^1.0.0
2161 silly placeDep node_modules/eslint-plugin-import safe-regex-test@1.1.0 OK for: es-abstract@1.24.2 want: ^1.1.0
2162 silly placeDep node_modules/eslint-plugin-import set-proto@1.0.0 OK for: es-abstract@1.24.2 want: ^1.0.0
2163 silly placeDep node_modules/eslint-plugin-import stop-iteration-iterator@1.1.0 OK for: es-abstract@1.24.2 want: ^1.1.0
2164 silly placeDep node_modules/eslint-plugin-import string.prototype.trim@1.2.10 OK for: es-abstract@1.24.2 want: ^1.2.10
2165 silly placeDep node_modules/eslint-plugin-import string.prototype.trimstart@1.0.8 OK for: es-abstract@1.24.2 want: ^1.0.8
2166 silly placeDep node_modules/eslint-plugin-import typed-array-buffer@1.0.3 OK for: es-abstract@1.24.2 want: ^1.0.3
2167 silly placeDep node_modules/eslint-plugin-import typed-array-byte-length@1.0.3 OK for: es-abstract@1.24.2 want: ^1.0.3
2168 silly placeDep node_modules/eslint-plugin-import typed-array-byte-offset@1.0.4 OK for: es-abstract@1.24.2 want: ^1.0.4
2169 silly placeDep node_modules/eslint-plugin-import typed-array-length@1.0.7 OK for: es-abstract@1.24.2 want: ^1.0.7
2170 silly placeDep node_modules/eslint-plugin-import unbox-primitive@1.1.0 OK for: es-abstract@1.24.2 want: ^1.1.0
2171 silly placeDep node_modules/eslint-plugin-import which-typed-array@1.1.20 OK for: es-abstract@1.24.2 want: ^1.1.19
2172 silly placeDep node_modules/eslint-plugin-import possible-typed-array-names@1.1.0 OK for: available-typed-arrays@1.0.7 want: ^1.0.0
2173 silly placeDep node_modules/eslint-plugin-import has-tostringtag@1.0.2 OK for: es-set-tostringtag@2.1.0 want: ^1.0.2
2174 silly placeDep node_modules/eslint-plugin-import is-date-object@1.1.0 OK for: es-to-primitive@1.3.0 want: ^1.0.5
2175 silly placeDep node_modules/eslint-plugin-import is-symbol@1.1.1 OK for: es-to-primitive@1.3.0 want: ^1.0.4
2176 silly placeDep node_modules/eslint-plugin-import functions-have-names@1.2.3 OK for: function.prototype.name@1.1.8 want: ^1.2.3
2177 silly placeDep node_modules/eslint-plugin-import dunder-proto@1.0.1 OK for: get-proto@1.0.1 want: ^1.0.1
2178 silly placeDep node_modules/eslint-plugin-import side-channel@1.1.0 OK for: internal-slot@1.1.0 want: ^1.1.0
2179 silly placeDep node_modules/eslint-plugin-import set-function-name@2.0.2 OK for: regexp.prototype.flags@1.5.4 want: ^2.0.2
2180 silly placeDep node_modules/eslint-plugin-import side-channel-list@1.0.1 OK for: side-channel@1.1.0 want: ^1.0.0
2181 silly placeDep node_modules/eslint-plugin-import side-channel-map@1.0.1 OK for: side-channel@1.1.0 want: ^1.0.1
2182 silly placeDep node_modules/eslint-plugin-import side-channel-weakmap@1.0.2 OK for: side-channel@1.1.0 want: ^1.0.2
2183 silly placeDep node_modules/eslint-plugin-import json5@1.0.2 OK for: tsconfig-paths@3.15.0 want: ^1.0.2
2184 silly placeDep node_modules/eslint-plugin-import minimist@1.2.8 OK for: tsconfig-paths@3.15.0 want: ^1.2.6
2185 silly fetch manifest minimist@^1.2.0
2186 silly packumentCache full:https://registry.npmjs.org/minimist cache-hit
2187 silly placeDep node_modules/eslint-plugin-import for-each@0.3.5 OK for: typed-array-byte-length@1.0.3 want: ^0.3.3
2188 silly placeDep node_modules/eslint-plugin-import reflect.getprototypeof@1.0.10 OK for: typed-array-byte-offset@1.0.4 want: ^1.0.9
2189 silly placeDep node_modules/eslint-plugin-import which-builtin-type@1.2.1 OK for: reflect.getprototypeof@1.0.10 want: ^1.2.1
2190 silly placeDep node_modules/eslint-plugin-import which-boxed-primitive@1.1.1 OK for: unbox-primitive@1.1.0 want: ^1.1.1
2191 silly placeDep node_modules/eslint-plugin-import is-bigint@1.1.0 OK for: which-boxed-primitive@1.1.1 want: ^1.1.0
2192 silly placeDep node_modules/eslint-plugin-import is-boolean-object@1.2.2 OK for: which-boxed-primitive@1.1.1 want: ^1.2.1
2193 silly placeDep node_modules/eslint-plugin-import is-number-object@1.1.1 OK for: which-boxed-primitive@1.1.1 want: ^1.1.1
2194 silly placeDep node_modules/eslint-plugin-import is-async-function@2.1.1 OK for: which-builtin-type@1.2.1 want: ^2.0.0
2195 silly placeDep node_modules/eslint-plugin-import is-generator-function@1.1.2 OK for: which-builtin-type@1.2.1 want: ^1.0.10
2196 silly placeDep node_modules/eslint-plugin-import async-function@1.0.0 OK for: is-async-function@2.1.1 want: ^1.0.0
2197 silly placeDep node_modules/eslint-plugin-jsx-a11y call-bind@1.0.9 OK for: array-includes@3.1.9 want: ^1.0.8
2198 silly placeDep node_modules/eslint-plugin-jsx-a11y call-bound@1.0.4 OK for: array-includes@3.1.9 want: ^1.0.4
2199 silly placeDep node_modules/eslint-plugin-jsx-a11y define-properties@1.2.1 OK for: array-includes@3.1.9 want: ^1.2.1
2200 silly placeDep node_modules/eslint-plugin-jsx-a11y es-abstract@1.24.2 OK for: array-includes@3.1.9 want: ^1.24.0
2201 silly placeDep node_modules/eslint-plugin-jsx-a11y es-object-atoms@1.1.1 OK for: array-includes@3.1.9 want: ^1.1.1
2202 silly placeDep node_modules/eslint-plugin-jsx-a11y get-intrinsic@1.3.0 OK for: array-includes@3.1.9 want: ^1.3.0
2203 silly placeDep node_modules/eslint-plugin-jsx-a11y is-string@1.1.1 OK for: array-includes@3.1.9 want: ^1.1.1
2204 silly placeDep node_modules/eslint-plugin-jsx-a11y math-intrinsics@1.1.0 OK for: array-includes@3.1.9 want: ^1.1.0
2205 silly placeDep node_modules/eslint-plugin-jsx-a11y es-shim-unscopables@1.1.0 OK for: array.prototype.flatmap@1.3.3 want: ^1.0.2
2206 silly placeDep node_modules/eslint-plugin-jsx-a11y call-bind-apply-helpers@1.0.2 OK for: call-bind@1.0.9 want: ^1.0.2
2207 silly placeDep node_modules/eslint-plugin-jsx-a11y es-define-property@1.0.1 OK for: call-bind@1.0.9 want: ^1.0.1
2208 silly placeDep node_modules/eslint-plugin-jsx-a11y set-function-length@1.2.2 OK for: call-bind@1.0.9 want: ^1.2.2
2209 silly placeDep node_modules/eslint-plugin-jsx-a11y es-errors@1.3.0 OK for: call-bind-apply-helpers@1.0.2 want: ^1.3.0
2210 silly placeDep node_modules/eslint-plugin-jsx-a11y function-bind@1.1.2 OK for: call-bind-apply-helpers@1.0.2 want: ^1.1.2
2211 silly placeDep node_modules/eslint-plugin-jsx-a11y define-data-property@1.1.4 OK for: define-properties@1.2.1 want: ^1.0.1
2212 silly placeDep node_modules/eslint-plugin-jsx-a11y has-property-descriptors@1.0.2 OK for: define-properties@1.2.1 want: ^1.0.0
2213 silly placeDep node_modules/eslint-plugin-jsx-a11y object-keys@1.1.1 OK for: define-properties@1.2.1 want: ^1.1.1
2214 silly placeDep node_modules/eslint-plugin-jsx-a11y gopd@1.2.0 OK for: define-data-property@1.1.4 want: ^1.0.1
2215 silly placeDep node_modules/eslint-plugin-jsx-a11y array-buffer-byte-length@1.0.2 OK for: es-abstract@1.24.2 want: ^1.0.2
2216 silly placeDep node_modules/eslint-plugin-jsx-a11y arraybuffer.prototype.slice@1.0.4 OK for: es-abstract@1.24.2 want: ^1.0.4
2217 silly placeDep node_modules/eslint-plugin-jsx-a11y available-typed-arrays@1.0.7 OK for: es-abstract@1.24.2 want: ^1.0.7
2218 silly placeDep node_modules/eslint-plugin-jsx-a11y data-view-buffer@1.0.2 OK for: es-abstract@1.24.2 want: ^1.0.2
2219 silly placeDep node_modules/eslint-plugin-jsx-a11y data-view-byte-length@1.0.2 OK for: es-abstract@1.24.2 want: ^1.0.2
2220 silly placeDep node_modules/eslint-plugin-jsx-a11y data-view-byte-offset@1.0.1 OK for: es-abstract@1.24.2 want: ^1.0.1
2221 silly placeDep node_modules/eslint-plugin-jsx-a11y es-set-tostringtag@2.1.0 OK for: es-abstract@1.24.2 want: ^2.1.0
2222 silly placeDep node_modules/eslint-plugin-jsx-a11y es-to-primitive@1.3.0 OK for: es-abstract@1.24.2 want: ^1.3.0
2223 silly placeDep node_modules/eslint-plugin-jsx-a11y function.prototype.name@1.1.8 OK for: es-abstract@1.24.2 want: ^1.1.8
2224 silly placeDep node_modules/eslint-plugin-jsx-a11y get-proto@1.0.1 OK for: es-abstract@1.24.2 want: ^1.0.1
2225 silly placeDep node_modules/eslint-plugin-jsx-a11y get-symbol-description@1.1.0 OK for: es-abstract@1.24.2 want: ^1.1.0
2226 silly placeDep node_modules/eslint-plugin-jsx-a11y globalthis@1.0.4 OK for: es-abstract@1.24.2 want: ^1.0.4
2227 silly placeDep node_modules/eslint-plugin-jsx-a11y has-proto@1.2.0 OK for: es-abstract@1.24.2 want: ^1.2.0
2228 silly placeDep node_modules/eslint-plugin-jsx-a11y has-symbols@1.1.0 OK for: es-abstract@1.24.2 want: ^1.1.0
2229 silly placeDep node_modules/eslint-plugin-jsx-a11y internal-slot@1.1.0 OK for: es-abstract@1.24.2 want: ^1.1.0
2230 silly placeDep node_modules/eslint-plugin-jsx-a11y is-array-buffer@3.0.5 OK for: es-abstract@1.24.2 want: ^3.0.5
2231 silly placeDep node_modules/eslint-plugin-jsx-a11y is-callable@1.2.7 OK for: es-abstract@1.24.2 want: ^1.2.7
2232 silly placeDep node_modules/eslint-plugin-jsx-a11y is-data-view@1.0.2 OK for: es-abstract@1.24.2 want: ^1.0.2
2233 silly placeDep node_modules/eslint-plugin-jsx-a11y is-negative-zero@2.0.3 OK for: es-abstract@1.24.2 want: ^2.0.3
2234 silly placeDep node_modules/eslint-plugin-jsx-a11y is-regex@1.2.1 OK for: es-abstract@1.24.2 want: ^1.2.1
2235 silly placeDep node_modules/eslint-plugin-jsx-a11y is-set@2.0.3 OK for: es-abstract@1.24.2 want: ^2.0.3
2236 silly placeDep node_modules/eslint-plugin-jsx-a11y is-shared-array-buffer@1.0.4 OK for: es-abstract@1.24.2 want: ^1.0.4
2237 silly placeDep node_modules/eslint-plugin-jsx-a11y is-typed-array@1.1.15 OK for: es-abstract@1.24.2 want: ^1.1.15
2238 silly placeDep node_modules/eslint-plugin-jsx-a11y is-weakref@1.1.1 OK for: es-abstract@1.24.2 want: ^1.1.1
2239 silly placeDep node_modules/eslint-plugin-jsx-a11y object-inspect@1.13.4 OK for: es-abstract@1.24.2 want: ^1.13.4
2240 silly placeDep node_modules/eslint-plugin-jsx-a11y object.assign@4.1.7 OK for: es-abstract@1.24.2 want: ^4.1.7
2241 silly placeDep node_modules/eslint-plugin-jsx-a11y own-keys@1.0.1 OK for: es-abstract@1.24.2 want: ^1.0.1
2242 silly placeDep node_modules/eslint-plugin-jsx-a11y regexp.prototype.flags@1.5.4 OK for: es-abstract@1.24.2 want: ^1.5.4
2243 silly placeDep node_modules/eslint-plugin-jsx-a11y safe-array-concat@1.1.4 OK for: es-abstract@1.24.2 want: ^1.1.3
2244 silly placeDep node_modules/eslint-plugin-jsx-a11y safe-push-apply@1.0.0 OK for: es-abstract@1.24.2 want: ^1.0.0
2245 silly placeDep node_modules/eslint-plugin-jsx-a11y set-proto@1.0.0 OK for: es-abstract@1.24.2 want: ^1.0.0
2246 silly placeDep node_modules/eslint-plugin-jsx-a11y stop-iteration-iterator@1.1.0 OK for: es-abstract@1.24.2 want: ^1.1.0
2247 silly placeDep node_modules/eslint-plugin-jsx-a11y string.prototype.trim@1.2.10 OK for: es-abstract@1.24.2 want: ^1.2.10
2248 silly placeDep node_modules/eslint-plugin-jsx-a11y string.prototype.trimend@1.0.9 OK for: es-abstract@1.24.2 want: ^1.0.9
2249 silly placeDep node_modules/eslint-plugin-jsx-a11y string.prototype.trimstart@1.0.8 OK for: es-abstract@1.24.2 want: ^1.0.8
2250 silly placeDep node_modules/eslint-plugin-jsx-a11y typed-array-buffer@1.0.3 OK for: es-abstract@1.24.2 want: ^1.0.3
2251 silly placeDep node_modules/eslint-plugin-jsx-a11y typed-array-byte-length@1.0.3 OK for: es-abstract@1.24.2 want: ^1.0.3
2252 silly placeDep node_modules/eslint-plugin-jsx-a11y typed-array-byte-offset@1.0.4 OK for: es-abstract@1.24.2 want: ^1.0.4
2253 silly placeDep node_modules/eslint-plugin-jsx-a11y typed-array-length@1.0.7 OK for: es-abstract@1.24.2 want: ^1.0.7
2254 silly placeDep node_modules/eslint-plugin-jsx-a11y unbox-primitive@1.1.0 OK for: es-abstract@1.24.2 want: ^1.1.0
2255 silly placeDep node_modules/eslint-plugin-jsx-a11y which-typed-array@1.1.20 OK for: es-abstract@1.24.2 want: ^1.1.19
2256 silly placeDep node_modules/eslint-plugin-jsx-a11y possible-typed-array-names@1.1.0 OK for: available-typed-arrays@1.0.7 want: ^1.0.0
2257 silly placeDep node_modules/eslint-plugin-jsx-a11y has-tostringtag@1.0.2 OK for: es-set-tostringtag@2.1.0 want: ^1.0.2
2258 silly placeDep node_modules/eslint-plugin-jsx-a11y is-date-object@1.1.0 OK for: es-to-primitive@1.3.0 want: ^1.0.5
2259 silly placeDep node_modules/eslint-plugin-jsx-a11y is-symbol@1.1.1 OK for: es-to-primitive@1.3.0 want: ^1.0.4
2260 silly placeDep node_modules/eslint-plugin-jsx-a11y functions-have-names@1.2.3 OK for: function.prototype.name@1.1.8 want: ^1.2.3
2261 silly placeDep node_modules/eslint-plugin-jsx-a11y dunder-proto@1.0.1 OK for: get-proto@1.0.1 want: ^1.0.1
2262 silly placeDep node_modules/eslint-plugin-jsx-a11y side-channel@1.1.0 OK for: internal-slot@1.1.0 want: ^1.1.0
2263 silly placeDep node_modules/eslint-plugin-jsx-a11y array.prototype.flat@1.3.3 OK for: jsx-ast-utils@3.3.5 want: ^1.3.1
2264 silly placeDep node_modules/eslint-plugin-jsx-a11y object.values@1.2.1 OK for: jsx-ast-utils@3.3.5 want: ^1.1.6
2265 silly placeDep node_modules/eslint-plugin-jsx-a11y language-subtag-registry@0.3.23 OK for: language-tags@1.0.9 want: ^0.3.20
2266 silly placeDep node_modules/eslint-plugin-jsx-a11y set-function-name@2.0.2 OK for: regexp.prototype.flags@1.5.4 want: ^2.0.2
2267 silly placeDep node_modules/eslint-plugin-jsx-a11y side-channel-list@1.0.1 OK for: side-channel@1.1.0 want: ^1.0.0
2268 silly placeDep node_modules/eslint-plugin-jsx-a11y side-channel-map@1.0.1 OK for: side-channel@1.1.0 want: ^1.0.1
2269 silly placeDep node_modules/eslint-plugin-jsx-a11y side-channel-weakmap@1.0.2 OK for: side-channel@1.1.0 want: ^1.0.2
2270 silly placeDep node_modules/eslint-plugin-jsx-a11y for-each@0.3.5 OK for: typed-array-byte-length@1.0.3 want: ^0.3.3
2271 silly placeDep node_modules/eslint-plugin-jsx-a11y reflect.getprototypeof@1.0.10 OK for: typed-array-byte-offset@1.0.4 want: ^1.0.9
2272 silly placeDep node_modules/eslint-plugin-jsx-a11y which-builtin-type@1.2.1 OK for: reflect.getprototypeof@1.0.10 want: ^1.2.1
2273 silly placeDep node_modules/eslint-plugin-jsx-a11y which-boxed-primitive@1.1.1 OK for: unbox-primitive@1.1.0 want: ^1.1.1
2274 silly placeDep node_modules/eslint-plugin-jsx-a11y is-bigint@1.1.0 OK for: which-boxed-primitive@1.1.1 want: ^1.1.0
2275 silly placeDep node_modules/eslint-plugin-jsx-a11y is-boolean-object@1.2.2 OK for: which-boxed-primitive@1.1.1 want: ^1.2.1
2276 silly placeDep node_modules/eslint-plugin-jsx-a11y is-number-object@1.1.1 OK for: which-boxed-primitive@1.1.1 want: ^1.1.1
2277 silly placeDep node_modules/eslint-plugin-jsx-a11y is-async-function@2.1.1 OK for: which-builtin-type@1.2.1 want: ^2.0.0
2278 silly placeDep node_modules/eslint-plugin-jsx-a11y is-generator-function@1.1.2 OK for: which-builtin-type@1.2.1 want: ^1.0.10
2279 silly placeDep node_modules/eslint-plugin-jsx-a11y async-function@1.0.0 OK for: is-async-function@2.1.1 want: ^1.0.0
2280 silly fetch manifest @babel/core@^7.0.0
2281 silly packumentCache full:https://registry.npmjs.org/@babel%2fcore cache-hit
2282 silly placeDep node_modules/eslint-plugin-react-hooks @babel/code-frame@7.29.0 OK for: @babel/core@7.29.0 want: ^7.29.0
2283 silly placeDep node_modules/eslint-plugin-react-hooks @babel/generator@7.29.1 OK for: @babel/core@7.29.0 want: ^7.29.0
2284 silly placeDep node_modules/eslint-plugin-react-hooks @babel/helper-compilation-targets@7.28.6 OK for: @babel/core@7.29.0 want: ^7.28.6
2285 silly placeDep node_modules/eslint-plugin-react-hooks @babel/helper-module-transforms@7.28.6 OK for: @babel/core@7.29.0 want: ^7.28.6
2286 silly placeDep node_modules/eslint-plugin-react-hooks @babel/helpers@7.29.2 OK for: @babel/core@7.29.0 want: ^7.28.6
2287 silly placeDep node_modules/eslint-plugin-react-hooks @babel/template@7.28.6 OK for: @babel/core@7.29.0 want: ^7.28.6
2288 silly placeDep node_modules/eslint-plugin-react-hooks @babel/traverse@7.29.0 OK for: @babel/core@7.29.0 want: ^7.29.0
2289 silly placeDep node_modules/eslint-plugin-react-hooks @babel/types@7.29.0 OK for: @babel/core@7.29.0 want: ^7.29.0
2290 silly placeDep node_modules/eslint-plugin-react-hooks @jridgewell/remapping@2.3.5 OK for: @babel/core@7.29.0 want: ^2.3.5
2291 silly placeDep node_modules/eslint-plugin-react-hooks convert-source-map@2.0.0 OK for: @babel/core@7.29.0 want: ^2.0.0
2292 silly placeDep node_modules/eslint-plugin-react-hooks gensync@1.0.0-beta.2 OK for: @babel/core@7.29.0 want: ^1.0.0-beta.2
2293 silly placeDep node_modules/eslint-plugin-react-hooks json5@2.2.3 OK for: @babel/core@7.29.0 want: ^2.2.3
2294 silly placeDep node_modules/eslint-plugin-react-hooks semver@6.3.1 OK for: @babel/core@7.29.0 want: ^6.3.1
2295 silly fetch manifest js-tokens@^4.0.0
2296 silly packumentCache full:https://registry.npmjs.org/js-tokens cache-miss
2297 silly fetch manifest @babel/helper-validator-identifier@^7.28.5
2298 silly packumentCache full:https://registry.npmjs.org/@babel%2fhelper-validator-identifier cache-miss
2299 silly fetch manifest jsesc@^3.0.2
2300 silly packumentCache full:https://registry.npmjs.org/jsesc cache-miss
2301 silly fetch manifest @jridgewell/gen-mapping@^0.3.12
2302 silly packumentCache full:https://registry.npmjs.org/@jridgewell%2fgen-mapping cache-hit
2303 silly fetch manifest @jridgewell/trace-mapping@^0.3.28
2304 silly packumentCache full:https://registry.npmjs.org/@jridgewell%2ftrace-mapping cache-hit
2305 silly fetch manifest browserslist@^4.24.0
2306 silly packumentCache full:https://registry.npmjs.org/browserslist cache-miss
2307 silly fetch manifest @babel/compat-data@^7.28.6
2308 silly packumentCache full:https://registry.npmjs.org/@babel%2fcompat-data cache-miss
2309 silly fetch manifest @babel/helper-validator-option@^7.27.1
2310 silly packumentCache full:https://registry.npmjs.org/@babel%2fhelper-validator-option cache-miss
2311 silly fetch manifest @babel/traverse@^7.28.6
2312 silly packumentCache full:https://registry.npmjs.org/@babel%2ftraverse cache-hit
2313 silly fetch manifest @babel/helper-module-imports@^7.28.6
2314 silly packumentCache full:https://registry.npmjs.org/@babel%2fhelper-module-imports cache-miss
2315 http fetch GET 200 https://registry.npmjs.org/js-tokens 110ms (cache revalidated)
2316 silly packumentCache full:https://registry.npmjs.org/js-tokens set size:41947 disposed:false
2317 silly fetch manifest @babel/helper-validator-identifier@^7.28.5
2318 silly packumentCache full:https://registry.npmjs.org/@babel%2fhelper-validator-identifier cache-miss
2319 http fetch GET 200 https://registry.npmjs.org/jsesc 116ms (cache revalidated)
2320 silly packumentCache full:https://registry.npmjs.org/jsesc set size:61512 disposed:false
2321 silly fetch manifest @babel/types@^7.28.6
2322 silly packumentCache full:https://registry.npmjs.org/@babel%2ftypes cache-hit
2323 silly fetch manifest @babel/helper-globals@^7.28.0
2324 silly packumentCache full:https://registry.npmjs.org/@babel%2fhelper-globals cache-miss
2325 http fetch GET 200 https://registry.npmjs.org/@babel%2fhelper-validator-option 116ms (cache revalidated)
2326 silly packumentCache full:https://registry.npmjs.org/@babel%2fhelper-validator-option set size:92248 disposed:false
2327 silly fetch manifest @babel/helper-string-parser@^7.27.1
2328 silly packumentCache full:https://registry.npmjs.org/@babel%2fhelper-string-parser cache-miss
2329 http fetch GET 200 https://registry.npmjs.org/@babel%2fhelper-validator-identifier 124ms (cache revalidated)
2330 silly packumentCache full:https://registry.npmjs.org/@babel%2fhelper-validator-identifier set size:116299 disposed:false
2331 http fetch GET 200 https://registry.npmjs.org/@babel%2fcompat-data 122ms (cache revalidated)
2332 silly packumentCache full:https://registry.npmjs.org/@babel%2fcompat-data set size:305632 disposed:false
2333 http fetch GET 200 https://registry.npmjs.org/@babel%2fhelper-module-imports 124ms (cache revalidated)
2334 silly packumentCache full:https://registry.npmjs.org/@babel%2fhelper-module-imports set size:193449 disposed:false
2335 http fetch GET 200 https://registry.npmjs.org/browserslist 129ms (cache revalidated)
2336 silly packumentCache full:https://registry.npmjs.org/browserslist set size:504681 disposed:false
2337 http fetch GET 200 https://registry.npmjs.org/@babel%2fhelper-globals 113ms (cache revalidated)
2338 silly packumentCache full:https://registry.npmjs.org/@babel%2fhelper-globals set size:15475 disposed:false
2339 http fetch GET 200 https://registry.npmjs.org/@babel%2fhelper-validator-identifier 128ms (cache revalidated)
2340 silly packumentCache full:https://registry.npmjs.org/@babel%2fhelper-validator-identifier set size:116299 disposed:false
2341 silly packumentCache full:https://registry.npmjs.org/@babel%2fhelper-validator-identifier dispose
2342 http fetch GET 200 https://registry.npmjs.org/@babel%2fhelper-string-parser 130ms (cache revalidated)
2343 silly packumentCache full:https://registry.npmjs.org/@babel%2fhelper-string-parser set size:82028 disposed:false
2344 silly placeDep node_modules/eslint-plugin-react-hooks @babel/helper-validator-identifier@7.28.5 OK for: @babel/code-frame@7.29.0 want: ^7.28.5
2345 silly placeDep node_modules/eslint-plugin-react-hooks js-tokens@4.0.0 OK for: @babel/code-frame@7.29.0 want: ^4.0.0
2346 silly placeDep node_modules/eslint-plugin-react-hooks picocolors@1.1.1 OK for: @babel/code-frame@7.29.0 want: ^1.1.1
2347 silly placeDep node_modules/eslint-plugin-react-hooks @jridgewell/gen-mapping@0.3.13 OK for: @babel/generator@7.29.1 want: ^0.3.12
2348 silly placeDep node_modules/eslint-plugin-react-hooks @jridgewell/trace-mapping@0.3.31 OK for: @babel/generator@7.29.1 want: ^0.3.28
2349 silly placeDep node_modules/eslint-plugin-react-hooks jsesc@3.1.0 OK for: @babel/generator@7.29.1 want: ^3.0.2
2350 silly placeDep node_modules/eslint-plugin-react-hooks @babel/compat-data@7.29.0 OK for: @babel/helper-compilation-targets@7.28.6 want: ^7.28.6
2351 silly placeDep node_modules/eslint-plugin-react-hooks @babel/helper-validator-option@7.27.1 OK for: @babel/helper-compilation-targets@7.28.6 want: ^7.27.1
2352 silly placeDep node_modules/eslint-plugin-react-hooks browserslist@4.28.2 OK for: @babel/helper-compilation-targets@7.28.6 want: ^4.24.0
2353 silly fetch manifest electron-to-chromium@^1.5.328
2354 silly packumentCache full:https://registry.npmjs.org/electron-to-chromium cache-miss
2355 silly fetch manifest node-releases@^2.0.36
2356 silly packumentCache full:https://registry.npmjs.org/node-releases cache-miss
2357 silly fetch manifest update-browserslist-db@^1.2.3
2358 silly packumentCache full:https://registry.npmjs.org/update-browserslist-db cache-miss
2359 http fetch GET 200 https://registry.npmjs.org/node-releases 86ms (cache revalidated)
2360 silly packumentCache full:https://registry.npmjs.org/node-releases set size:273586 disposed:false
2361 http fetch GET 200 https://registry.npmjs.org/electron-to-chromium 97ms (cache revalidated)
2362 silly packumentCache full:https://registry.npmjs.org/electron-to-chromium set size:4769900 disposed:false
2363 http fetch GET 200 https://registry.npmjs.org/update-browserslist-db 130ms (cache revalidated)
2364 silly packumentCache full:https://registry.npmjs.org/update-browserslist-db set size:62000 disposed:false
2365 silly placeDep node_modules/eslint-plugin-react-hooks @babel/helper-module-imports@7.28.6 OK for: @babel/helper-module-transforms@7.28.6 want: ^7.28.6
2366 silly placeDep node_modules/eslint-plugin-react-hooks @babel/helper-globals@7.28.0 OK for: @babel/traverse@7.29.0 want: ^7.28.0
2367 silly placeDep node_modules/eslint-plugin-react-hooks @babel/helper-string-parser@7.27.1 OK for: @babel/types@7.29.0 want: ^7.27.1
2368 silly placeDep node_modules/eslint-plugin-react-hooks @jridgewell/sourcemap-codec@1.5.5 OK for: @jridgewell/gen-mapping@0.3.13 want: ^1.5.0
2369 silly placeDep node_modules/eslint-plugin-react-hooks @jridgewell/resolve-uri@3.1.2 OK for: @jridgewell/trace-mapping@0.3.31 want: ^3.1.0
2370 silly fetch manifest browserslist@>= 4.21.0
2371 silly packumentCache full:https://registry.npmjs.org/browserslist cache-hit
2372 silly placeDep node_modules/eslint-plugin-react-hooks electron-to-chromium@1.5.344 OK for: browserslist@4.28.2 want: ^1.5.328
2373 silly placeDep node_modules/eslint-plugin-react-hooks node-releases@2.0.38 OK for: browserslist@4.28.2 want: ^2.0.36
2374 silly placeDep node_modules/eslint-plugin-react-hooks update-browserslist-db@1.2.3 OK for: browserslist@4.28.2 want: ^1.2.3
2375 silly placeDep node_modules/eslint-plugin-react-hooks hermes-estree@0.25.1 OK for: hermes-parser@0.25.1 want: 0.25.1
2376 silly placeDep node_modules/eslint-plugin-react call-bind@1.0.9 OK for: array-includes@3.1.9 want: ^1.0.8
2377 silly placeDep node_modules/eslint-plugin-react call-bound@1.0.4 OK for: array-includes@3.1.9 want: ^1.0.4
2378 silly placeDep node_modules/eslint-plugin-react define-properties@1.2.1 OK for: array-includes@3.1.9 want: ^1.2.1
2379 silly placeDep node_modules/eslint-plugin-react es-abstract@1.24.2 OK for: array-includes@3.1.9 want: ^1.24.0
2380 silly placeDep node_modules/eslint-plugin-react es-object-atoms@1.1.1 OK for: array-includes@3.1.9 want: ^1.1.1
2381 silly placeDep node_modules/eslint-plugin-react get-intrinsic@1.3.0 OK for: array-includes@3.1.9 want: ^1.3.0
2382 silly placeDep node_modules/eslint-plugin-react is-string@1.1.1 OK for: array-includes@3.1.9 want: ^1.1.1
2383 silly placeDep node_modules/eslint-plugin-react math-intrinsics@1.1.0 OK for: array-includes@3.1.9 want: ^1.1.0
2384 silly placeDep node_modules/eslint-plugin-react es-errors@1.3.0 OK for: array.prototype.findlast@1.2.5 want: ^1.3.0
2385 silly placeDep node_modules/eslint-plugin-react es-shim-unscopables@1.1.0 OK for: array.prototype.findlast@1.2.5 want: ^1.0.2
2386 silly placeDep node_modules/eslint-plugin-react call-bind-apply-helpers@1.0.2 OK for: call-bind@1.0.9 want: ^1.0.2
2387 silly placeDep node_modules/eslint-plugin-react es-define-property@1.0.1 OK for: call-bind@1.0.9 want: ^1.0.1
2388 silly placeDep node_modules/eslint-plugin-react set-function-length@1.2.2 OK for: call-bind@1.0.9 want: ^1.2.2
2389 silly placeDep node_modules/eslint-plugin-react function-bind@1.1.2 OK for: call-bind-apply-helpers@1.0.2 want: ^1.1.2
2390 silly placeDep node_modules/eslint-plugin-react define-data-property@1.1.4 OK for: define-properties@1.2.1 want: ^1.0.1
2391 silly placeDep node_modules/eslint-plugin-react has-property-descriptors@1.0.2 OK for: define-properties@1.2.1 want: ^1.0.0
2392 silly placeDep node_modules/eslint-plugin-react object-keys@1.1.1 OK for: define-properties@1.2.1 want: ^1.1.1
2393 silly placeDep node_modules/eslint-plugin-react gopd@1.2.0 OK for: define-data-property@1.1.4 want: ^1.0.1
2394 silly placeDep node_modules/eslint-plugin-react array-buffer-byte-length@1.0.2 OK for: es-abstract@1.24.2 want: ^1.0.2
2395 silly placeDep node_modules/eslint-plugin-react arraybuffer.prototype.slice@1.0.4 OK for: es-abstract@1.24.2 want: ^1.0.4
2396 silly placeDep node_modules/eslint-plugin-react available-typed-arrays@1.0.7 OK for: es-abstract@1.24.2 want: ^1.0.7
2397 silly placeDep node_modules/eslint-plugin-react data-view-buffer@1.0.2 OK for: es-abstract@1.24.2 want: ^1.0.2
2398 silly placeDep node_modules/eslint-plugin-react data-view-byte-length@1.0.2 OK for: es-abstract@1.24.2 want: ^1.0.2
2399 silly placeDep node_modules/eslint-plugin-react data-view-byte-offset@1.0.1 OK for: es-abstract@1.24.2 want: ^1.0.1
2400 silly placeDep node_modules/eslint-plugin-react es-set-tostringtag@2.1.0 OK for: es-abstract@1.24.2 want: ^2.1.0
2401 silly placeDep node_modules/eslint-plugin-react es-to-primitive@1.3.0 OK for: es-abstract@1.24.2 want: ^1.3.0
2402 silly placeDep node_modules/eslint-plugin-react function.prototype.name@1.1.8 OK for: es-abstract@1.24.2 want: ^1.1.8
2403 silly placeDep node_modules/eslint-plugin-react get-proto@1.0.1 OK for: es-abstract@1.24.2 want: ^1.0.1
2404 silly placeDep node_modules/eslint-plugin-react get-symbol-description@1.1.0 OK for: es-abstract@1.24.2 want: ^1.1.0
2405 silly placeDep node_modules/eslint-plugin-react globalthis@1.0.4 OK for: es-abstract@1.24.2 want: ^1.0.4
2406 silly placeDep node_modules/eslint-plugin-react has-proto@1.2.0 OK for: es-abstract@1.24.2 want: ^1.2.0
2407 silly placeDep node_modules/eslint-plugin-react has-symbols@1.1.0 OK for: es-abstract@1.24.2 want: ^1.1.0
2408 silly placeDep node_modules/eslint-plugin-react internal-slot@1.1.0 OK for: es-abstract@1.24.2 want: ^1.1.0
2409 silly placeDep node_modules/eslint-plugin-react is-array-buffer@3.0.5 OK for: es-abstract@1.24.2 want: ^3.0.5
2410 silly placeDep node_modules/eslint-plugin-react is-callable@1.2.7 OK for: es-abstract@1.24.2 want: ^1.2.7
2411 silly placeDep node_modules/eslint-plugin-react is-data-view@1.0.2 OK for: es-abstract@1.24.2 want: ^1.0.2
2412 silly placeDep node_modules/eslint-plugin-react is-negative-zero@2.0.3 OK for: es-abstract@1.24.2 want: ^2.0.3
2413 silly placeDep node_modules/eslint-plugin-react is-regex@1.2.1 OK for: es-abstract@1.24.2 want: ^1.2.1
2414 silly placeDep node_modules/eslint-plugin-react is-set@2.0.3 OK for: es-abstract@1.24.2 want: ^2.0.3
2415 silly placeDep node_modules/eslint-plugin-react is-shared-array-buffer@1.0.4 OK for: es-abstract@1.24.2 want: ^1.0.4
2416 silly placeDep node_modules/eslint-plugin-react is-typed-array@1.1.15 OK for: es-abstract@1.24.2 want: ^1.1.15
2417 silly placeDep node_modules/eslint-plugin-react is-weakref@1.1.1 OK for: es-abstract@1.24.2 want: ^1.1.1
2418 silly placeDep node_modules/eslint-plugin-react object-inspect@1.13.4 OK for: es-abstract@1.24.2 want: ^1.13.4
2419 silly placeDep node_modules/eslint-plugin-react object.assign@4.1.7 OK for: es-abstract@1.24.2 want: ^4.1.7
2420 silly placeDep node_modules/eslint-plugin-react own-keys@1.0.1 OK for: es-abstract@1.24.2 want: ^1.0.1
2421 silly placeDep node_modules/eslint-plugin-react regexp.prototype.flags@1.5.4 OK for: es-abstract@1.24.2 want: ^1.5.4
2422 silly placeDep node_modules/eslint-plugin-react safe-array-concat@1.1.4 OK for: es-abstract@1.24.2 want: ^1.1.3
2423 silly placeDep node_modules/eslint-plugin-react safe-push-apply@1.0.0 OK for: es-abstract@1.24.2 want: ^1.0.0
2424 silly placeDep node_modules/eslint-plugin-react safe-regex-test@1.1.0 OK for: es-abstract@1.24.2 want: ^1.1.0
2425 silly placeDep node_modules/eslint-plugin-react set-proto@1.0.0 OK for: es-abstract@1.24.2 want: ^1.0.0
2426 silly placeDep node_modules/eslint-plugin-react stop-iteration-iterator@1.1.0 OK for: es-abstract@1.24.2 want: ^1.1.0
2427 silly placeDep node_modules/eslint-plugin-react string.prototype.trim@1.2.10 OK for: es-abstract@1.24.2 want: ^1.2.10
2428 silly placeDep node_modules/eslint-plugin-react string.prototype.trimend@1.0.9 OK for: es-abstract@1.24.2 want: ^1.0.9
2429 silly placeDep node_modules/eslint-plugin-react string.prototype.trimstart@1.0.8 OK for: es-abstract@1.24.2 want: ^1.0.8
2430 silly placeDep node_modules/eslint-plugin-react typed-array-buffer@1.0.3 OK for: es-abstract@1.24.2 want: ^1.0.3
2431 silly placeDep node_modules/eslint-plugin-react typed-array-byte-length@1.0.3 OK for: es-abstract@1.24.2 want: ^1.0.3
2432 silly placeDep node_modules/eslint-plugin-react typed-array-byte-offset@1.0.4 OK for: es-abstract@1.24.2 want: ^1.0.4
2433 silly placeDep node_modules/eslint-plugin-react typed-array-length@1.0.7 OK for: es-abstract@1.24.2 want: ^1.0.7
2434 silly placeDep node_modules/eslint-plugin-react unbox-primitive@1.1.0 OK for: es-abstract@1.24.2 want: ^1.1.0
2435 silly placeDep node_modules/eslint-plugin-react which-typed-array@1.1.20 OK for: es-abstract@1.24.2 want: ^1.1.19
2436 silly placeDep node_modules/eslint-plugin-react possible-typed-array-names@1.1.0 OK for: available-typed-arrays@1.0.7 want: ^1.0.0
2437 silly placeDep node_modules/eslint-plugin-react iterator.prototype@1.1.5 OK for: es-iterator-helpers@1.3.2 want: ^1.1.5
2438 silly placeDep node_modules/eslint-plugin-react has-tostringtag@1.0.2 OK for: es-set-tostringtag@2.1.0 want: ^1.0.2
2439 silly placeDep node_modules/eslint-plugin-react is-date-object@1.1.0 OK for: es-to-primitive@1.3.0 want: ^1.0.5
2440 silly placeDep node_modules/eslint-plugin-react is-symbol@1.1.1 OK for: es-to-primitive@1.3.0 want: ^1.0.4
2441 silly placeDep node_modules/eslint-plugin-react functions-have-names@1.2.3 OK for: function.prototype.name@1.1.8 want: ^1.2.3
2442 silly placeDep node_modules/eslint-plugin-react dunder-proto@1.0.1 OK for: get-proto@1.0.1 want: ^1.0.1
2443 silly placeDep node_modules/eslint-plugin-react side-channel@1.1.0 OK for: internal-slot@1.1.0 want: ^1.1.0
2444 silly placeDep node_modules/eslint-plugin-react set-function-name@2.0.2 OK for: iterator.prototype@1.1.5 want: ^2.0.2
2445 silly placeDep node_modules/eslint-plugin-react array.prototype.flat@1.3.3 OK for: jsx-ast-utils@3.3.5 want: ^1.3.1
2446 silly placeDep node_modules/eslint-plugin-react is-core-module@2.16.1 OK for: resolve@2.0.0-next.6 want: ^2.16.1
2447 silly placeDep node_modules/eslint-plugin-react node-exports-info@1.6.0 OK for: resolve@2.0.0-next.6 want: ^1.6.0
2448 silly placeDep node_modules/eslint-plugin-react supports-preserve-symlinks-flag@1.0.0 OK for: resolve@2.0.0-next.6 want: ^1.0.0
2449 silly placeDep node_modules/eslint-plugin-react side-channel-list@1.0.1 OK for: side-channel@1.1.0 want: ^1.0.0
2450 silly placeDep node_modules/eslint-plugin-react side-channel-map@1.0.1 OK for: side-channel@1.1.0 want: ^1.0.1
2451 silly placeDep node_modules/eslint-plugin-react side-channel-weakmap@1.0.2 OK for: side-channel@1.1.0 want: ^1.0.2
2452 silly placeDep node_modules/eslint-plugin-react for-each@0.3.5 OK for: typed-array-byte-length@1.0.3 want: ^0.3.3
2453 silly placeDep node_modules/eslint-plugin-react reflect.getprototypeof@1.0.10 OK for: typed-array-byte-offset@1.0.4 want: ^1.0.9
2454 silly placeDep node_modules/eslint-plugin-react which-builtin-type@1.2.1 OK for: reflect.getprototypeof@1.0.10 want: ^1.2.1
2455 silly placeDep node_modules/eslint-plugin-react which-boxed-primitive@1.1.1 OK for: unbox-primitive@1.1.0 want: ^1.1.1
2456 silly placeDep node_modules/eslint-plugin-react is-bigint@1.1.0 OK for: which-boxed-primitive@1.1.1 want: ^1.1.0
2457 silly placeDep node_modules/eslint-plugin-react is-boolean-object@1.2.2 OK for: which-boxed-primitive@1.1.1 want: ^1.2.1
2458 silly placeDep node_modules/eslint-plugin-react is-number-object@1.1.1 OK for: which-boxed-primitive@1.1.1 want: ^1.1.1
2459 silly placeDep node_modules/eslint-plugin-react is-async-function@2.1.1 OK for: which-builtin-type@1.2.1 want: ^2.0.0
2460 silly placeDep node_modules/eslint-plugin-react is-generator-function@1.1.2 OK for: which-builtin-type@1.2.1 want: ^1.0.10
2461 silly placeDep node_modules/eslint-plugin-react async-function@1.0.0 OK for: is-async-function@2.1.1 want: ^1.0.0
2462 silly placeDep node_modules/file-entry-cache flatted@3.4.2 OK for: flat-cache@4.0.1 want: ^3.2.9
2463 silly placeDep node_modules/file-entry-cache keyv@4.5.4 OK for: flat-cache@4.0.1 want: ^4.5.4
2464 silly placeDep node_modules/find-up p-locate@5.0.0 OK for: locate-path@6.0.0 want: ^5.0.0
2465 silly fetch manifest p-limit@^3.0.2
2466 silly packumentCache full:https://registry.npmjs.org/p-limit cache-miss
2467 http fetch GET 200 https://registry.npmjs.org/p-limit 86ms (cache revalidated)
2468 silly packumentCache full:https://registry.npmjs.org/p-limit set size:61867 disposed:false
2469 silly placeDep node_modules/find-up p-limit@3.1.0 OK for: p-locate@5.0.0 want: ^3.0.2
2470 silly fetch manifest yocto-queue@^0.1.0
2471 silly packumentCache full:https://registry.npmjs.org/yocto-queue cache-miss
2472 http fetch GET 200 https://registry.npmjs.org/yocto-queue 86ms (cache revalidated)
2473 silly packumentCache full:https://registry.npmjs.org/yocto-queue set size:20256 disposed:false
2474 silly placeDep node_modules/find-up yocto-queue@0.1.0 OK for: p-limit@3.1.0 want: ^0.1.0
2475 silly placeDep node_modules/next nanoid@3.3.11 OK for: postcss@8.4.31 want: ^3.3.6
2476 silly placeDep node_modules/next picocolors@1.1.1 OK for: postcss@8.4.31 want: ^1.0.0
2477 silly placeDep node_modules/next source-map-js@1.2.1 OK for: postcss@8.4.31 want: ^1.0.2
2478 silly placeDep node_modules/typescript-eslint @typescript-eslint/scope-manager@8.59.1 OK for: @typescript-eslint/eslint-plugin@8.59.1 want: 8.59.1
2479 silly placeDep node_modules/typescript-eslint @typescript-eslint/type-utils@8.59.1 OK for: @typescript-eslint/eslint-plugin@8.59.1 want: 8.59.1
2480 silly placeDep node_modules/typescript-eslint ignore@7.0.5 OK for: @typescript-eslint/eslint-plugin@8.59.1 want: ^7.0.5
2481 silly placeDep node_modules/typescript-eslint ts-api-utils@2.5.0 OK for: @typescript-eslint/eslint-plugin@8.59.1 want: ^2.5.0
2482 silly placeDep node_modules/typescript-eslint @typescript-eslint/types@8.59.1 OK for: @typescript-eslint/parser@8.59.1 want: 8.59.1
2483 silly placeDep node_modules/typescript-eslint @typescript-eslint/tsconfig-utils@8.59.1 OK for: @typescript-eslint/typescript-estree@8.59.1 want: 8.59.1
2484 silly placeDep node_modules/typescript-eslint minimatch@10.2.5 OK for: @typescript-eslint/typescript-estree@8.59.1 want: ^10.2.2
2485 silly placeDep node_modules/typescript-eslint semver@7.7.4 OK for: @typescript-eslint/typescript-estree@8.59.1 want: ^7.7.3
2486 silly placeDep node_modules/typescript-eslint tinyglobby@0.2.16 OK for: @typescript-eslint/typescript-estree@8.59.1 want: ^0.2.15
2487 silly fetch manifest brace-expansion@^5.0.5
2488 silly packumentCache full:https://registry.npmjs.org/brace-expansion cache-hit
2489 silly placeDep node_modules/typescript-eslint brace-expansion@5.0.5 OK for: minimatch@10.2.5 want: ^5.0.5
2490 silly fetch manifest balanced-match@^4.0.2
2491 silly packumentCache full:https://registry.npmjs.org/balanced-match cache-miss
2492 http fetch GET 200 https://registry.npmjs.org/balanced-match 92ms (cache revalidated)
2493 silly packumentCache full:https://registry.npmjs.org/balanced-match set size:39082 disposed:false
2494 silly placeDep node_modules/typescript-eslint balanced-match@4.0.4 OK for: brace-expansion@5.0.5 want: ^4.0.2
2495 silly placeDep node_modules/typescript-eslint fdir@6.5.0 OK for: tinyglobby@0.2.16 want: ^6.5.0
2496 silly placeDep node_modules/typescript-eslint picomatch@4.0.4 OK for: fdir@6.5.0 want: ^3 || ^4
2497 silly reify mark retired [ 'C:\\Users\\Usuario01\\TC-ERP\\web\\node_modules\\acorn' ]
2498 silly reify mark retired [ 'C:\\Users\\Usuario01\\TC-ERP\\web\\node_modules\\acorn-jsx' ]
2499 silly reify mark retired [ 'C:\\Users\\Usuario01\\TC-ERP\\web\\node_modules\\ajv' ]
2500 silly reify mark retired [ 'C:\\Users\\Usuario01\\TC-ERP\\web\\node_modules\\ansi-styles' ]
2501 silly reify mark retired [ 'C:\\Users\\Usuario01\\TC-ERP\\web\\node_modules\\argparse' ]
2502 silly reify mark retired [ 'C:\\Users\\Usuario01\\TC-ERP\\web\\node_modules\\aria-query' ]
2503 silly reify mark retired [
2503 silly reify   'C:\\Users\\Usuario01\\TC-ERP\\web\\node_modules\\array-buffer-byte-length'
2503 silly reify ]
2504 silly reify mark retired [ 'C:\\Users\\Usuario01\\TC-ERP\\web\\node_modules\\array-includes' ]
2505 silly reify mark retired [
2505 silly reify   'C:\\Users\\Usuario01\\TC-ERP\\web\\node_modules\\array.prototype.findlast'
2505 silly reify ]
2506 silly reify mark retired [
2506 silly reify   'C:\\Users\\Usuario01\\TC-ERP\\web\\node_modules\\array.prototype.findlastindex'
2506 silly reify ]
2507 silly reify mark retired [
2507 silly reify   'C:\\Users\\Usuario01\\TC-ERP\\web\\node_modules\\array.prototype.flat'
2507 silly reify ]
2508 silly reify mark retired [
2508 silly reify   'C:\\Users\\Usuario01\\TC-ERP\\web\\node_modules\\array.prototype.flatmap'
2508 silly reify ]
2509 silly reify mark retired [
2509 silly reify   'C:\\Users\\Usuario01\\TC-ERP\\web\\node_modules\\array.prototype.tosorted'
2509 silly reify ]
2510 silly reify mark retired [
2510 silly reify   'C:\\Users\\Usuario01\\TC-ERP\\web\\node_modules\\arraybuffer.prototype.slice'
2510 silly reify ]
2511 silly reify mark retired [ 'C:\\Users\\Usuario01\\TC-ERP\\web\\node_modules\\ast-types-flow' ]
2512 silly reify mark retired [ 'C:\\Users\\Usuario01\\TC-ERP\\web\\node_modules\\async-function' ]
2513 silly reify mark retired [
2513 silly reify   'C:\\Users\\Usuario01\\TC-ERP\\web\\node_modules\\available-typed-arrays'
2513 silly reify ]
2514 silly reify mark retired [ 'C:\\Users\\Usuario01\\TC-ERP\\web\\node_modules\\axe-core' ]
2515 silly reify mark retired [ 'C:\\Users\\Usuario01\\TC-ERP\\web\\node_modules\\axobject-query' ]
2516 silly reify mark retired [
2516 silly reify   'C:\\Users\\Usuario01\\TC-ERP\\web\\node_modules\\baseline-browser-mapping'
2516 silly reify ]
2517 silly reify mark retired [ 'C:\\Users\\Usuario01\\TC-ERP\\web\\node_modules\\braces' ]
2518 silly reify mark retired [ 'C:\\Users\\Usuario01\\TC-ERP\\web\\node_modules\\browserslist' ]
2519 silly reify mark retired [ 'C:\\Users\\Usuario01\\TC-ERP\\web\\node_modules\\call-bind' ]
2520 silly reify mark retired [
2520 silly reify   'C:\\Users\\Usuario01\\TC-ERP\\web\\node_modules\\call-bind-apply-helpers'
2520 silly reify ]
2521 silly reify mark retired [ 'C:\\Users\\Usuario01\\TC-ERP\\web\\node_modules\\caniuse-lite' ]
2522 silly reify mark retired [ 'C:\\Users\\Usuario01\\TC-ERP\\web\\node_modules\\chalk' ]
2523 silly reify mark retired [ 'C:\\Users\\Usuario01\\TC-ERP\\web\\node_modules\\color-convert' ]
2524 silly reify mark retired [ 'C:\\Users\\Usuario01\\TC-ERP\\web\\node_modules\\color-name' ]
2525 silly reify mark retired [
2525 silly reify   'C:\\Users\\Usuario01\\TC-ERP\\web\\node_modules\\convert-source-map'
2525 silly reify ]
2526 silly reify mark retired [ 'C:\\Users\\Usuario01\\TC-ERP\\web\\node_modules\\cross-spawn' ]
2527 silly reify mark retired [ 'C:\\Users\\Usuario01\\TC-ERP\\web\\node_modules\\csstype' ]
2528 silly reify mark retired [
2528 silly reify   'C:\\Users\\Usuario01\\TC-ERP\\web\\node_modules\\damerau-levenshtein'
2528 silly reify ]
2529 silly reify mark retired [ 'C:\\Users\\Usuario01\\TC-ERP\\web\\node_modules\\data-view-buffer' ]
2530 silly reify mark retired [
2530 silly reify   'C:\\Users\\Usuario01\\TC-ERP\\web\\node_modules\\data-view-byte-length'
2530 silly reify ]
2531 silly reify mark retired [
2531 silly reify   'C:\\Users\\Usuario01\\TC-ERP\\web\\node_modules\\data-view-byte-offset'
2531 silly reify ]
2532 silly reify mark retired [ 'C:\\Users\\Usuario01\\TC-ERP\\web\\node_modules\\debug' ]
2533 silly reify mark retired [ 'C:\\Users\\Usuario01\\TC-ERP\\web\\node_modules\\deep-is' ]
2534 silly reify mark retired [
2534 silly reify   'C:\\Users\\Usuario01\\TC-ERP\\web\\node_modules\\define-data-property'
2534 silly reify ]
2535 silly reify mark retired [
2535 silly reify   'C:\\Users\\Usuario01\\TC-ERP\\web\\node_modules\\define-properties'
2535 silly reify ]
2536 silly reify mark retired [ 'C:\\Users\\Usuario01\\TC-ERP\\web\\node_modules\\detect-libc' ]
2537 silly reify mark retired [ 'C:\\Users\\Usuario01\\TC-ERP\\web\\node_modules\\dunder-proto' ]
2538 silly reify mark retired [ 'C:\\Users\\Usuario01\\TC-ERP\\web\\node_modules\\doctrine' ]
2539 silly reify mark retired [
2539 silly reify   'C:\\Users\\Usuario01\\TC-ERP\\web\\node_modules\\electron-to-chromium'
2539 silly reify ]
2540 silly reify mark retired [ 'C:\\Users\\Usuario01\\TC-ERP\\web\\node_modules\\emoji-regex' ]
2541 silly reify mark retired [ 'C:\\Users\\Usuario01\\TC-ERP\\web\\node_modules\\enhanced-resolve' ]
2542 silly reify mark retired [ 'C:\\Users\\Usuario01\\TC-ERP\\web\\node_modules\\es-abstract' ]
2543 silly reify mark retired [
2543 silly reify   'C:\\Users\\Usuario01\\TC-ERP\\web\\node_modules\\es-define-property'
2543 silly reify ]
2544 silly reify mark retired [ 'C:\\Users\\Usuario01\\TC-ERP\\web\\node_modules\\es-errors' ]
2545 silly reify mark retired [
2545 silly reify   'C:\\Users\\Usuario01\\TC-ERP\\web\\node_modules\\es-iterator-helpers'
2545 silly reify ]
2546 silly reify mark retired [ 'C:\\Users\\Usuario01\\TC-ERP\\web\\node_modules\\es-object-atoms' ]
2547 silly reify mark retired [
2547 silly reify   'C:\\Users\\Usuario01\\TC-ERP\\web\\node_modules\\es-set-tostringtag'
2547 silly reify ]
2548 silly reify mark retired [
2548 silly reify   'C:\\Users\\Usuario01\\TC-ERP\\web\\node_modules\\es-shim-unscopables'
2548 silly reify ]
2549 silly reify mark retired [ 'C:\\Users\\Usuario01\\TC-ERP\\web\\node_modules\\es-to-primitive' ]
2550 silly reify mark retired [
2550 silly reify   'C:\\Users\\Usuario01\\TC-ERP\\web\\node_modules\\escape-string-regexp'
2550 silly reify ]
2551 silly reify mark retired [ 'C:\\Users\\Usuario01\\TC-ERP\\web\\node_modules\\eslint' ]
2552 silly reify mark retired [
2552 silly reify   'C:\\Users\\Usuario01\\TC-ERP\\web\\node_modules\\eslint-config-next'
2552 silly reify ]
2553 silly reify mark retired [
2553 silly reify   'C:\\Users\\Usuario01\\TC-ERP\\web\\node_modules\\eslint-import-resolver-node'
2553 silly reify ]
2554 silly reify mark retired [
2554 silly reify   'C:\\Users\\Usuario01\\TC-ERP\\web\\node_modules\\eslint-import-resolver-typescript'
2554 silly reify ]
2555 silly reify mark retired [
2555 silly reify   'C:\\Users\\Usuario01\\TC-ERP\\web\\node_modules\\eslint-module-utils'
2555 silly reify ]
2556 silly reify mark retired [
2556 silly reify   'C:\\Users\\Usuario01\\TC-ERP\\web\\node_modules\\eslint-plugin-import'
2556 silly reify ]
2557 silly reify mark retired [
2557 silly reify   'C:\\Users\\Usuario01\\TC-ERP\\web\\node_modules\\eslint-plugin-jsx-a11y'
2557 silly reify ]
2558 silly reify mark retired [
2558 silly reify   'C:\\Users\\Usuario01\\TC-ERP\\web\\node_modules\\eslint-plugin-react'
2558 silly reify ]
2559 silly reify mark retired [
2559 silly reify   'C:\\Users\\Usuario01\\TC-ERP\\web\\node_modules\\eslint-plugin-react-hooks'
2559 silly reify ]
2560 silly reify mark retired [ 'C:\\Users\\Usuario01\\TC-ERP\\web\\node_modules\\eslint-scope' ]
2561 silly reify mark retired [
2561 silly reify   'C:\\Users\\Usuario01\\TC-ERP\\web\\node_modules\\eslint-visitor-keys'
2561 silly reify ]
2562 silly reify mark retired [ 'C:\\Users\\Usuario01\\TC-ERP\\web\\node_modules\\espree' ]
2563 silly reify mark retired [ 'C:\\Users\\Usuario01\\TC-ERP\\web\\node_modules\\esquery' ]
2564 silly reify mark retired [ 'C:\\Users\\Usuario01\\TC-ERP\\web\\node_modules\\esrecurse' ]
2565 silly reify mark retired [ 'C:\\Users\\Usuario01\\TC-ERP\\web\\node_modules\\estraverse' ]
2566 silly reify mark retired [ 'C:\\Users\\Usuario01\\TC-ERP\\web\\node_modules\\esutils' ]
2567 silly reify mark retired [ 'C:\\Users\\Usuario01\\TC-ERP\\web\\node_modules\\fast-deep-equal' ]
2568 silly reify mark retired [ 'C:\\Users\\Usuario01\\TC-ERP\\web\\node_modules\\fast-glob' ]
2569 silly reify mark retired [
2569 silly reify   'C:\\Users\\Usuario01\\TC-ERP\\web\\node_modules\\fast-json-stable-stringify'
2569 silly reify ]
2570 silly reify mark retired [ 'C:\\Users\\Usuario01\\TC-ERP\\web\\node_modules\\fastq' ]
2571 silly reify mark retired [ 'C:\\Users\\Usuario01\\TC-ERP\\web\\node_modules\\file-entry-cache' ]
2572 silly reify mark retired [ 'C:\\Users\\Usuario01\\TC-ERP\\web\\node_modules\\fill-range' ]
2573 silly reify mark retired [ 'C:\\Users\\Usuario01\\TC-ERP\\web\\node_modules\\find-up' ]
2574 silly reify mark retired [ 'C:\\Users\\Usuario01\\TC-ERP\\web\\node_modules\\flat-cache' ]
2575 silly reify mark retired [ 'C:\\Users\\Usuario01\\TC-ERP\\web\\node_modules\\flatted' ]
2576 silly reify mark retired [ 'C:\\Users\\Usuario01\\TC-ERP\\web\\node_modules\\for-each' ]
2577 silly reify mark retired [ 'C:\\Users\\Usuario01\\TC-ERP\\web\\node_modules\\function-bind' ]
2578 silly reify mark retired [
2578 silly reify   'C:\\Users\\Usuario01\\TC-ERP\\web\\node_modules\\function.prototype.name'
2578 silly reify ]
2579 silly reify mark retired [
2579 silly reify   'C:\\Users\\Usuario01\\TC-ERP\\web\\node_modules\\functions-have-names'
2579 silly reify ]
2580 silly reify mark retired [ 'C:\\Users\\Usuario01\\TC-ERP\\web\\node_modules\\gensync' ]
2581 silly reify mark retired [ 'C:\\Users\\Usuario01\\TC-ERP\\web\\node_modules\\get-proto' ]
2582 silly reify mark retired [
2582 silly reify   'C:\\Users\\Usuario01\\TC-ERP\\web\\node_modules\\get-symbol-description'
2582 silly reify ]
2583 silly reify mark retired [ 'C:\\Users\\Usuario01\\TC-ERP\\web\\node_modules\\get-tsconfig' ]
2584 silly reify mark retired [ 'C:\\Users\\Usuario01\\TC-ERP\\web\\node_modules\\glob-parent' ]
2585 silly reify mark retired [ 'C:\\Users\\Usuario01\\TC-ERP\\web\\node_modules\\globals' ]
2586 silly reify mark retired [ 'C:\\Users\\Usuario01\\TC-ERP\\web\\node_modules\\globalthis' ]
2587 silly reify mark retired [ 'C:\\Users\\Usuario01\\TC-ERP\\web\\node_modules\\gopd' ]
2588 silly reify mark retired [ 'C:\\Users\\Usuario01\\TC-ERP\\web\\node_modules\\graceful-fs' ]
2589 silly reify mark retired [
2589 silly reify   'C:\\Users\\Usuario01\\TC-ERP\\web\\node_modules\\has-property-descriptors'
2589 silly reify ]
2590 silly reify mark retired [ 'C:\\Users\\Usuario01\\TC-ERP\\web\\node_modules\\has-proto' ]
2591 silly reify mark retired [ 'C:\\Users\\Usuario01\\TC-ERP\\web\\node_modules\\has-symbols' ]
2592 silly reify mark retired [ 'C:\\Users\\Usuario01\\TC-ERP\\web\\node_modules\\has-tostringtag' ]
2593 silly reify mark retired [ 'C:\\Users\\Usuario01\\TC-ERP\\web\\node_modules\\hasown' ]
2594 silly reify mark retired [ 'C:\\Users\\Usuario01\\TC-ERP\\web\\node_modules\\hermes-estree' ]
2595 silly reify mark retired [ 'C:\\Users\\Usuario01\\TC-ERP\\web\\node_modules\\hermes-parser' ]
2596 silly reify mark retired [ 'C:\\Users\\Usuario01\\TC-ERP\\web\\node_modules\\ignore' ]
2597 silly reify mark retired [ 'C:\\Users\\Usuario01\\TC-ERP\\web\\node_modules\\import-fresh' ]
2598 silly reify mark retired [ 'C:\\Users\\Usuario01\\TC-ERP\\web\\node_modules\\imurmurhash' ]
2599 silly reify mark retired [ 'C:\\Users\\Usuario01\\TC-ERP\\web\\node_modules\\internal-slot' ]
2600 silly reify mark retired [ 'C:\\Users\\Usuario01\\TC-ERP\\web\\node_modules\\is-array-buffer' ]
2601 silly reify mark retired [
2601 silly reify   'C:\\Users\\Usuario01\\TC-ERP\\web\\node_modules\\is-async-function'
2601 silly reify ]
2602 silly reify mark retired [ 'C:\\Users\\Usuario01\\TC-ERP\\web\\node_modules\\is-bigint' ]
2603 silly reify mark retired [
2603 silly reify   'C:\\Users\\Usuario01\\TC-ERP\\web\\node_modules\\is-boolean-object'
2603 silly reify ]
2604 silly reify mark retired [ 'C:\\Users\\Usuario01\\TC-ERP\\web\\node_modules\\is-bun-module' ]
2605 silly reify mark retired [ 'C:\\Users\\Usuario01\\TC-ERP\\web\\node_modules\\is-callable' ]
2606 silly reify mark retired [ 'C:\\Users\\Usuario01\\TC-ERP\\web\\node_modules\\is-core-module' ]
2607 silly reify mark retired [ 'C:\\Users\\Usuario01\\TC-ERP\\web\\node_modules\\is-data-view' ]
2608 silly reify mark retired [ 'C:\\Users\\Usuario01\\TC-ERP\\web\\node_modules\\is-date-object' ]
2609 silly reify mark retired [
2609 silly reify   'C:\\Users\\Usuario01\\TC-ERP\\web\\node_modules\\is-generator-function'
2609 silly reify ]
2610 silly reify mark retired [ 'C:\\Users\\Usuario01\\TC-ERP\\web\\node_modules\\is-glob' ]
2611 silly reify mark retired [ 'C:\\Users\\Usuario01\\TC-ERP\\web\\node_modules\\is-negative-zero' ]
2612 silly reify mark retired [ 'C:\\Users\\Usuario01\\TC-ERP\\web\\node_modules\\is-number-object' ]
2613 silly reify mark retired [ 'C:\\Users\\Usuario01\\TC-ERP\\web\\node_modules\\is-regex' ]
2614 silly reify mark retired [
2614 silly reify   'C:\\Users\\Usuario01\\TC-ERP\\web\\node_modules\\is-shared-array-buffer'
2614 silly reify ]
2615 silly reify mark retired [ 'C:\\Users\\Usuario01\\TC-ERP\\web\\node_modules\\is-string' ]
2616 silly reify mark retired [ 'C:\\Users\\Usuario01\\TC-ERP\\web\\node_modules\\is-symbol' ]
2617 silly reify mark retired [ 'C:\\Users\\Usuario01\\TC-ERP\\web\\node_modules\\is-typed-array' ]
2618 silly reify mark retired [ 'C:\\Users\\Usuario01\\TC-ERP\\web\\node_modules\\is-weakref' ]
2619 silly reify mark retired [
2619 silly reify   'C:\\Users\\Usuario01\\TC-ERP\\web\\node_modules\\iterator.prototype'
2619 silly reify ]
2620 silly reify mark retired [ 'C:\\Users\\Usuario01\\TC-ERP\\web\\node_modules\\jiti' ]
2621 silly reify mark retired [ 'C:\\Users\\Usuario01\\TC-ERP\\web\\node_modules\\js-yaml' ]
2622 silly reify mark retired [ 'C:\\Users\\Usuario01\\TC-ERP\\web\\node_modules\\jsesc' ]
2623 silly reify mark retired [
2623 silly reify   'C:\\Users\\Usuario01\\TC-ERP\\web\\node_modules\\json-schema-traverse'
2623 silly reify ]
2624 silly reify mark retired [
2624 silly reify   'C:\\Users\\Usuario01\\TC-ERP\\web\\node_modules\\json-stable-stringify-without-jsonify'
2624 silly reify ]
2625 silly reify mark retired [ 'C:\\Users\\Usuario01\\TC-ERP\\web\\node_modules\\json5' ]
2626 silly reify mark retired [ 'C:\\Users\\Usuario01\\TC-ERP\\web\\node_modules\\jsx-ast-utils' ]
2627 silly reify mark retired [ 'C:\\Users\\Usuario01\\TC-ERP\\web\\node_modules\\keyv' ]
2628 silly reify mark retired [
2628 silly reify   'C:\\Users\\Usuario01\\TC-ERP\\web\\node_modules\\language-subtag-registry'
2628 silly reify ]
2629 silly reify mark retired [ 'C:\\Users\\Usuario01\\TC-ERP\\web\\node_modules\\language-tags' ]
2630 silly reify mark retired [ 'C:\\Users\\Usuario01\\TC-ERP\\web\\node_modules\\levn' ]
2631 silly reify mark retired [ 'C:\\Users\\Usuario01\\TC-ERP\\web\\node_modules\\lightningcss' ]
2632 silly reify mark retired [
2632 silly reify   'C:\\Users\\Usuario01\\TC-ERP\\web\\node_modules\\lightningcss-win32-x64-msvc'
2632 silly reify ]
2633 silly reify mark retired [ 'C:\\Users\\Usuario01\\TC-ERP\\web\\node_modules\\locate-path' ]
2634 silly reify mark retired [ 'C:\\Users\\Usuario01\\TC-ERP\\web\\node_modules\\lodash.merge' ]
2635 silly reify mark retired [ 'C:\\Users\\Usuario01\\TC-ERP\\web\\node_modules\\magic-string' ]
2636 silly reify mark retired [ 'C:\\Users\\Usuario01\\TC-ERP\\web\\node_modules\\math-intrinsics' ]
2637 silly reify mark retired [ 'C:\\Users\\Usuario01\\TC-ERP\\web\\node_modules\\merge2' ]
2638 silly reify mark retired [ 'C:\\Users\\Usuario01\\TC-ERP\\web\\node_modules\\micromatch' ]
2639 silly reify mark retired [ 'C:\\Users\\Usuario01\\TC-ERP\\web\\node_modules\\minimatch' ]
2640 silly reify mark retired [ 'C:\\Users\\Usuario01\\TC-ERP\\web\\node_modules\\minimist' ]
2641 silly reify mark retired [ 'C:\\Users\\Usuario01\\TC-ERP\\web\\node_modules\\ms' ]
2642 silly reify mark retired [ 'C:\\Users\\Usuario01\\TC-ERP\\web\\node_modules\\nanoid' ]
2643 silly reify mark retired [ 'C:\\Users\\Usuario01\\TC-ERP\\web\\node_modules\\napi-postinstall' ]
2644 silly reify mark retired [ 'C:\\Users\\Usuario01\\TC-ERP\\web\\node_modules\\natural-compare' ]
2645 silly reify mark retired [ 'C:\\Users\\Usuario01\\TC-ERP\\web\\node_modules\\next' ]
2646 silly reify mark retired [
2646 silly reify   'C:\\Users\\Usuario01\\TC-ERP\\web\\node_modules\\node-exports-info'
2646 silly reify ]
2647 silly reify mark retired [ 'C:\\Users\\Usuario01\\TC-ERP\\web\\node_modules\\node-releases' ]
2648 silly reify mark retired [ 'C:\\Users\\Usuario01\\TC-ERP\\web\\node_modules\\object-inspect' ]
2649 silly reify mark retired [ 'C:\\Users\\Usuario01\\TC-ERP\\web\\node_modules\\object-keys' ]
2650 silly reify mark retired [ 'C:\\Users\\Usuario01\\TC-ERP\\web\\node_modules\\object.assign' ]
2651 silly reify mark retired [ 'C:\\Users\\Usuario01\\TC-ERP\\web\\node_modules\\object.entries' ]
2652 silly reify mark retired [
2652 silly reify   'C:\\Users\\Usuario01\\TC-ERP\\web\\node_modules\\object.fromentries'
2652 silly reify ]
2653 silly reify mark retired [ 'C:\\Users\\Usuario01\\TC-ERP\\web\\node_modules\\object.groupby' ]
2654 silly reify mark retired [ 'C:\\Users\\Usuario01\\TC-ERP\\web\\node_modules\\object.values' ]
2655 silly reify mark retired [ 'C:\\Users\\Usuario01\\TC-ERP\\web\\node_modules\\optionator' ]
2656 silly reify mark retired [ 'C:\\Users\\Usuario01\\TC-ERP\\web\\node_modules\\own-keys' ]
2657 silly reify mark retired [ 'C:\\Users\\Usuario01\\TC-ERP\\web\\node_modules\\p-locate' ]
2658 silly reify mark retired [ 'C:\\Users\\Usuario01\\TC-ERP\\web\\node_modules\\path-key' ]
2659 silly reify mark retired [ 'C:\\Users\\Usuario01\\TC-ERP\\web\\node_modules\\picocolors' ]
2660 silly reify mark retired [ 'C:\\Users\\Usuario01\\TC-ERP\\web\\node_modules\\picomatch' ]
2661 silly reify mark retired [
2661 silly reify   'C:\\Users\\Usuario01\\TC-ERP\\web\\node_modules\\possible-typed-array-names'
2661 silly reify ]
2662 silly reify mark retired [ 'C:\\Users\\Usuario01\\TC-ERP\\web\\node_modules\\postcss' ]
2663 silly reify mark retired [ 'C:\\Users\\Usuario01\\TC-ERP\\web\\node_modules\\prelude-ls' ]
2664 silly reify mark retired [ 'C:\\Users\\Usuario01\\TC-ERP\\web\\node_modules\\prop-types' ]
2665 silly reify mark retired [ 'C:\\Users\\Usuario01\\TC-ERP\\web\\node_modules\\react' ]
2666 silly reify mark retired [ 'C:\\Users\\Usuario01\\TC-ERP\\web\\node_modules\\react-dom' ]
2667 silly reify mark retired [
2667 silly reify   'C:\\Users\\Usuario01\\TC-ERP\\web\\node_modules\\reflect.getprototypeof'
2667 silly reify ]
2668 silly reify mark retired [
2668 silly reify   'C:\\Users\\Usuario01\\TC-ERP\\web\\node_modules\\regexp.prototype.flags'
2668 silly reify ]
2669 silly reify mark retired [ 'C:\\Users\\Usuario01\\TC-ERP\\web\\node_modules\\resolve' ]
2670 silly reify mark retired [ 'C:\\Users\\Usuario01\\TC-ERP\\web\\node_modules\\resolve-pkg-maps' ]
2671 silly reify mark retired [ 'C:\\Users\\Usuario01\\TC-ERP\\web\\node_modules\\reusify' ]
2672 silly reify mark retired [ 'C:\\Users\\Usuario01\\TC-ERP\\web\\node_modules\\run-parallel' ]
2673 silly reify mark retired [
2673 silly reify   'C:\\Users\\Usuario01\\TC-ERP\\web\\node_modules\\safe-array-concat'
2673 silly reify ]
2674 silly reify mark retired [ 'C:\\Users\\Usuario01\\TC-ERP\\web\\node_modules\\safe-push-apply' ]
2675 silly reify mark retired [ 'C:\\Users\\Usuario01\\TC-ERP\\web\\node_modules\\safe-regex-test' ]
2676 silly reify mark retired [ 'C:\\Users\\Usuario01\\TC-ERP\\web\\node_modules\\scheduler' ]
2677 silly reify mark retired [ 'C:\\Users\\Usuario01\\TC-ERP\\web\\node_modules\\semver' ]
2678 silly reify mark retired [
2678 silly reify   'C:\\Users\\Usuario01\\TC-ERP\\web\\node_modules\\set-function-length'
2678 silly reify ]
2679 silly reify mark retired [
2679 silly reify   'C:\\Users\\Usuario01\\TC-ERP\\web\\node_modules\\set-function-name'
2679 silly reify ]
2680 silly reify mark retired [ 'C:\\Users\\Usuario01\\TC-ERP\\web\\node_modules\\set-proto' ]
2681 silly reify mark retired [ 'C:\\Users\\Usuario01\\TC-ERP\\web\\node_modules\\sharp' ]
2682 silly reify mark retired [ 'C:\\Users\\Usuario01\\TC-ERP\\web\\node_modules\\shebang-command' ]
2683 silly reify mark retired [ 'C:\\Users\\Usuario01\\TC-ERP\\web\\node_modules\\side-channel' ]
2684 silly reify mark retired [
2684 silly reify   'C:\\Users\\Usuario01\\TC-ERP\\web\\node_modules\\side-channel-list'
2684 silly reify ]
2685 silly reify mark retired [ 'C:\\Users\\Usuario01\\TC-ERP\\web\\node_modules\\side-channel-map' ]
2686 silly reify mark retired [
2686 silly reify   'C:\\Users\\Usuario01\\TC-ERP\\web\\node_modules\\side-channel-weakmap'
2686 silly reify ]
2687 silly reify mark retired [ 'C:\\Users\\Usuario01\\TC-ERP\\web\\node_modules\\source-map-js' ]
2688 silly reify mark retired [ 'C:\\Users\\Usuario01\\TC-ERP\\web\\node_modules\\stable-hash' ]
2689 silly reify mark retired [
2689 silly reify   'C:\\Users\\Usuario01\\TC-ERP\\web\\node_modules\\stop-iteration-iterator'
2689 silly reify ]
2690 silly reify mark retired [
2690 silly reify   'C:\\Users\\Usuario01\\TC-ERP\\web\\node_modules\\string.prototype.includes'
2690 silly reify ]
2691 silly reify mark retired [
2691 silly reify   'C:\\Users\\Usuario01\\TC-ERP\\web\\node_modules\\string.prototype.matchall'
2691 silly reify ]
2692 silly reify mark retired [
2692 silly reify   'C:\\Users\\Usuario01\\TC-ERP\\web\\node_modules\\string.prototype.repeat'
2692 silly reify ]
2693 silly reify mark retired [
2693 silly reify   'C:\\Users\\Usuario01\\TC-ERP\\web\\node_modules\\string.prototype.trim'
2693 silly reify ]
2694 silly reify mark retired [
2694 silly reify   'C:\\Users\\Usuario01\\TC-ERP\\web\\node_modules\\string.prototype.trimend'
2694 silly reify ]
2695 silly reify mark retired [
2695 silly reify   'C:\\Users\\Usuario01\\TC-ERP\\web\\node_modules\\string.prototype.trimstart'
2695 silly reify ]
2696 silly reify mark retired [
2696 silly reify   'C:\\Users\\Usuario01\\TC-ERP\\web\\node_modules\\strip-json-comments'
2696 silly reify ]
2697 silly reify mark retired [ 'C:\\Users\\Usuario01\\TC-ERP\\web\\node_modules\\styled-jsx' ]
2698 silly reify mark retired [ 'C:\\Users\\Usuario01\\TC-ERP\\web\\node_modules\\supports-color' ]
2699 silly reify mark retired [
2699 silly reify   'C:\\Users\\Usuario01\\TC-ERP\\web\\node_modules\\supports-preserve-symlinks-flag'
2699 silly reify ]
2700 silly reify mark retired [ 'C:\\Users\\Usuario01\\TC-ERP\\web\\node_modules\\tailwindcss' ]
2701 silly reify mark retired [ 'C:\\Users\\Usuario01\\TC-ERP\\web\\node_modules\\tapable' ]
2702 silly reify mark retired [ 'C:\\Users\\Usuario01\\TC-ERP\\web\\node_modules\\tinyglobby' ]
2703 silly reify mark retired [ 'C:\\Users\\Usuario01\\TC-ERP\\web\\node_modules\\ts-api-utils' ]
2704 silly reify mark retired [ 'C:\\Users\\Usuario01\\TC-ERP\\web\\node_modules\\tsconfig-paths' ]
2705 silly reify mark retired [ 'C:\\Users\\Usuario01\\TC-ERP\\web\\node_modules\\tslib' ]
2706 silly reify mark retired [ 'C:\\Users\\Usuario01\\TC-ERP\\web\\node_modules\\type-check' ]
2707 silly reify mark retired [
2707 silly reify   'C:\\Users\\Usuario01\\TC-ERP\\web\\node_modules\\typed-array-buffer'
2707 silly reify ]
2708 silly reify mark retired [
2708 silly reify   'C:\\Users\\Usuario01\\TC-ERP\\web\\node_modules\\typed-array-byte-length'
2708 silly reify ]
2709 silly reify mark retired [
2709 silly reify   'C:\\Users\\Usuario01\\TC-ERP\\web\\node_modules\\typed-array-byte-offset'
2709 silly reify ]
2710 silly reify mark retired [
2710 silly reify   'C:\\Users\\Usuario01\\TC-ERP\\web\\node_modules\\typed-array-length'
2710 silly reify ]
2711 silly reify mark retired [ 'C:\\Users\\Usuario01\\TC-ERP\\web\\node_modules\\typescript' ]
2712 silly reify mark retired [
2712 silly reify   'C:\\Users\\Usuario01\\TC-ERP\\web\\node_modules\\typescript-eslint'
2712 silly reify ]
2713 silly reify mark retired [ 'C:\\Users\\Usuario01\\TC-ERP\\web\\node_modules\\unbox-primitive' ]
2714 silly reify mark retired [ 'C:\\Users\\Usuario01\\TC-ERP\\web\\node_modules\\undici-types' ]
2715 silly reify mark retired [ 'C:\\Users\\Usuario01\\TC-ERP\\web\\node_modules\\unrs-resolver' ]
2716 silly reify mark retired [
2716 silly reify   'C:\\Users\\Usuario01\\TC-ERP\\web\\node_modules\\update-browserslist-db'
2716 silly reify ]
2717 silly reify mark retired [ 'C:\\Users\\Usuario01\\TC-ERP\\web\\node_modules\\uri-js' ]
2718 silly reify mark retired [ 'C:\\Users\\Usuario01\\TC-ERP\\web\\node_modules\\which' ]
2719 silly reify mark retired [
2719 silly reify   'C:\\Users\\Usuario01\\TC-ERP\\web\\node_modules\\which-boxed-primitive'
2719 silly reify ]
2720 silly reify mark retired [
2720 silly reify   'C:\\Users\\Usuario01\\TC-ERP\\web\\node_modules\\which-builtin-type'
2720 silly reify ]
2721 silly reify mark retired [
2721 silly reify   'C:\\Users\\Usuario01\\TC-ERP\\web\\node_modules\\which-typed-array'
2721 silly reify ]
2722 silly reify mark retired [ 'C:\\Users\\Usuario01\\TC-ERP\\web\\node_modules\\zod' ]
2723 silly reify mark retired [
2723 silly reify   'C:\\Users\\Usuario01\\TC-ERP\\web\\node_modules\\zod-validation-error'
2723 silly reify ]
2724 silly reify mark retired [
2724 silly reify   'C:\\Users\\Usuario01\\TC-ERP\\web\\node_modules\\@alloc\\quick-lru'
2724 silly reify ]
2725 silly reify mark retired [
2725 silly reify   'C:\\Users\\Usuario01\\TC-ERP\\web\\node_modules\\@babel\\code-frame'
2725 silly reify ]
2726 silly reify mark retired [
2726 silly reify   'C:\\Users\\Usuario01\\TC-ERP\\web\\node_modules\\@babel\\compat-data'
2726 silly reify ]
2727 silly reify mark retired [ 'C:\\Users\\Usuario01\\TC-ERP\\web\\node_modules\\@babel\\core' ]
2728 silly reify mark retired [
2728 silly reify   'C:\\Users\\Usuario01\\TC-ERP\\web\\node_modules\\@babel\\generator'
2728 silly reify ]
2729 silly reify mark retired [
2729 silly reify   'C:\\Users\\Usuario01\\TC-ERP\\web\\node_modules\\@babel\\helper-compilation-targets'
2729 silly reify ]
2730 silly reify mark retired [
2730 silly reify   'C:\\Users\\Usuario01\\TC-ERP\\web\\node_modules\\@babel\\helper-globals'
2730 silly reify ]
2731 silly reify mark retired [
2731 silly reify   'C:\\Users\\Usuario01\\TC-ERP\\web\\node_modules\\@babel\\helper-module-imports'
2731 silly reify ]
2732 silly reify mark retired [
2732 silly reify   'C:\\Users\\Usuario01\\TC-ERP\\web\\node_modules\\@babel\\helper-module-transforms'
2732 silly reify ]
2733 silly reify mark retired [
2733 silly reify   'C:\\Users\\Usuario01\\TC-ERP\\web\\node_modules\\@babel\\helper-string-parser'
2733 silly reify ]
2734 silly reify mark retired [
2734 silly reify   'C:\\Users\\Usuario01\\TC-ERP\\web\\node_modules\\@babel\\helper-validator-identifier'
2734 silly reify ]
2735 silly reify mark retired [
2735 silly reify   'C:\\Users\\Usuario01\\TC-ERP\\web\\node_modules\\@babel\\helper-validator-option'
2735 silly reify ]
2736 silly reify mark retired [ 'C:\\Users\\Usuario01\\TC-ERP\\web\\node_modules\\@babel\\helpers' ]
2737 silly reify mark retired [ 'C:\\Users\\Usuario01\\TC-ERP\\web\\node_modules\\@babel\\parser' ]
2738 silly reify mark retired [ 'C:\\Users\\Usuario01\\TC-ERP\\web\\node_modules\\@babel\\template' ]
2739 silly reify mark retired [ 'C:\\Users\\Usuario01\\TC-ERP\\web\\node_modules\\@babel\\traverse' ]
2740 silly reify mark retired [ 'C:\\Users\\Usuario01\\TC-ERP\\web\\node_modules\\@babel\\types' ]
2741 silly reify mark retired [ 'C:\\Users\\Usuario01\\TC-ERP\\web\\node_modules\\@emnapi\\core' ]
2742 silly reify mark retired [ 'C:\\Users\\Usuario01\\TC-ERP\\web\\node_modules\\@emnapi\\runtime' ]
2743 silly reify mark retired [
2743 silly reify   'C:\\Users\\Usuario01\\TC-ERP\\web\\node_modules\\@emnapi\\wasi-threads'
2743 silly reify ]
2744 silly reify mark retired [
2744 silly reify   'C:\\Users\\Usuario01\\TC-ERP\\web\\node_modules\\@eslint\\config-array'
2744 silly reify ]
2745 silly reify mark retired [
2745 silly reify   'C:\\Users\\Usuario01\\TC-ERP\\web\\node_modules\\@eslint\\config-helpers'
2745 silly reify ]
2746 silly reify mark retired [ 'C:\\Users\\Usuario01\\TC-ERP\\web\\node_modules\\@eslint\\core' ]
2747 silly reify mark retired [
2747 silly reify   'C:\\Users\\Usuario01\\TC-ERP\\web\\node_modules\\@eslint\\eslintrc'
2747 silly reify ]
2748 silly reify mark retired [ 'C:\\Users\\Usuario01\\TC-ERP\\web\\node_modules\\@eslint\\js' ]
2749 silly reify mark retired [
2749 silly reify   'C:\\Users\\Usuario01\\TC-ERP\\web\\node_modules\\@eslint\\object-schema'
2749 silly reify ]
2750 silly reify mark retired [
2750 silly reify   'C:\\Users\\Usuario01\\TC-ERP\\web\\node_modules\\@eslint\\plugin-kit'
2750 silly reify ]
2751 silly reify mark retired [
2751 silly reify   'C:\\Users\\Usuario01\\TC-ERP\\web\\node_modules\\@eslint-community\\eslint-utils'
2751 silly reify ]
2752 silly reify mark retired [
2752 silly reify   'C:\\Users\\Usuario01\\TC-ERP\\web\\node_modules\\@eslint-community\\regexpp'
2752 silly reify ]
2753 silly reify mark retired [ 'C:\\Users\\Usuario01\\TC-ERP\\web\\node_modules\\@humanfs\\core' ]
2754 silly reify mark retired [ 'C:\\Users\\Usuario01\\TC-ERP\\web\\node_modules\\@humanfs\\node' ]
2755 silly reify mark retired [ 'C:\\Users\\Usuario01\\TC-ERP\\web\\node_modules\\@humanfs\\types' ]
2756 silly reify mark retired [
2756 silly reify   'C:\\Users\\Usuario01\\TC-ERP\\web\\node_modules\\@humanwhocodes\\module-importer'
2756 silly reify ]
2757 silly reify mark retired [
2757 silly reify   'C:\\Users\\Usuario01\\TC-ERP\\web\\node_modules\\@humanwhocodes\\retry'
2757 silly reify ]
2758 silly reify mark retired [
2758 silly reify   'C:\\Users\\Usuario01\\TC-ERP\\web\\node_modules\\@img\\sharp-win32-x64'
2758 silly reify ]
2759 silly reify mark retired [
2759 silly reify   'C:\\Users\\Usuario01\\TC-ERP\\web\\node_modules\\@jridgewell\\gen-mapping'
2759 silly reify ]
2760 silly reify mark retired [
2760 silly reify   'C:\\Users\\Usuario01\\TC-ERP\\web\\node_modules\\@jridgewell\\remapping'
2760 silly reify ]
2761 silly reify mark retired [
2761 silly reify   'C:\\Users\\Usuario01\\TC-ERP\\web\\node_modules\\@jridgewell\\resolve-uri'
2761 silly reify ]
2762 silly reify mark retired [
2762 silly reify   'C:\\Users\\Usuario01\\TC-ERP\\web\\node_modules\\@jridgewell\\sourcemap-codec'
2762 silly reify ]
2763 silly reify mark retired [
2763 silly reify   'C:\\Users\\Usuario01\\TC-ERP\\web\\node_modules\\@jridgewell\\trace-mapping'
2763 silly reify ]
2764 silly reify mark retired [
2764 silly reify   'C:\\Users\\Usuario01\\TC-ERP\\web\\node_modules\\@napi-rs\\wasm-runtime'
2764 silly reify ]
2765 silly reify mark retired [
2765 silly reify   'C:\\Users\\Usuario01\\TC-ERP\\web\\node_modules\\@next\\eslint-plugin-next'
2765 silly reify ]
2766 silly reify mark retired [
2766 silly reify   'C:\\Users\\Usuario01\\TC-ERP\\web\\node_modules\\@nodelib\\fs.scandir'
2766 silly reify ]
2767 silly reify mark retired [
2767 silly reify   'C:\\Users\\Usuario01\\TC-ERP\\web\\node_modules\\@nodelib\\fs.stat'
2767 silly reify ]
2768 silly reify mark retired [
2768 silly reify   'C:\\Users\\Usuario01\\TC-ERP\\web\\node_modules\\@nodelib\\fs.walk'
2768 silly reify ]
2769 silly reify mark retired [
2769 silly reify   'C:\\Users\\Usuario01\\TC-ERP\\web\\node_modules\\@nolyfill\\is-core-module'
2769 silly reify ]
2770 silly reify mark retired [ 'C:\\Users\\Usuario01\\TC-ERP\\web\\node_modules\\@rtsao\\scc' ]
2771 silly reify mark retired [ 'C:\\Users\\Usuario01\\TC-ERP\\web\\node_modules\\@swc\\helpers' ]
2772 silly reify mark retired [
2772 silly reify   'C:\\Users\\Usuario01\\TC-ERP\\web\\node_modules\\@tailwindcss\\node'
2772 silly reify ]
2773 silly reify mark retired [
2773 silly reify   'C:\\Users\\Usuario01\\TC-ERP\\web\\node_modules\\@tailwindcss\\oxide'
2773 silly reify ]
2774 silly reify mark retired [
2774 silly reify   'C:\\Users\\Usuario01\\TC-ERP\\web\\node_modules\\@tailwindcss\\oxide-win32-x64-msvc'
2774 silly reify ]
2775 silly reify mark retired [
2775 silly reify   'C:\\Users\\Usuario01\\TC-ERP\\web\\node_modules\\@tailwindcss\\postcss'
2775 silly reify ]
2776 silly reify mark retired [
2776 silly reify   'C:\\Users\\Usuario01\\TC-ERP\\web\\node_modules\\@tybys\\wasm-util'
2776 silly reify ]
2777 silly reify mark retired [ 'C:\\Users\\Usuario01\\TC-ERP\\web\\node_modules\\@types\\estree' ]
2778 silly reify mark retired [
2778 silly reify   'C:\\Users\\Usuario01\\TC-ERP\\web\\node_modules\\@types\\json-schema'
2778 silly reify ]
2779 silly reify mark retired [ 'C:\\Users\\Usuario01\\TC-ERP\\web\\node_modules\\@types\\node' ]
2780 silly reify mark retired [ 'C:\\Users\\Usuario01\\TC-ERP\\web\\node_modules\\@types\\react' ]
2781 silly reify mark retired [
2781 silly reify   'C:\\Users\\Usuario01\\TC-ERP\\web\\node_modules\\@types\\react-dom'
2781 silly reify ]
2782 silly reify mark retired [
2782 silly reify   'C:\\Users\\Usuario01\\TC-ERP\\web\\node_modules\\@typescript-eslint\\eslint-plugin'
2782 silly reify ]
2783 silly reify mark retired [
2783 silly reify   'C:\\Users\\Usuario01\\TC-ERP\\web\\node_modules\\@typescript-eslint\\parser'
2783 silly reify ]
2784 silly reify mark retired [
2784 silly reify   'C:\\Users\\Usuario01\\TC-ERP\\web\\node_modules\\@typescript-eslint\\scope-manager'
2784 silly reify ]
2785 silly reify mark retired [
2785 silly reify   'C:\\Users\\Usuario01\\TC-ERP\\web\\node_modules\\@typescript-eslint\\type-utils'
2785 silly reify ]
2786 silly reify mark retired [
2786 silly reify   'C:\\Users\\Usuario01\\TC-ERP\\web\\node_modules\\@typescript-eslint\\typescript-estree'
2786 silly reify ]
2787 silly reify mark retired [
2787 silly reify   'C:\\Users\\Usuario01\\TC-ERP\\web\\node_modules\\@typescript-eslint\\utils'
2787 silly reify ]
2788 silly reify mark retired [ 'C:\\Users\\Usuario01\\TC-ERP\\web\\node_modules\\brace-expansion' ]
2789 silly reify mark retired [
2789 silly reify   'C:\\Users\\Usuario01\\TC-ERP\\web\\node_modules\\loose-envify',
2789 silly reify   'C:\\Users\\Usuario01\\TC-ERP\\web\\node_modules\\.bin\\loose-envify',
2789 silly reify   'C:\\Users\\Usuario01\\TC-ERP\\web\\node_modules\\.bin\\loose-envify.cmd',
2789 silly reify   'C:\\Users\\Usuario01\\TC-ERP\\web\\node_modules\\.bin\\loose-envify.ps1'
2789 silly reify ]
2790 silly reify mark retired [ 'C:\\Users\\Usuario01\\TC-ERP\\web\\node_modules\\p-limit' ]
2791 silly reify mark retired [ 'C:\\Users\\Usuario01\\TC-ERP\\web\\node_modules\\word-wrap' ]
2792 silly reify mark retired [ 'C:\\Users\\Usuario01\\TC-ERP\\web\\node_modules\\yocto-queue' ]
2793 silly reify moves {
2793 silly reify   'C:\\Users\\Usuario01\\TC-ERP\\web\\node_modules\\acorn': 'C:\\Users\\Usuario01\\TC-ERP\\web\\node_modules\\.acorn-vLlkG1S1',
2793 silly reify   'C:\\Users\\Usuario01\\TC-ERP\\web\\node_modules\\acorn-jsx': 'C:\\Users\\Usuario01\\TC-ERP\\web\\node_modules\\.acorn-jsx-OUOckAMH',
2793 silly reify   'C:\\Users\\Usuario01\\TC-ERP\\web\\node_modules\\ajv': 'C:\\Users\\Usuario01\\TC-ERP\\web\\node_modules\\.ajv-ZdtVjMNI',
2793 silly reify   'C:\\Users\\Usuario01\\TC-ERP\\web\\node_modules\\ansi-styles': 'C:\\Users\\Usuario01\\TC-ERP\\web\\node_modules\\.ansi-styles-yAiABnGr',
2793 silly reify   'C:\\Users\\Usuario01\\TC-ERP\\web\\node_modules\\argparse': 'C:\\Users\\Usuario01\\TC-ERP\\web\\node_modules\\.argparse-mbm0q6sz',
2793 silly reify   'C:\\Users\\Usuario01\\TC-ERP\\web\\node_modules\\aria-query': 'C:\\Users\\Usuario01\\TC-ERP\\web\\node_modules\\.aria-query-pClA86wL',
2793 silly reify   'C:\\Users\\Usuario01\\TC-ERP\\web\\node_modules\\array-buffer-byte-length': 'C:\\Users\\Usuario01\\TC-ERP\\web\\node_modules\\.array-buffer-byte-length-Gs0azf9v',
2793 silly reify   'C:\\Users\\Usuario01\\TC-ERP\\web\\node_modules\\array-includes': 'C:\\Users\\Usuario01\\TC-ERP\\web\\node_modules\\.array-includes-OWROENun',
2793 silly reify   'C:\\Users\\Usuario01\\TC-ERP\\web\\node_modules\\array.prototype.findlast': 'C:\\Users\\Usuario01\\TC-ERP\\web\\node_modules\\.array.prototype.findlast-j6nuui7P',
2793 silly reify   'C:\\Users\\Usuario01\\TC-ERP\\web\\node_modules\\array.prototype.findlastindex': 'C:\\Users\\Usuario01\\TC-ERP\\web\\node_modules\\.array.prototype.findlastindex-e0ftUyv1',
2793 silly reify   'C:\\Users\\Usuario01\\TC-ERP\\web\\node_modules\\array.prototype.flat': 'C:\\Users\\Usuario01\\TC-ERP\\web\\node_modules\\.array.prototype.flat-gpLl4Smz',
2793 silly reify   'C:\\Users\\Usuario01\\TC-ERP\\web\\node_modules\\array.prototype.flatmap': 'C:\\Users\\Usuario01\\TC-ERP\\web\\node_modules\\.array.prototype.flatmap-kz2V54IS',
2793 silly reify   'C:\\Users\\Usuario01\\TC-ERP\\web\\node_modules\\array.prototype.tosorted': 'C:\\Users\\Usuario01\\TC-ERP\\web\\node_modules\\.array.prototype.tosorted-CDI4nCRd',
2793 silly reify   'C:\\Users\\Usuario01\\TC-ERP\\web\\node_modules\\arraybuffer.prototype.slice': 'C:\\Users\\Usuario01\\TC-ERP\\web\\node_modules\\.arraybuffer.prototype.slice-W0RNmCxG',
2793 silly reify   'C:\\Users\\Usuario01\\TC-ERP\\web\\node_modules\\ast-types-flow': 'C:\\Users\\Usuario01\\TC-ERP\\web\\node_modules\\.ast-types-flow-m0pHyTDx',
2793 silly reify   'C:\\Users\\Usuario01\\TC-ERP\\web\\node_modules\\async-function': 'C:\\Users\\Usuario01\\TC-ERP\\web\\node_modules\\.async-function-rL7gAURL',
2793 silly reify   'C:\\Users\\Usuario01\\TC-ERP\\web\\node_modules\\available-typed-arrays': 'C:\\Users\\Usuario01\\TC-ERP\\web\\node_modules\\.available-typed-arrays-xiCkmgvO',
2793 silly reify   'C:\\Users\\Usuario01\\TC-ERP\\web\\node_modules\\axe-core': 'C:\\Users\\Usuario01\\TC-ERP\\web\\node_modules\\.axe-core-w0iCw4Uf',
2793 silly reify   'C:\\Users\\Usuario01\\TC-ERP\\web\\node_modules\\axobject-query': 'C:\\Users\\Usuario01\\TC-ERP\\web\\node_modules\\.axobject-query-P5B2qYRo',
2793 silly reify   'C:\\Users\\Usuario01\\TC-ERP\\web\\node_modules\\baseline-browser-mapping': 'C:\\Users\\Usuario01\\TC-ERP\\web\\node_modules\\.baseline-browser-mapping-xMibTXJR',
2793 silly reify   'C:\\Users\\Usuario01\\TC-ERP\\web\\node_modules\\braces': 'C:\\Users\\Usuario01\\TC-ERP\\web\\node_modules\\.braces-snWZ8oWl',
2793 silly reify   'C:\\Users\\Usuario01\\TC-ERP\\web\\node_modules\\browserslist': 'C:\\Users\\Usuario01\\TC-ERP\\web\\node_modules\\.browserslist-eiNz8Aa4',
2793 silly reify   'C:\\Users\\Usuario01\\TC-ERP\\web\\node_modules\\call-bind': 'C:\\Users\\Usuario01\\TC-ERP\\web\\node_modules\\.call-bind-vSgLBZcJ',
2793 silly reify   'C:\\Users\\Usuario01\\TC-ERP\\web\\node_modules\\call-bind-apply-helpers': 'C:\\Users\\Usuario01\\TC-ERP\\web\\node_modules\\.call-bind-apply-helpers-hPbMVC36',
2793 silly reify   'C:\\Users\\Usuario01\\TC-ERP\\web\\node_modules\\caniuse-lite': 'C:\\Users\\Usuario01\\TC-ERP\\web\\node_modules\\.caniuse-lite-eNRFr7ck',
2793 silly reify   'C:\\Users\\Usuario01\\TC-ERP\\web\\node_modules\\chalk': 'C:\\Users\\Usuario01\\TC-ERP\\web\\node_modules\\.chalk-uYrHRurY',
2793 silly reify   'C:\\Users\\Usuario01\\TC-ERP\\web\\node_modules\\color-convert': 'C:\\Users\\Usuario01\\TC-ERP\\web\\node_modules\\.color-convert-rnMrTxCG',
2793 silly reify   'C:\\Users\\Usuario01\\TC-ERP\\web\\node_modules\\color-name': 'C:\\Users\\Usuario01\\TC-ERP\\web\\node_modules\\.color-name-rjAqFKaa',
2793 silly reify   'C:\\Users\\Usuario01\\TC-ERP\\web\\node_modules\\convert-source-map': 'C:\\Users\\Usuario01\\TC-ERP\\web\\node_modules\\.convert-source-map-xINbfhX7',
2793 silly reify   'C:\\Users\\Usuario01\\TC-ERP\\web\\node_modules\\cross-spawn': 'C:\\Users\\Usuario01\\TC-ERP\\web\\node_modules\\.cross-spawn-QIb1Rjvi',
2793 silly reify   'C:\\Users\\Usuario01\\TC-ERP\\web\\node_modules\\csstype': 'C:\\Users\\Usuario01\\TC-ERP\\web\\node_modules\\.csstype-sfCHHapr',
2793 silly reify   'C:\\Users\\Usuario01\\TC-ERP\\web\\node_modules\\damerau-levenshtein': 'C:\\Users\\Usuario01\\TC-ERP\\web\\node_modules\\.damerau-levenshtein-XdqymTek',
2793 silly reify   'C:\\Users\\Usuario01\\TC-ERP\\web\\node_modules\\data-view-buffer': 'C:\\Users\\Usuario01\\TC-ERP\\web\\node_modules\\.data-view-buffer-qMMXWyND',
2793 silly reify   'C:\\Users\\Usuario01\\TC-ERP\\web\\node_modules\\data-view-byte-length': 'C:\\Users\\Usuario01\\TC-ERP\\web\\node_modules\\.data-view-byte-length-WwzvuU83',
2793 silly reify   'C:\\Users\\Usuario01\\TC-ERP\\web\\node_modules\\data-view-byte-offset': 'C:\\Users\\Usuario01\\TC-ERP\\web\\node_modules\\.data-view-byte-offset-q82PjSxl',
2793 silly reify   'C:\\Users\\Usuario01\\TC-ERP\\web\\node_modules\\debug': 'C:\\Users\\Usuario01\\TC-ERP\\web\\node_modules\\.debug-Zr3moFrW',
2793 silly reify   'C:\\Users\\Usuario01\\TC-ERP\\web\\node_modules\\deep-is': 'C:\\Users\\Usuario01\\TC-ERP\\web\\node_modules\\.deep-is-XIZMQOQI',
2793 silly reify   'C:\\Users\\Usuario01\\TC-ERP\\web\\node_modules\\define-data-property': 'C:\\Users\\Usuario01\\TC-ERP\\web\\node_modules\\.define-data-property-BrZ12zri',
2793 silly reify   'C:\\Users\\Usuario01\\TC-ERP\\web\\node_modules\\define-properties': 'C:\\Users\\Usuario01\\TC-ERP\\web\\node_modules\\.define-properties-FwHtr1q9',
2793 silly reify   'C:\\Users\\Usuario01\\TC-ERP\\web\\node_modules\\detect-libc': 'C:\\Users\\Usuario01\\TC-ERP\\web\\node_modules\\.detect-libc-Mb9bfaM9',
2793 silly reify   'C:\\Users\\Usuario01\\TC-ERP\\web\\node_modules\\dunder-proto': 'C:\\Users\\Usuario01\\TC-ERP\\web\\node_modules\\.dunder-proto-oRVsg91j',
2793 silly reify   'C:\\Users\\Usuario01\\TC-ERP\\web\\node_modules\\doctrine': 'C:\\Users\\Usuario01\\TC-ERP\\web\\node_modules\\.doctrine-C9mSON9v',
2793 silly reify   'C:\\Users\\Usuario01\\TC-ERP\\web\\node_modules\\electron-to-chromium': 'C:\\Users\\Usuario01\\TC-ERP\\web\\node_modules\\.electron-to-chromium-QoZGky1s',
2793 silly reify   'C:\\Users\\Usuario01\\TC-ERP\\web\\node_modules\\emoji-regex': 'C:\\Users\\Usuario01\\TC-ERP\\web\\node_modules\\.emoji-regex-fiaJy0im',
2793 silly reify   'C:\\Users\\Usuario01\\TC-ERP\\web\\node_modules\\enhanced-resolve': 'C:\\Users\\Usuario01\\TC-ERP\\web\\node_modules\\.enhanced-resolve-2acVPgVm',
2793 silly reify   'C:\\Users\\Usuario01\\TC-ERP\\web\\node_modules\\es-abstract': 'C:\\Users\\Usuario01\\TC-ERP\\web\\node_modules\\.es-abstract-5sDYhF3M',
2793 silly reify   'C:\\Users\\Usuario01\\TC-ERP\\web\\node_modules\\es-define-property': 'C:\\Users\\Usuario01\\TC-ERP\\web\\node_modules\\.es-define-property-SKIU1sUm',
2793 silly reify   'C:\\Users\\Usuario01\\TC-ERP\\web\\node_modules\\es-errors': 'C:\\Users\\Usuario01\\TC-ERP\\web\\node_modules\\.es-errors-0z9BxYsP',
2793 silly reify   'C:\\Users\\Usuario01\\TC-ERP\\web\\node_modules\\es-iterator-helpers': 'C:\\Users\\Usuario01\\TC-ERP\\web\\node_modules\\.es-iterator-helpers-ebBcQRRG',
2793 silly reify   'C:\\Users\\Usuario01\\TC-ERP\\web\\node_modules\\es-object-atoms': 'C:\\Users\\Usuario01\\TC-ERP\\web\\node_modules\\.es-object-atoms-kIUD8tUZ',
2793 silly reify   'C:\\Users\\Usuario01\\TC-ERP\\web\\node_modules\\es-set-tostringtag': 'C:\\Users\\Usuario01\\TC-ERP\\web\\node_modules\\.es-set-tostringtag-W8NzE97i',
2793 silly reify   'C:\\Users\\Usuario01\\TC-ERP\\web\\node_modules\\es-shim-unscopables': 'C:\\Users\\Usuario01\\TC-ERP\\web\\node_modules\\.es-shim-unscopables-sQeytWzD',
2793 silly reify   'C:\\Users\\Usuario01\\TC-ERP\\web\\node_modules\\es-to-primitive': 'C:\\Users\\Usuario01\\TC-ERP\\web\\node_modules\\.es-to-primitive-jl3TtF9W',
2793 silly reify   'C:\\Users\\Usuario01\\TC-ERP\\web\\node_modules\\escape-string-regexp': 'C:\\Users\\Usuario01\\TC-ERP\\web\\node_modules\\.escape-string-regexp-ngMAZ1zi',
2793 silly reify   'C:\\Users\\Usuario01\\TC-ERP\\web\\node_modules\\eslint': 'C:\\Users\\Usuario01\\TC-ERP\\web\\node_modules\\.eslint-uQ2aZQs3',
2793 silly reify   'C:\\Users\\Usuario01\\TC-ERP\\web\\node_modules\\eslint-config-next': 'C:\\Users\\Usuario01\\TC-ERP\\web\\node_modules\\.eslint-config-next-nlPbjzvs',
2793 silly reify   'C:\\Users\\Usuario01\\TC-ERP\\web\\node_modules\\eslint-import-resolver-node': 'C:\\Users\\Usuario01\\TC-ERP\\web\\node_modules\\.eslint-import-resolver-node-Rjf6SitQ',
2793 silly reify   'C:\\Users\\Usuario01\\TC-ERP\\web\\node_modules\\eslint-import-resolver-typescript': 'C:\\Users\\Usuario01\\TC-ERP\\web\\node_modules\\.eslint-import-resolver-typescript-Xpkt8bQK',
2793 silly reify   'C:\\Users\\Usuario01\\TC-ERP\\web\\node_modules\\eslint-module-utils': 'C:\\Users\\Usuario01\\TC-ERP\\web\\node_modules\\.eslint-module-utils-PAR6Axp9',
2793 silly reify   'C:\\Users\\Usuario01\\TC-ERP\\web\\node_modules\\eslint-plugin-import': 'C:\\Users\\Usuario01\\TC-ERP\\web\\node_modules\\.eslint-plugin-import-PLaXCRB8',
2793 silly reify   'C:\\Users\\Usuario01\\TC-ERP\\web\\node_modules\\eslint-plugin-jsx-a11y': 'C:\\Users\\Usuario01\\TC-ERP\\web\\node_modules\\.eslint-plugin-jsx-a11y-G8B027AH',
2793 silly reify   'C:\\Users\\Usuario01\\TC-ERP\\web\\node_modules\\eslint-plugin-react': 'C:\\Users\\Usuario01\\TC-ERP\\web\\node_modules\\.eslint-plugin-react-Ni5ecyA4',
2793 silly reify   'C:\\Users\\Usuario01\\TC-ERP\\web\\node_modules\\eslint-plugin-react-hooks': 'C:\\Users\\Usuario01\\TC-ERP\\web\\node_modules\\.eslint-plugin-react-hooks-GGVqc8o6',
2793 silly reify   'C:\\Users\\Usuario01\\TC-ERP\\web\\node_modules\\eslint-scope': 'C:\\Users\\Usuario01\\TC-ERP\\web\\node_modules\\.eslint-scope-migCYs93',
2793 silly reify   'C:\\Users\\Usuario01\\TC-ERP\\web\\node_modules\\eslint-visitor-keys': 'C:\\Users\\Usuario01\\TC-ERP\\web\\node_modules\\.eslint-visitor-keys-IMYfVOE8',
2793 silly reify   'C:\\Users\\Usuario01\\TC-ERP\\web\\node_modules\\espree': 'C:\\Users\\Usuario01\\TC-ERP\\web\\node_modules\\.espree-HGPkBNvk',
2793 silly reify   'C:\\Users\\Usuario01\\TC-ERP\\web\\node_modules\\esquery': 'C:\\Users\\Usuario01\\TC-ERP\\web\\node_modules\\.esquery-yOn1PzFp',
2793 silly reify   'C:\\Users\\Usuario01\\TC-ERP\\web\\node_modules\\esrecurse': 'C:\\Users\\Usuario01\\TC-ERP\\web\\node_modules\\.esrecurse-goZcTBN9',
2793 silly reify   'C:\\Users\\Usuario01\\TC-ERP\\web\\node_modules\\estraverse': 'C:\\Users\\Usuario01\\TC-ERP\\web\\node_modules\\.estraverse-LCQm7Ahu',
2793 silly reify   'C:\\Users\\Usuario01\\TC-ERP\\web\\node_modules\\esutils': 'C:\\Users\\Usuario01\\TC-ERP\\web\\node_modules\\.esutils-SMNGMNaw',
2793 silly reify   'C:\\Users\\Usuario01\\TC-ERP\\web\\node_modules\\fast-deep-equal': 'C:\\Users\\Usuario01\\TC-ERP\\web\\node_modules\\.fast-deep-equal-AYdoqqor',
2793 silly reify   'C:\\Users\\Usuario01\\TC-ERP\\web\\node_modules\\fast-glob': 'C:\\Users\\Usuario01\\TC-ERP\\web\\node_modules\\.fast-glob-HqqEvyMz',
2793 silly reify   'C:\\Users\\Usuario01\\TC-ERP\\web\\node_modules\\fast-json-stable-stringify': 'C:\\Users\\Usuario01\\TC-ERP\\web\\node_modules\\.fast-json-stable-stringify-QxivDQTz',
2793 silly reify   'C:\\Users\\Usuario01\\TC-ERP\\web\\node_modules\\fastq': 'C:\\Users\\Usuario01\\TC-ERP\\web\\node_modules\\.fastq-gxPEGcvN',
2793 silly reify   'C:\\Users\\Usuario01\\TC-ERP\\web\\node_modules\\file-entry-cache': 'C:\\Users\\Usuario01\\TC-ERP\\web\\node_modules\\.file-entry-cache-fNkkmIhc',
2793 silly reify   'C:\\Users\\Usuario01\\TC-ERP\\web\\node_modules\\fill-range': 'C:\\Users\\Usuario01\\TC-ERP\\web\\node_modules\\.fill-range-jQ7r1Uge',
2793 silly reify   'C:\\Users\\Usuario01\\TC-ERP\\web\\node_modules\\find-up': 'C:\\Users\\Usuario01\\TC-ERP\\web\\node_modules\\.find-up-Iu2azpqJ',
2793 silly reify   'C:\\Users\\Usuario01\\TC-ERP\\web\\node_modules\\flat-cache': 'C:\\Users\\Usuario01\\TC-ERP\\web\\node_modules\\.flat-cache-LIGJMJxk',
2793 silly reify   'C:\\Users\\Usuario01\\TC-ERP\\web\\node_modules\\flatted': 'C:\\Users\\Usuario01\\TC-ERP\\web\\node_modules\\.flatted-Wy2PHMcy',
2793 silly reify   'C:\\Users\\Usuario01\\TC-ERP\\web\\node_modules\\for-each': 'C:\\Users\\Usuario01\\TC-ERP\\web\\node_modules\\.for-each-DrTBbBDF',
2793 silly reify   'C:\\Users\\Usuario01\\TC-ERP\\web\\node_modules\\function-bind': 'C:\\Users\\Usuario01\\TC-ERP\\web\\node_modules\\.function-bind-2xBwlNIg',
2793 silly reify   'C:\\Users\\Usuario01\\TC-ERP\\web\\node_modules\\function.prototype.name': 'C:\\Users\\Usuario01\\TC-ERP\\web\\node_modules\\.function.prototype.name-numatq0A',
2793 silly reify   'C:\\Users\\Usuario01\\TC-ERP\\web\\node_modules\\functions-have-names': 'C:\\Users\\Usuario01\\TC-ERP\\web\\node_modules\\.functions-have-names-aHdhQQvO',
2793 silly reify   'C:\\Users\\Usuario01\\TC-ERP\\web\\node_modules\\gensync': 'C:\\Users\\Usuario01\\TC-ERP\\web\\node_modules\\.gensync-j2TOluLd',
2793 silly reify   'C:\\Users\\Usuario01\\TC-ERP\\web\\node_modules\\get-proto': 'C:\\Users\\Usuario01\\TC-ERP\\web\\node_modules\\.get-proto-LVfzQsy9',
2793 silly reify   'C:\\Users\\Usuario01\\TC-ERP\\web\\node_modules\\get-symbol-description': 'C:\\Users\\Usuario01\\TC-ERP\\web\\node_modules\\.get-symbol-description-pxJNmbWt',
2793 silly reify   'C:\\Users\\Usuario01\\TC-ERP\\web\\node_modules\\get-tsconfig': 'C:\\Users\\Usuario01\\TC-ERP\\web\\node_modules\\.get-tsconfig-lZ6p8W9H',
2793 silly reify   'C:\\Users\\Usuario01\\TC-ERP\\web\\node_modules\\glob-parent': 'C:\\Users\\Usuario01\\TC-ERP\\web\\node_modules\\.glob-parent-8qJRCdbY',
2793 silly reify   'C:\\Users\\Usuario01\\TC-ERP\\web\\node_modules\\globals': 'C:\\Users\\Usuario01\\TC-ERP\\web\\node_modules\\.globals-745Rifvx',
2793 silly reify   'C:\\Users\\Usuario01\\TC-ERP\\web\\node_modules\\globalthis': 'C:\\Users\\Usuario01\\TC-ERP\\web\\node_modules\\.globalthis-BPd2uMnB',
2793 silly reify   'C:\\Users\\Usuario01\\TC-ERP\\web\\node_modules\\gopd': 'C:\\Users\\Usuario01\\TC-ERP\\web\\node_modules\\.gopd-ud54P5xC',
2793 silly reify   'C:\\Users\\Usuario01\\TC-ERP\\web\\node_modules\\graceful-fs': 'C:\\Users\\Usuario01\\TC-ERP\\web\\node_modules\\.graceful-fs-zsTm8kIv',
2793 silly reify   'C:\\Users\\Usuario01\\TC-ERP\\web\\node_modules\\has-property-descriptors': 'C:\\Users\\Usuario01\\TC-ERP\\web\\node_modules\\.has-property-descriptors-4nCv83ir',
2793 silly reify   'C:\\Users\\Usuario01\\TC-ERP\\web\\node_modules\\has-proto': 'C:\\Users\\Usuario01\\TC-ERP\\web\\node_modules\\.has-proto-WwjTJzvI',
2793 silly reify   'C:\\Users\\Usuario01\\TC-ERP\\web\\node_modules\\has-symbols': 'C:\\Users\\Usuario01\\TC-ERP\\web\\node_modules\\.has-symbols-jRbLvbbq',
2793 silly reify   'C:\\Users\\Usuario01\\TC-ERP\\web\\node_modules\\has-tostringtag': 'C:\\Users\\Usuario01\\TC-ERP\\web\\node_modules\\.has-tostringtag-lDyzmxlz',
2793 silly reify   'C:\\Users\\Usuario01\\TC-ERP\\web\\node_modules\\hasown': 'C:\\Users\\Usuario01\\TC-ERP\\web\\node_modules\\.hasown-jIpcBGks',
2793 silly reify   'C:\\Users\\Usuario01\\TC-ERP\\web\\node_modules\\hermes-estree': 'C:\\Users\\Usuario01\\TC-ERP\\web\\node_modules\\.hermes-estree-wP8S5Lc4',
2793 silly reify   'C:\\Users\\Usuario01\\TC-ERP\\web\\node_modules\\hermes-parser': 'C:\\Users\\Usuario01\\TC-ERP\\web\\node_modules\\.hermes-parser-ugYlRdPG',
2793 silly reify   'C:\\Users\\Usuario01\\TC-ERP\\web\\node_modules\\ignore': 'C:\\Users\\Usuario01\\TC-ERP\\web\\node_modules\\.ignore-bMd8W1CO',
2793 silly reify   'C:\\Users\\Usuario01\\TC-ERP\\web\\node_modules\\import-fresh': 'C:\\Users\\Usuario01\\TC-ERP\\web\\node_modules\\.import-fresh-QoWQCc4y',
2793 silly reify   'C:\\Users\\Usuario01\\TC-ERP\\web\\node_modules\\imurmurhash': 'C:\\Users\\Usuario01\\TC-ERP\\web\\node_modules\\.imurmurhash-T0UNIUzy',
2793 silly reify   'C:\\Users\\Usuario01\\TC-ERP\\web\\node_modules\\internal-slot': 'C:\\Users\\Usuario01\\TC-ERP\\web\\node_modules\\.internal-slot-n3mYPfS5',
2793 silly reify   'C:\\Users\\Usuario01\\TC-ERP\\web\\node_modules\\is-array-buffer': 'C:\\Users\\Usuario01\\TC-ERP\\web\\node_modules\\.is-array-buffer-IY3GAXzZ',
2793 silly reify   'C:\\Users\\Usuario01\\TC-ERP\\web\\node_modules\\is-async-function': 'C:\\Users\\Usuario01\\TC-ERP\\web\\node_modules\\.is-async-function-lNL3bWiq',
2793 silly reify   'C:\\Users\\Usuario01\\TC-ERP\\web\\node_modules\\is-bigint': 'C:\\Users\\Usuario01\\TC-ERP\\web\\node_modules\\.is-bigint-85fEpBie',
2793 silly reify   'C:\\Users\\Usuario01\\TC-ERP\\web\\node_modules\\is-boolean-object': 'C:\\Users\\Usuario01\\TC-ERP\\web\\node_modules\\.is-boolean-object-isbOrzOP',
2793 silly reify   'C:\\Users\\Usuario01\\TC-ERP\\web\\node_modules\\is-bun-module': 'C:\\Users\\Usuario01\\TC-ERP\\web\\node_modules\\.is-bun-module-QbB13ML9',
2793 silly reify   'C:\\Users\\Usuario01\\TC-ERP\\web\\node_modules\\is-callable': 'C:\\Users\\Usuario01\\TC-ERP\\web\\node_modules\\.is-callable-6lQ6VTCM',
2793 silly reify   'C:\\Users\\Usuario01\\TC-ERP\\web\\node_modules\\is-core-module': 'C:\\Users\\Usuario01\\TC-ERP\\web\\node_modules\\.is-core-module-Iw2QbduV',
2793 silly reify   'C:\\Users\\Usuario01\\TC-ERP\\web\\node_modules\\is-data-view': 'C:\\Users\\Usuario01\\TC-ERP\\web\\node_modules\\.is-data-view-4VECZ0KQ',
2793 silly reify   'C:\\Users\\Usuario01\\TC-ERP\\web\\node_modules\\is-date-object': 'C:\\Users\\Usuario01\\TC-ERP\\web\\node_modules\\.is-date-object-iRJGOkIo',
2793 silly reify   'C:\\Users\\Usuario01\\TC-ERP\\web\\node_modules\\is-generator-function': 'C:\\Users\\Usuario01\\TC-ERP\\web\\node_modules\\.is-generator-function-9pjQlOPr',
2793 silly reify   'C:\\Users\\Usuario01\\TC-ERP\\web\\node_modules\\is-glob': 'C:\\Users\\Usuario01\\TC-ERP\\web\\node_modules\\.is-glob-z9jyA0gw',
2793 silly reify   'C:\\Users\\Usuario01\\TC-ERP\\web\\node_modules\\is-negative-zero': 'C:\\Users\\Usuario01\\TC-ERP\\web\\node_modules\\.is-negative-zero-lSyrNKsb',
2793 silly reify   'C:\\Users\\Usuario01\\TC-ERP\\web\\node_modules\\is-number-object': 'C:\\Users\\Usuario01\\TC-ERP\\web\\node_modules\\.is-number-object-WGRp5RHo',
2793 silly reify   'C:\\Users\\Usuario01\\TC-ERP\\web\\node_modules\\is-regex': 'C:\\Users\\Usuario01\\TC-ERP\\web\\node_modules\\.is-regex-BgWhD3JA',
2793 silly reify   'C:\\Users\\Usuario01\\TC-ERP\\web\\node_modules\\is-shared-array-buffer': 'C:\\Users\\Usuario01\\TC-ERP\\web\\node_modules\\.is-shared-array-buffer-O42LV80v',
2793 silly reify   'C:\\Users\\Usuario01\\TC-ERP\\web\\node_modules\\is-string': 'C:\\Users\\Usuario01\\TC-ERP\\web\\node_modules\\.is-string-pkJraAaK',
2793 silly reify   'C:\\Users\\Usuario01\\TC-ERP\\web\\node_modules\\is-symbol': 'C:\\Users\\Usuario01\\TC-ERP\\web\\node_modules\\.is-symbol-1DC0NxIg',
2793 silly reify   'C:\\Users\\Usuario01\\TC-ERP\\web\\node_modules\\is-typed-array': 'C:\\Users\\Usuario01\\TC-ERP\\web\\node_modules\\.is-typed-array-akBnQSCc',
2793 silly reify   'C:\\Users\\Usuario01\\TC-ERP\\web\\node_modules\\is-weakref': 'C:\\Users\\Usuario01\\TC-ERP\\web\\node_modules\\.is-weakref-YzE6MXgX',
2793 silly reify   'C:\\Users\\Usuario01\\TC-ERP\\web\\node_modules\\iterator.prototype': 'C:\\Users\\Usuario01\\TC-ERP\\web\\node_modules\\.iterator.prototype-QhjvWN4r',
2793 silly reify   'C:\\Users\\Usuario01\\TC-ERP\\web\\node_modules\\jiti': 'C:\\Users\\Usuario01\\TC-ERP\\web\\node_modules\\.jiti-olqY5Ryw',
2793 silly reify   'C:\\Users\\Usuario01\\TC-ERP\\web\\node_modules\\js-yaml': 'C:\\Users\\Usuario01\\TC-ERP\\web\\node_modules\\.js-yaml-GqyYcWM2',
2793 silly reify   'C:\\Users\\Usuario01\\TC-ERP\\web\\node_modules\\jsesc': 'C:\\Users\\Usuario01\\TC-ERP\\web\\node_modules\\.jsesc-2m3Oi8XM',
2793 silly reify   'C:\\Users\\Usuario01\\TC-ERP\\web\\node_modules\\json-schema-traverse': 'C:\\Users\\Usuario01\\TC-ERP\\web\\node_modules\\.json-schema-traverse-rCEe7F5W',
2793 silly reify   'C:\\Users\\Usuario01\\TC-ERP\\web\\node_modules\\json-stable-stringify-without-jsonify': 'C:\\Users\\Usuario01\\TC-ERP\\web\\node_modules\\.json-stable-stringify-without-jsonify-pd88eQvE',
2793 silly reify   'C:\\Users\\Usuario01\\TC-ERP\\web\\node_modules\\json5': 'C:\\Users\\Usuario01\\TC-ERP\\web\\node_modules\\.json5-TJrHQV7Q',
2793 silly reify   'C:\\Users\\Usuario01\\TC-ERP\\web\\node_modules\\jsx-ast-utils': 'C:\\Users\\Usuario01\\TC-ERP\\web\\node_modules\\.jsx-ast-utils-WMiyZ0aS',
2793 silly reify   'C:\\Users\\Usuario01\\TC-ERP\\web\\node_modules\\keyv': 'C:\\Users\\Usuario01\\TC-ERP\\web\\node_modules\\.keyv-zxECCT0C',
2793 silly reify   'C:\\Users\\Usuario01\\TC-ERP\\web\\node_modules\\language-subtag-registry': 'C:\\Users\\Usuario01\\TC-ERP\\web\\node_modules\\.language-subtag-registry-1gC3RXs4',
2793 silly reify   'C:\\Users\\Usuario01\\TC-ERP\\web\\node_modules\\language-tags': 'C:\\Users\\Usuario01\\TC-ERP\\web\\node_modules\\.language-tags-rr0Ec9kX',
2793 silly reify   'C:\\Users\\Usuario01\\TC-ERP\\web\\node_modules\\levn': 'C:\\Users\\Usuario01\\TC-ERP\\web\\node_modules\\.levn-0JrYU7pM',
2793 silly reify   'C:\\Users\\Usuario01\\TC-ERP\\web\\node_modules\\lightningcss': 'C:\\Users\\Usuario01\\TC-ERP\\web\\node_modules\\.lightningcss-JYJeCvYb',
2793 silly reify   'C:\\Users\\Usuario01\\TC-ERP\\web\\node_modules\\lightningcss-win32-x64-msvc': 'C:\\Users\\Usuario01\\TC-ERP\\web\\node_modules\\.lightningcss-win32-x64-msvc-4CRghsL8',
2793 silly reify   'C:\\Users\\Usuario01\\TC-ERP\\web\\node_modules\\locate-path': 'C:\\Users\\Usuario01\\TC-ERP\\web\\node_modules\\.locate-path-uTvIcZC2',
2793 silly reify   'C:\\Users\\Usuario01\\TC-ERP\\web\\node_modules\\lodash.merge': 'C:\\Users\\Usuario01\\TC-ERP\\web\\node_modules\\.lodash.merge-oYZivZYT',
2793 silly reify   'C:\\Users\\Usuario01\\TC-ERP\\web\\node_modules\\magic-string': 'C:\\Users\\Usuario01\\TC-ERP\\web\\node_modules\\.magic-string-vkznZDgy',
2793 silly reify   'C:\\Users\\Usuario01\\TC-ERP\\web\\node_modules\\math-intrinsics': 'C:\\Users\\Usuario01\\TC-ERP\\web\\node_modules\\.math-intrinsics-UY7oWoSa',
2793 silly reify   'C:\\Users\\Usuario01\\TC-ERP\\web\\node_modules\\merge2': 'C:\\Users\\Usuario01\\TC-ERP\\web\\node_modules\\.merge2-uRh57VMb',
2793 silly reify   'C:\\Users\\Usuario01\\TC-ERP\\web\\node_modules\\micromatch': 'C:\\Users\\Usuario01\\TC-ERP\\web\\node_modules\\.micromatch-sDAIMkHo',
2793 silly reify   'C:\\Users\\Usuario01\\TC-ERP\\web\\node_modules\\minimatch': 'C:\\Users\\Usuario01\\TC-ERP\\web\\node_modules\\.minimatch-QB67VHKx',
2793 silly reify   'C:\\Users\\Usuario01\\TC-ERP\\web\\node_modules\\minimist': 'C:\\Users\\Usuario01\\TC-ERP\\web\\node_modules\\.minimist-1GZ6YtWH',
2793 silly reify   'C:\\Users\\Usuario01\\TC-ERP\\web\\node_modules\\ms': 'C:\\Users\\Usuario01\\TC-ERP\\web\\node_modules\\.ms-KFZU15p5',
2793 silly reify   'C:\\Users\\Usuario01\\TC-ERP\\web\\node_modules\\nanoid': 'C:\\Users\\Usuario01\\TC-ERP\\web\\node_modules\\.nanoid-LE9eQPWj',
2793 silly reify   'C:\\Users\\Usuario01\\TC-ERP\\web\\node_modules\\napi-postinstall': 'C:\\Users\\Usuario01\\TC-ERP\\web\\node_modules\\.napi-postinstall-CxIabRnb',
2793 silly reify   'C:\\Users\\Usuario01\\TC-ERP\\web\\node_modules\\natural-compare': 'C:\\Users\\Usuario01\\TC-ERP\\web\\node_modules\\.natural-compare-4BVmym4v',
2793 silly reify   'C:\\Users\\Usuario01\\TC-ERP\\web\\node_modules\\next': 'C:\\Users\\Usuario01\\TC-ERP\\web\\node_modules\\.next-PKyJ51IZ',
2793 silly reify   'C:\\Users\\Usuario01\\TC-ERP\\web\\node_modules\\node-exports-info': 'C:\\Users\\Usuario01\\TC-ERP\\web\\node_modules\\.node-exports-info-EMyhoXaS',
2793 silly reify   'C:\\Users\\Usuario01\\TC-ERP\\web\\node_modules\\node-releases': 'C:\\Users\\Usuario01\\TC-ERP\\web\\node_modules\\.node-releases-2pVWhx6j',
2793 silly reify   'C:\\Users\\Usuario01\\TC-ERP\\web\\node_modules\\object-inspect': 'C:\\Users\\Usuario01\\TC-ERP\\web\\node_modules\\.object-inspect-c2d2Oupr',
2793 silly reify   'C:\\Users\\Usuario01\\TC-ERP\\web\\node_modules\\object-keys': 'C:\\Users\\Usuario01\\TC-ERP\\web\\node_modules\\.object-keys-Aua0jCCb',
2793 silly reify   'C:\\Users\\Usuario01\\TC-ERP\\web\\node_modules\\object.assign': 'C:\\Users\\Usuario01\\TC-ERP\\web\\node_modules\\.object.assign-NHMsTCcG',
2793 silly reify   'C:\\Users\\Usuario01\\TC-ERP\\web\\node_modules\\object.entries': 'C:\\Users\\Usuario01\\TC-ERP\\web\\node_modules\\.object.entries-HOq6J4GW',
2793 silly reify   'C:\\Users\\Usuario01\\TC-ERP\\web\\node_modules\\object.fromentries': 'C:\\Users\\Usuario01\\TC-ERP\\web\\node_modules\\.object.fromentries-4Srgrryw',
2793 silly reify   'C:\\Users\\Usuario01\\TC-ERP\\web\\node_modules\\object.groupby': 'C:\\Users\\Usuario01\\TC-ERP\\web\\node_modules\\.object.groupby-Brue8Mp1',
2793 silly reify   'C:\\Users\\Usuario01\\TC-ERP\\web\\node_modules\\object.values': 'C:\\Users\\Usuario01\\TC-ERP\\web\\node_modules\\.object.values-bfPcbgoD',
2793 silly reify   'C:\\Users\\Usuario01\\TC-ERP\\web\\node_modules\\optionator': 'C:\\Users\\Usuario01\\TC-ERP\\web\\node_modules\\.optionator-ZlYzgQts',
2793 silly reify   'C:\\Users\\Usuario01\\TC-ERP\\web\\node_modules\\own-keys': 'C:\\Users\\Usuario01\\TC-ERP\\web\\node_modules\\.own-keys-DYHhSSkK',
2793 silly reify   'C:\\Users\\Usuario01\\TC-ERP\\web\\node_modules\\p-locate': 'C:\\Users\\Usuario01\\TC-ERP\\web\\node_modules\\.p-locate-WxxGWtk2',
2793 silly reify   'C:\\Users\\Usuario01\\TC-ERP\\web\\node_modules\\path-key': 'C:\\Users\\Usuario01\\TC-ERP\\web\\node_modules\\.path-key-8DQZqkTd',
2793 silly reify   'C:\\Users\\Usuario01\\TC-ERP\\web\\node_modules\\picocolors': 'C:\\Users\\Usuario01\\TC-ERP\\web\\node_modules\\.picocolors-KQmCQZUD',
2793 silly reify   'C:\\Users\\Usuario01\\TC-ERP\\web\\node_modules\\picomatch': 'C:\\Users\\Usuario01\\TC-ERP\\web\\node_modules\\.picomatch-EP2bPH4e',
2793 silly reify   'C:\\Users\\Usuario01\\TC-ERP\\web\\node_modules\\possible-typed-array-names': 'C:\\Users\\Usuario01\\TC-ERP\\web\\node_modules\\.possible-typed-array-names-Ttxs0arC',
2793 silly reify   'C:\\Users\\Usuario01\\TC-ERP\\web\\node_modules\\postcss': 'C:\\Users\\Usuario01\\TC-ERP\\web\\node_modules\\.postcss-Uae7pNWE',
2793 silly reify   'C:\\Users\\Usuario01\\TC-ERP\\web\\node_modules\\prelude-ls': 'C:\\Users\\Usuario01\\TC-ERP\\web\\node_modules\\.prelude-ls-MYqNRG9L',
2793 silly reify   'C:\\Users\\Usuario01\\TC-ERP\\web\\node_modules\\prop-types': 'C:\\Users\\Usuario01\\TC-ERP\\web\\node_modules\\.prop-types-ueuUCXra',
2793 silly reify   'C:\\Users\\Usuario01\\TC-ERP\\web\\node_modules\\react': 'C:\\Users\\Usuario01\\TC-ERP\\web\\node_modules\\.react-HuWrNh6H',
2793 silly reify   'C:\\Users\\Usuario01\\TC-ERP\\web\\node_modules\\react-dom': 'C:\\Users\\Usuario01\\TC-ERP\\web\\node_modules\\.react-dom-2Hg7Yd9L',
2793 silly reify   'C:\\Users\\Usuario01\\TC-ERP\\web\\node_modules\\reflect.getprototypeof': 'C:\\Users\\Usuario01\\TC-ERP\\web\\node_modules\\.reflect.getprototypeof-AxQQluSs',
2793 silly reify   'C:\\Users\\Usuario01\\TC-ERP\\web\\node_modules\\regexp.prototype.flags': 'C:\\Users\\Usuario01\\TC-ERP\\web\\node_modules\\.regexp.prototype.flags-H9p3C64d',
2793 silly reify   'C:\\Users\\Usuario01\\TC-ERP\\web\\node_modules\\resolve': 'C:\\Users\\Usuario01\\TC-ERP\\web\\node_modules\\.resolve-N6D98V3U',
2793 silly reify   'C:\\Users\\Usuario01\\TC-ERP\\web\\node_modules\\resolve-pkg-maps': 'C:\\Users\\Usuario01\\TC-ERP\\web\\node_modules\\.resolve-pkg-maps-Akj1cMEp',
2793 silly reify   'C:\\Users\\Usuario01\\TC-ERP\\web\\node_modules\\reusify': 'C:\\Users\\Usuario01\\TC-ERP\\web\\node_modules\\.reusify-7n3pWMf2',
2793 silly reify   'C:\\Users\\Usuario01\\TC-ERP\\web\\node_modules\\run-parallel': 'C:\\Users\\Usuario01\\TC-ERP\\web\\node_modules\\.run-parallel-TmcYK1Xk',
2793 silly reify   'C:\\Users\\Usuario01\\TC-ERP\\web\\node_modules\\safe-array-concat': 'C:\\Users\\Usuario01\\TC-ERP\\web\\node_modules\\.safe-array-concat-syXmyvhq',
2793 silly reify   'C:\\Users\\Usuario01\\TC-ERP\\web\\node_modules\\safe-push-apply': 'C:\\Users\\Usuario01\\TC-ERP\\web\\node_modules\\.safe-push-apply-dKKuikl0',
2793 silly reify   'C:\\Users\\Usuario01\\TC-ERP\\web\\node_modules\\safe-regex-test': 'C:\\Users\\Usuario01\\TC-ERP\\web\\node_modules\\.safe-regex-test-5pswDg02',
2793 silly reify   'C:\\Users\\Usuario01\\TC-ERP\\web\\node_modules\\scheduler': 'C:\\Users\\Usuario01\\TC-ERP\\web\\node_modules\\.scheduler-EvrXsFcH',
2793 silly reify   'C:\\Users\\Usuario01\\TC-ERP\\web\\node_modules\\semver': 'C:\\Users\\Usuario01\\TC-ERP\\web\\node_modules\\.semver-mfTZJJRW',
2793 silly reify   'C:\\Users\\Usuario01\\TC-ERP\\web\\node_modules\\set-function-length': 'C:\\Users\\Usuario01\\TC-ERP\\web\\node_modules\\.set-function-length-Ez0m7p7H',
2793 silly reify   'C:\\Users\\Usuario01\\TC-ERP\\web\\node_modules\\set-function-name': 'C:\\Users\\Usuario01\\TC-ERP\\web\\node_modules\\.set-function-name-yxuciGo5',
2793 silly reify   'C:\\Users\\Usuario01\\TC-ERP\\web\\node_modules\\set-proto': 'C:\\Users\\Usuario01\\TC-ERP\\web\\node_modules\\.set-proto-2uNZ0Eb6',
2793 silly reify   'C:\\Users\\Usuario01\\TC-ERP\\web\\node_modules\\sharp': 'C:\\Users\\Usuario01\\TC-ERP\\web\\node_modules\\.sharp-FBDJYmdM',
2793 silly reify   'C:\\Users\\Usuario01\\TC-ERP\\web\\node_modules\\shebang-command': 'C:\\Users\\Usuario01\\TC-ERP\\web\\node_modules\\.shebang-command-5o4I5Eg9',
2793 silly reify   'C:\\Users\\Usuario01\\TC-ERP\\web\\node_modules\\side-channel': 'C:\\Users\\Usuario01\\TC-ERP\\web\\node_modules\\.side-channel-3ZoSlpe6',
2793 silly reify   'C:\\Users\\Usuario01\\TC-ERP\\web\\node_modules\\side-channel-list': 'C:\\Users\\Usuario01\\TC-ERP\\web\\node_modules\\.side-channel-list-TOjVVOwB',
2793 silly reify   'C:\\Users\\Usuario01\\TC-ERP\\web\\node_modules\\side-channel-map': 'C:\\Users\\Usuario01\\TC-ERP\\web\\node_modules\\.side-channel-map-3XUkSMgC',
2793 silly reify   'C:\\Users\\Usuario01\\TC-ERP\\web\\node_modules\\side-channel-weakmap': 'C:\\Users\\Usuario01\\TC-ERP\\web\\node_modules\\.side-channel-weakmap-WA7JbXTr',
2793 silly reify   'C:\\Users\\Usuario01\\TC-ERP\\web\\node_modules\\source-map-js': 'C:\\Users\\Usuario01\\TC-ERP\\web\\node_modules\\.source-map-js-XMyQPGyU',
2793 silly reify   'C:\\Users\\Usuario01\\TC-ERP\\web\\node_modules\\stable-hash': 'C:\\Users\\Usuario01\\TC-ERP\\web\\node_modules\\.stable-hash-FM79oO6I',
2793 silly reify   'C:\\Users\\Usuario01\\TC-ERP\\web\\node_modules\\stop-iteration-iterator': 'C:\\Users\\Usuario01\\TC-ERP\\web\\node_modules\\.stop-iteration-iterator-QwrtOrkd',
2793 silly reify   'C:\\Users\\Usuario01\\TC-ERP\\web\\node_modules\\string.prototype.includes': 'C:\\Users\\Usuario01\\TC-ERP\\web\\node_modules\\.string.prototype.includes-fIUSi3mD',
2793 silly reify   'C:\\Users\\Usuario01\\TC-ERP\\web\\node_modules\\string.prototype.matchall': 'C:\\Users\\Usuario01\\TC-ERP\\web\\node_modules\\.string.prototype.matchall-SdAme0mR',
2793 silly reify   'C:\\Users\\Usuario01\\TC-ERP\\web\\node_modules\\string.prototype.repeat': 'C:\\Users\\Usuario01\\TC-ERP\\web\\node_modules\\.string.prototype.repeat-t1540pRj',
2793 silly reify   'C:\\Users\\Usuario01\\TC-ERP\\web\\node_modules\\string.prototype.trim': 'C:\\Users\\Usuario01\\TC-ERP\\web\\node_modules\\.string.prototype.trim-3n2R9vxZ',
2793 silly reify   'C:\\Users\\Usuario01\\TC-ERP\\web\\node_modules\\string.prototype.trimend': 'C:\\Users\\Usuario01\\TC-ERP\\web\\node_modules\\.string.prototype.trimend-5tXrV16o',
2793 silly reify   'C:\\Users\\Usuario01\\TC-ERP\\web\\node_modules\\string.prototype.trimstart': 'C:\\Users\\Usuario01\\TC-ERP\\web\\node_modules\\.string.prototype.trimstart-bG9Hjn1C',
2793 silly reify   'C:\\Users\\Usuario01\\TC-ERP\\web\\node_modules\\strip-json-comments': 'C:\\Users\\Usuario01\\TC-ERP\\web\\node_modules\\.strip-json-comments-dGrijnyo',
2793 silly reify   'C:\\Users\\Usuario01\\TC-ERP\\web\\node_modules\\styled-jsx': 'C:\\Users\\Usuario01\\TC-ERP\\web\\node_modules\\.styled-jsx-hy0P3Aax',
2793 silly reify   'C:\\Users\\Usuario01\\TC-ERP\\web\\node_modules\\supports-color': 'C:\\Users\\Usuario01\\TC-ERP\\web\\node_modules\\.supports-color-y5ST0U66',
2793 silly reify   'C:\\Users\\Usuario01\\TC-ERP\\web\\node_modules\\supports-preserve-symlinks-flag': 'C:\\Users\\Usuario01\\TC-ERP\\web\\node_modules\\.supports-preserve-symlinks-flag-enE1xZhz',
2793 silly reify   'C:\\Users\\Usuario01\\TC-ERP\\web\\node_modules\\tailwindcss': 'C:\\Users\\Usuario01\\TC-ERP\\web\\node_modules\\.tailwindcss-CwZ3rWYR',
2793 silly reify   'C:\\Users\\Usuario01\\TC-ERP\\web\\node_modules\\tapable': 'C:\\Users\\Usuario01\\TC-ERP\\web\\node_modules\\.tapable-wlpF6i8I',
2793 silly reify   'C:\\Users\\Usuario01\\TC-ERP\\web\\node_modules\\tinyglobby': 'C:\\Users\\Usuario01\\TC-ERP\\web\\node_modules\\.tinyglobby-PDWQdmoa',
2793 silly reify   'C:\\Users\\Usuario01\\TC-ERP\\web\\node_modules\\ts-api-utils': 'C:\\Users\\Usuario01\\TC-ERP\\web\\node_modules\\.ts-api-utils-om3ihUgN',
2793 silly reify   'C:\\Users\\Usuario01\\TC-ERP\\web\\node_modules\\tsconfig-paths': 'C:\\Users\\Usuario01\\TC-ERP\\web\\node_modules\\.tsconfig-paths-pUVcucU7',
2793 silly reify   'C:\\Users\\Usuario01\\TC-ERP\\web\\node_modules\\tslib': 'C:\\Users\\Usuario01\\TC-ERP\\web\\node_modules\\.tslib-m6LgsEuR',
2793 silly reify   'C:\\Users\\Usuario01\\TC-ERP\\web\\node_modules\\type-check': 'C:\\Users\\Usuario01\\TC-ERP\\web\\node_modules\\.type-check-SvFTIsAK',
2793 silly reify   'C:\\Users\\Usuario01\\TC-ERP\\web\\node_modules\\typed-array-buffer': 'C:\\Users\\Usuario01\\TC-ERP\\web\\node_modules\\.typed-array-buffer-Y46ghQF0',
2793 silly reify   'C:\\Users\\Usuario01\\TC-ERP\\web\\node_modules\\typed-array-byte-length': 'C:\\Users\\Usuario01\\TC-ERP\\web\\node_modules\\.typed-array-byte-length-opTcUypX',
2793 silly reify   'C:\\Users\\Usuario01\\TC-ERP\\web\\node_modules\\typed-array-byte-offset': 'C:\\Users\\Usuario01\\TC-ERP\\web\\node_modules\\.typed-array-byte-offset-UQGbmCii',
2793 silly reify   'C:\\Users\\Usuario01\\TC-ERP\\web\\node_modules\\typed-array-length': 'C:\\Users\\Usuario01\\TC-ERP\\web\\node_modules\\.typed-array-length-hM4lYNx8',
2793 silly reify   'C:\\Users\\Usuario01\\TC-ERP\\web\\node_modules\\typescript': 'C:\\Users\\Usuario01\\TC-ERP\\web\\node_modules\\.typescript-yl08MxLc',
2793 silly reify   'C:\\Users\\Usuario01\\TC-ERP\\web\\node_modules\\typescript-eslint': 'C:\\Users\\Usuario01\\TC-ERP\\web\\node_modules\\.typescript-eslint-E9maYkwh',
2793 silly reify   'C:\\Users\\Usuario01\\TC-ERP\\web\\node_modules\\unbox-primitive': 'C:\\Users\\Usuario01\\TC-ERP\\web\\node_modules\\.unbox-primitive-kVBgQdhv',
2793 silly reify   'C:\\Users\\Usuario01\\TC-ERP\\web\\node_modules\\undici-types': 'C:\\Users\\Usuario01\\TC-ERP\\web\\node_modules\\.undici-types-ypt5Fsw0',
2793 silly reify   'C:\\Users\\Usuario01\\TC-ERP\\web\\node_modules\\unrs-resolver': 'C:\\Users\\Usuario01\\TC-ERP\\web\\node_modules\\.unrs-resolver-xLg4V0xi',
2793 silly reify   'C:\\Users\\Usuario01\\TC-ERP\\web\\node_modules\\update-browserslist-db': 'C:\\Users\\Usuario01\\TC-ERP\\web\\node_modules\\.update-browserslist-db-8gAsjdHR',
2793 silly reify   'C:\\Users\\Usuario01\\TC-ERP\\web\\node_modules\\uri-js': 'C:\\Users\\Usuario01\\TC-ERP\\web\\node_modules\\.uri-js-yRJdtCDy',
2793 silly reify   'C:\\Users\\Usuario01\\TC-ERP\\web\\node_modules\\which': 'C:\\Users\\Usuario01\\TC-ERP\\web\\node_modules\\.which-UBKRf2x1',
2793 silly reify   'C:\\Users\\Usuario01\\TC-ERP\\web\\node_modules\\which-boxed-primitive': 'C:\\Users\\Usuario01\\TC-ERP\\web\\node_modules\\.which-boxed-primitive-xfVRKei6',
2793 silly reify   'C:\\Users\\Usuario01\\TC-ERP\\web\\node_modules\\which-builtin-type': 'C:\\Users\\Usuario01\\TC-ERP\\web\\node_modules\\.which-builtin-type-zqjgRXh3',
2793 silly reify   'C:\\Users\\Usuario01\\TC-ERP\\web\\node_modules\\which-typed-array': 'C:\\Users\\Usuario01\\TC-ERP\\web\\node_modules\\.which-typed-array-IQrV16YX',
2793 silly reify   'C:\\Users\\Usuario01\\TC-ERP\\web\\node_modules\\zod': 'C:\\Users\\Usuario01\\TC-ERP\\web\\node_modules\\.zod-5GD7D5Qy',
2793 silly reify   'C:\\Users\\Usuario01\\TC-ERP\\web\\node_modules\\zod-validation-error': 'C:\\Users\\Usuario01\\TC-ERP\\web\\node_modules\\.zod-validation-error-maZcn121',
2793 silly reify   'C:\\Users\\Usuario01\\TC-ERP\\web\\node_modules\\@alloc\\quick-lru': 'C:\\Users\\Usuario01\\TC-ERP\\web\\node_modules\\@alloc\\.quick-lru-ROUdDPM0',
2793 silly reify   'C:\\Users\\Usuario01\\TC-ERP\\web\\node_modules\\@babel\\code-frame': 'C:\\Users\\Usuario01\\TC-ERP\\web\\node_modules\\@babel\\.code-frame-1VfwoQ8N',
2793 silly reify   'C:\\Users\\Usuario01\\TC-ERP\\web\\node_modules\\@babel\\compat-data': 'C:\\Users\\Usuario01\\TC-ERP\\web\\node_modules\\@babel\\.compat-data-YoHgMisw',
2793 silly reify   'C:\\Users\\Usuario01\\TC-ERP\\web\\node_modules\\@babel\\core': 'C:\\Users\\Usuario01\\TC-ERP\\web\\node_modules\\@babel\\.core-30feGvQM',
2793 silly reify   'C:\\Users\\Usuario01\\TC-ERP\\web\\node_modules\\@babel\\generator': 'C:\\Users\\Usuario01\\TC-ERP\\web\\node_modules\\@babel\\.generator-fMSzs1fp',
2793 silly reify   'C:\\Users\\Usuario01\\TC-ERP\\web\\node_modules\\@babel\\helper-compilation-targets': 'C:\\Users\\Usuario01\\TC-ERP\\web\\node_modules\\@babel\\.helper-compilation-targets-x8sgpjFZ',
2793 silly reify   'C:\\Users\\Usuario01\\TC-ERP\\web\\node_modules\\@babel\\helper-globals': 'C:\\Users\\Usuario01\\TC-ERP\\web\\node_modules\\@babel\\.helper-globals-ufNHWpi9',
2793 silly reify   'C:\\Users\\Usuario01\\TC-ERP\\web\\node_modules\\@babel\\helper-module-imports': 'C:\\Users\\Usuario01\\TC-ERP\\web\\node_modules\\@babel\\.helper-module-imports-h2YIPsGI',
2793 silly reify   'C:\\Users\\Usuario01\\TC-ERP\\web\\node_modules\\@babel\\helper-module-transforms': 'C:\\Users\\Usuario01\\TC-ERP\\web\\node_modules\\@babel\\.helper-module-transforms-gUydmAxc',
2793 silly reify   'C:\\Users\\Usuario01\\TC-ERP\\web\\node_modules\\@babel\\helper-string-parser': 'C:\\Users\\Usuario01\\TC-ERP\\web\\node_modules\\@babel\\.helper-string-parser-Zk2hJwfS',
2793 silly reify   'C:\\Users\\Usuario01\\TC-ERP\\web\\node_modules\\@babel\\helper-validator-identifier': 'C:\\Users\\Usuario01\\TC-ERP\\web\\node_modules\\@babel\\.helper-validator-identifier-FSa0v0Rf',
2793 silly reify   'C:\\Users\\Usuario01\\TC-ERP\\web\\node_modules\\@babel\\helper-validator-option': 'C:\\Users\\Usuario01\\TC-ERP\\web\\node_modules\\@babel\\.helper-validator-option-DQE35FBV',
2793 silly reify   'C:\\Users\\Usuario01\\TC-ERP\\web\\node_modules\\@babel\\helpers': 'C:\\Users\\Usuario01\\TC-ERP\\web\\node_modules\\@babel\\.helpers-51kZI7DP',
2793 silly reify   'C:\\Users\\Usuario01\\TC-ERP\\web\\node_modules\\@babel\\parser': 'C:\\Users\\Usuario01\\TC-ERP\\web\\node_modules\\@babel\\.parser-eAQGnVov',
2793 silly reify   'C:\\Users\\Usuario01\\TC-ERP\\web\\node_modules\\@babel\\template': 'C:\\Users\\Usuario01\\TC-ERP\\web\\node_modules\\@babel\\.template-D55H5VOA',
2793 silly reify   'C:\\Users\\Usuario01\\TC-ERP\\web\\node_modules\\@babel\\traverse': 'C:\\Users\\Usuario01\\TC-ERP\\web\\node_modules\\@babel\\.traverse-PmQODYPm',
2793 silly reify   'C:\\Users\\Usuario01\\TC-ERP\\web\\node_modules\\@babel\\types': 'C:\\Users\\Usuario01\\TC-ERP\\web\\node_modules\\@babel\\.types-TjdO3zox',
2793 silly reify   'C:\\Users\\Usuario01\\TC-ERP\\web\\node_modules\\@emnapi\\core': 'C:\\Users\\Usuario01\\TC-ERP\\web\\node_modules\\@emnapi\\.core-mBN8skRH',
2793 silly reify   'C:\\Users\\Usuario01\\TC-ERP\\web\\node_modules\\@emnapi\\runtime': 'C:\\Users\\Usuario01\\TC-ERP\\web\\node_modules\\@emnapi\\.runtime-t2bDJSJG',
2793 silly reify   'C:\\Users\\Usuario01\\TC-ERP\\web\\node_modules\\@emnapi\\wasi-threads': 'C:\\Users\\Usuario01\\TC-ERP\\web\\node_modules\\@emnapi\\.wasi-threads-eT8mIOiz',
2793 silly reify   'C:\\Users\\Usuario01\\TC-ERP\\web\\node_modules\\@eslint\\config-array': 'C:\\Users\\Usuario01\\TC-ERP\\web\\node_modules\\@eslint\\.config-array-d6JNqyol',
2793 silly reify   'C:\\Users\\Usuario01\\TC-ERP\\web\\node_modules\\@eslint\\config-helpers': 'C:\\Users\\Usuario01\\TC-ERP\\web\\node_modules\\@eslint\\.config-helpers-om6nhL2u',
2793 silly reify   'C:\\Users\\Usuario01\\TC-ERP\\web\\node_modules\\@eslint\\core': 'C:\\Users\\Usuario01\\TC-ERP\\web\\node_modules\\@eslint\\.core-8JEN778X',
2793 silly reify   'C:\\Users\\Usuario01\\TC-ERP\\web\\node_modules\\@eslint\\eslintrc': 'C:\\Users\\Usuario01\\TC-ERP\\web\\node_modules\\@eslint\\.eslintrc-4U2IqQb3',
2793 silly reify   'C:\\Users\\Usuario01\\TC-ERP\\web\\node_modules\\@eslint\\js': 'C:\\Users\\Usuario01\\TC-ERP\\web\\node_modules\\@eslint\\.js-AlrbIxhP',
2793 silly reify   'C:\\Users\\Usuario01\\TC-ERP\\web\\node_modules\\@eslint\\object-schema': 'C:\\Users\\Usuario01\\TC-ERP\\web\\node_modules\\@eslint\\.object-schema-a6TCm5bt',
2793 silly reify   'C:\\Users\\Usuario01\\TC-ERP\\web\\node_modules\\@eslint\\plugin-kit': 'C:\\Users\\Usuario01\\TC-ERP\\web\\node_modules\\@eslint\\.plugin-kit-SxAjF7BS',
2793 silly reify   'C:\\Users\\Usuario01\\TC-ERP\\web\\node_modules\\@eslint-community\\eslint-utils': 'C:\\Users\\Usuario01\\TC-ERP\\web\\node_modules\\@eslint-community\\.eslint-utils-pFUYY9gD',
2793 silly reify   'C:\\Users\\Usuario01\\TC-ERP\\web\\node_modules\\@eslint-community\\regexpp': 'C:\\Users\\Usuario01\\TC-ERP\\web\\node_modules\\@eslint-community\\.regexpp-U6bAv6nt',
2793 silly reify   'C:\\Users\\Usuario01\\TC-ERP\\web\\node_modules\\@humanfs\\core': 'C:\\Users\\Usuario01\\TC-ERP\\web\\node_modules\\@humanfs\\.core-zpUWXXwZ',
2793 silly reify   'C:\\Users\\Usuario01\\TC-ERP\\web\\node_modules\\@humanfs\\node': 'C:\\Users\\Usuario01\\TC-ERP\\web\\node_modules\\@humanfs\\.node-4fd0V7vy',
2793 silly reify   'C:\\Users\\Usuario01\\TC-ERP\\web\\node_modules\\@humanfs\\types': 'C:\\Users\\Usuario01\\TC-ERP\\web\\node_modules\\@humanfs\\.types-Q26bqBQe',
2793 silly reify   'C:\\Users\\Usuario01\\TC-ERP\\web\\node_modules\\@humanwhocodes\\module-importer': 'C:\\Users\\Usuario01\\TC-ERP\\web\\node_modules\\@humanwhocodes\\.module-importer-iRugSiPW',
2793 silly reify   'C:\\Users\\Usuario01\\TC-ERP\\web\\node_modules\\@humanwhocodes\\retry': 'C:\\Users\\Usuario01\\TC-ERP\\web\\node_modules\\@humanwhocodes\\.retry-PAmhEOsr',
2793 silly reify   'C:\\Users\\Usuario01\\TC-ERP\\web\\node_modules\\@img\\sharp-win32-x64': 'C:\\Users\\Usuario01\\TC-ERP\\web\\node_modules\\@img\\.sharp-win32-x64-hBYJpHvB',
2793 silly reify   'C:\\Users\\Usuario01\\TC-ERP\\web\\node_modules\\@jridgewell\\gen-mapping': 'C:\\Users\\Usuario01\\TC-ERP\\web\\node_modules\\@jridgewell\\.gen-mapping-jiftWPXJ',
2793 silly reify   'C:\\Users\\Usuario01\\TC-ERP\\web\\node_modules\\@jridgewell\\remapping': 'C:\\Users\\Usuario01\\TC-ERP\\web\\node_modules\\@jridgewell\\.remapping-dWRBOTX8',
2793 silly reify   'C:\\Users\\Usuario01\\TC-ERP\\web\\node_modules\\@jridgewell\\resolve-uri': 'C:\\Users\\Usuario01\\TC-ERP\\web\\node_modules\\@jridgewell\\.resolve-uri-4bnk6B4c',
2793 silly reify   'C:\\Users\\Usuario01\\TC-ERP\\web\\node_modules\\@jridgewell\\sourcemap-codec': 'C:\\Users\\Usuario01\\TC-ERP\\web\\node_modules\\@jridgewell\\.sourcemap-codec-1JumoAvW',
2793 silly reify   'C:\\Users\\Usuario01\\TC-ERP\\web\\node_modules\\@jridgewell\\trace-mapping': 'C:\\Users\\Usuario01\\TC-ERP\\web\\node_modules\\@jridgewell\\.trace-mapping-mWar6Dpc',
2793 silly reify   'C:\\Users\\Usuario01\\TC-ERP\\web\\node_modules\\@napi-rs\\wasm-runtime': 'C:\\Users\\Usuario01\\TC-ERP\\web\\node_modules\\@napi-rs\\.wasm-runtime-tqO8Wl6j',
2793 silly reify   'C:\\Users\\Usuario01\\TC-ERP\\web\\node_modules\\@next\\eslint-plugin-next': 'C:\\Users\\Usuario01\\TC-ERP\\web\\node_modules\\@next\\.eslint-plugin-next-03u4zbKn',
2793 silly reify   'C:\\Users\\Usuario01\\TC-ERP\\web\\node_modules\\@nodelib\\fs.scandir': 'C:\\Users\\Usuario01\\TC-ERP\\web\\node_modules\\@nodelib\\.fs.scandir-6bvr2LKn',
2793 silly reify   'C:\\Users\\Usuario01\\TC-ERP\\web\\node_modules\\@nodelib\\fs.stat': 'C:\\Users\\Usuario01\\TC-ERP\\web\\node_modules\\@nodelib\\.fs.stat-dcW3aG5T',
2793 silly reify   'C:\\Users\\Usuario01\\TC-ERP\\web\\node_modules\\@nodelib\\fs.walk': 'C:\\Users\\Usuario01\\TC-ERP\\web\\node_modules\\@nodelib\\.fs.walk-1S1aCmDa',
2793 silly reify   'C:\\Users\\Usuario01\\TC-ERP\\web\\node_modules\\@nolyfill\\is-core-module': 'C:\\Users\\Usuario01\\TC-ERP\\web\\node_modules\\@nolyfill\\.is-core-module-a73cxvH9',
2793 silly reify   'C:\\Users\\Usuario01\\TC-ERP\\web\\node_modules\\@rtsao\\scc': 'C:\\Users\\Usuario01\\TC-ERP\\web\\node_modules\\@rtsao\\.scc-wY34Zmfq',
2793 silly reify   'C:\\Users\\Usuario01\\TC-ERP\\web\\node_modules\\@swc\\helpers': 'C:\\Users\\Usuario01\\TC-ERP\\web\\node_modules\\@swc\\.helpers-ygIZKU8w',
2793 silly reify   'C:\\Users\\Usuario01\\TC-ERP\\web\\node_modules\\@tailwindcss\\node': 'C:\\Users\\Usuario01\\TC-ERP\\web\\node_modules\\@tailwindcss\\.node-ANduhw3S',
2793 silly reify   'C:\\Users\\Usuario01\\TC-ERP\\web\\node_modules\\@tailwindcss\\oxide': 'C:\\Users\\Usuario01\\TC-ERP\\web\\node_modules\\@tailwindcss\\.oxide-35GIZYqQ',
2793 silly reify   'C:\\Users\\Usuario01\\TC-ERP\\web\\node_modules\\@tailwindcss\\oxide-win32-x64-msvc': 'C:\\Users\\Usuario01\\TC-ERP\\web\\node_modules\\@tailwindcss\\.oxide-win32-x64-msvc-0hG168GC',
2793 silly reify   'C:\\Users\\Usuario01\\TC-ERP\\web\\node_modules\\@tailwindcss\\postcss': 'C:\\Users\\Usuario01\\TC-ERP\\web\\node_modules\\@tailwindcss\\.postcss-uIzBUd6u',
2793 silly reify   'C:\\Users\\Usuario01\\TC-ERP\\web\\node_modules\\@tybys\\wasm-util': 'C:\\Users\\Usuario01\\TC-ERP\\web\\node_modules\\@tybys\\.wasm-util-uKZYJl0h',
2793 silly reify   'C:\\Users\\Usuario01\\TC-ERP\\web\\node_modules\\@types\\estree': 'C:\\Users\\Usuario01\\TC-ERP\\web\\node_modules\\@types\\.estree-O29MYd0y',
2793 silly reify   'C:\\Users\\Usuario01\\TC-ERP\\web\\node_modules\\@types\\json-schema': 'C:\\Users\\Usuario01\\TC-ERP\\web\\node_modules\\@types\\.json-schema-9JcJj7Cf',
2793 silly reify   'C:\\Users\\Usuario01\\TC-ERP\\web\\node_modules\\@types\\node': 'C:\\Users\\Usuario01\\TC-ERP\\web\\node_modules\\@types\\.node-SWFaL8Yf',
2793 silly reify   'C:\\Users\\Usuario01\\TC-ERP\\web\\node_modules\\@types\\react': 'C:\\Users\\Usuario01\\TC-ERP\\web\\node_modules\\@types\\.react-UBtlbf6B',
2793 silly reify   'C:\\Users\\Usuario01\\TC-ERP\\web\\node_modules\\@types\\react-dom': 'C:\\Users\\Usuario01\\TC-ERP\\web\\node_modules\\@types\\.react-dom-FL0urHlI',
2793 silly reify   'C:\\Users\\Usuario01\\TC-ERP\\web\\node_modules\\@typescript-eslint\\eslint-plugin': 'C:\\Users\\Usuario01\\TC-ERP\\web\\node_modules\\@typescript-eslint\\.eslint-plugin-XhpgDSlw',
2793 silly reify   'C:\\Users\\Usuario01\\TC-ERP\\web\\node_modules\\@typescript-eslint\\parser': 'C:\\Users\\Usuario01\\TC-ERP\\web\\node_modules\\@typescript-eslint\\.parser-HXX4pQGg',
2793 silly reify   'C:\\Users\\Usuario01\\TC-ERP\\web\\node_modules\\@typescript-eslint\\scope-manager': 'C:\\Users\\Usuario01\\TC-ERP\\web\\node_modules\\@typescript-eslint\\.scope-manager-GUppTJ27',
2793 silly reify   'C:\\Users\\Usuario01\\TC-ERP\\web\\node_modules\\@typescript-eslint\\type-utils': 'C:\\Users\\Usuario01\\TC-ERP\\web\\node_modules\\@typescript-eslint\\.type-utils-rndswGtE',
2793 silly reify   'C:\\Users\\Usuario01\\TC-ERP\\web\\node_modules\\@typescript-eslint\\typescript-estree': 'C:\\Users\\Usuario01\\TC-ERP\\web\\node_modules\\@typescript-eslint\\.typescript-estree-9FpoEVlN',
2793 silly reify   'C:\\Users\\Usuario01\\TC-ERP\\web\\node_modules\\@typescript-eslint\\utils': 'C:\\Users\\Usuario01\\TC-ERP\\web\\node_modules\\@typescript-eslint\\.utils-TR0hn8Cl',
2793 silly reify   'C:\\Users\\Usuario01\\TC-ERP\\web\\node_modules\\brace-expansion': 'C:\\Users\\Usuario01\\TC-ERP\\web\\node_modules\\.brace-expansion-XfF0bU0S',
2793 silly reify   'C:\\Users\\Usuario01\\TC-ERP\\web\\node_modules\\loose-envify': 'C:\\Users\\Usuario01\\TC-ERP\\web\\node_modules\\.loose-envify-ccPVZW2C',
2793 silly reify   'C:\\Users\\Usuario01\\TC-ERP\\web\\node_modules\\.bin\\loose-envify': 'C:\\Users\\Usuario01\\TC-ERP\\web\\node_modules\\.bin\\.loose-envify-Z1gFauw5',
2793 silly reify   'C:\\Users\\Usuario01\\TC-ERP\\web\\node_modules\\.bin\\loose-envify.cmd': 'C:\\Users\\Usuario01\\TC-ERP\\web\\node_modules\\.bin\\.loose-envify.cmd-7XdVjEka',
2793 silly reify   'C:\\Users\\Usuario01\\TC-ERP\\web\\node_modules\\.bin\\loose-envify.ps1': 'C:\\Users\\Usuario01\\TC-ERP\\web\\node_modules\\.bin\\.loose-envify.ps1-v4qejljN',
2793 silly reify   'C:\\Users\\Usuario01\\TC-ERP\\web\\node_modules\\p-limit': 'C:\\Users\\Usuario01\\TC-ERP\\web\\node_modules\\.p-limit-lao1HMO4',
2793 silly reify   'C:\\Users\\Usuario01\\TC-ERP\\web\\node_modules\\word-wrap': 'C:\\Users\\Usuario01\\TC-ERP\\web\\node_modules\\.word-wrap-xGJ0RGMO',
2793 silly reify   'C:\\Users\\Usuario01\\TC-ERP\\web\\node_modules\\yocto-queue': 'C:\\Users\\Usuario01\\TC-ERP\\web\\node_modules\\.yocto-queue-kR1XybLI'
2793 silly reify }
2794 silly packumentCache corgi:https://registry.npmjs.org/loose-envify cache-miss
2795 http fetch GET 200 https://registry.npmjs.org/@types/estree/-/estree-1.0.8.tgz 3785ms (cache revalidated)
2796 http fetch GET 200 https://registry.npmjs.org/@types/react-dom/-/react-dom-19.2.3.tgz 3795ms (cache revalidated)
2797 http fetch GET 200 https://registry.npmjs.org/@swc/helpers/-/helpers-0.5.15.tgz 3819ms (cache revalidated)
2798 http fetch GET 200 https://registry.npmjs.org/@next/eslint-plugin-next/-/eslint-plugin-next-16.2.4.tgz 3823ms (cache revalidated)
2799 http fetch GET 200 https://registry.npmjs.org/@types/react/-/react-19.2.14.tgz 3835ms (cache revalidated)
2800 http fetch GET 200 https://registry.npmjs.org/@types/node/-/node-20.19.39.tgz 3854ms (cache revalidated)
2801 http fetch GET 200 https://registry.npmjs.org/loose-envify 3912ms (cache miss)
2802 silly packumentCache corgi:https://registry.npmjs.org/loose-envify set size:undefined disposed:false
2803 http fetch GET 200 https://registry.npmjs.org/@eslint-community/eslint-utils/-/eslint-utils-4.9.1.tgz 3911ms (cache revalidated)
2804 http fetch GET 200 https://registry.npmjs.org/@eslint/config-helpers/-/config-helpers-0.4.2.tgz 3913ms (cache revalidated)
2805 http fetch GET 200 https://registry.npmjs.org/typescript-eslint/-/typescript-eslint-8.59.1.tgz 3914ms (cache revalidated)
2806 http fetch GET 200 https://registry.npmjs.org/undici-types/-/undici-types-6.21.0.tgz 3919ms (cache revalidated)
2807 http fetch GET 200 https://registry.npmjs.org/@eslint-community/regexpp/-/regexpp-4.12.2.tgz 3926ms (cache revalidated)
2808 http fetch GET 200 https://registry.npmjs.org/@alloc/quick-lru/-/quick-lru-5.2.0.tgz 3925ms (cache revalidated)
2809 http fetch GET 200 https://registry.npmjs.org/@eslint/core/-/core-0.17.0.tgz 3930ms (cache revalidated)
2810 http fetch GET 200 https://registry.npmjs.org/scheduler/-/scheduler-0.27.0.tgz 4017ms (cache revalidated)
2811 http fetch GET 200 https://registry.npmjs.org/styled-jsx/-/styled-jsx-5.1.6.tgz 4027ms (cache revalidated)
2812 http fetch GET 200 https://registry.npmjs.org/tailwindcss/-/tailwindcss-4.2.4.tgz 4038ms (cache revalidated)
2813 http fetch GET 200 https://registry.npmjs.org/typescript/-/typescript-5.9.3.tgz 4206ms (cache revalidated)
2814 http fetch GET 200 https://registry.npmjs.org/react-dom/-/react-dom-19.2.4.tgz 4256ms (cache revalidated)
2815 http fetch GET 200 https://registry.npmjs.org/@eslint/js/-/js-9.39.4.tgz 4300ms (cache revalidated)
2816 http fetch GET 200 https://registry.npmjs.org/@eslint/config-array/-/config-array-0.21.2.tgz 4316ms (cache revalidated)
2817 http fetch GET 200 https://registry.npmjs.org/@tailwindcss/postcss/-/postcss-4.2.4.tgz 4358ms (cache revalidated)
2818 http fetch GET 200 https://registry.npmjs.org/@tailwindcss/oxide/-/oxide-4.2.4.tgz 4359ms (cache revalidated)
2819 http fetch GET 200 https://registry.npmjs.org/react/-/react-19.2.4.tgz 4352ms (cache revalidated)
2820 http fetch GET 200 https://registry.npmjs.org/@humanwhocodes/retry/-/retry-0.4.3.tgz 4365ms (cache revalidated)
2821 http fetch GET 200 https://registry.npmjs.org/sharp/-/sharp-0.34.5.tgz 4365ms (cache revalidated)
2822 http fetch GET 200 https://registry.npmjs.org/natural-compare/-/natural-compare-1.4.0.tgz 4363ms (cache revalidated)
2823 http fetch GET 200 https://registry.npmjs.org/minimatch/-/minimatch-3.1.5.tgz 4366ms (cache revalidated)
2824 http fetch GET 200 https://registry.npmjs.org/optionator/-/optionator-0.9.4.tgz 4371ms (cache revalidated)
2825 http fetch GET 200 https://registry.npmjs.org/@humanfs/node/-/node-0.16.8.tgz 4383ms (cache revalidated)
2826 http fetch GET 200 https://registry.npmjs.org/@humanwhocodes/module-importer/-/module-importer-1.0.1.tgz 4386ms (cache revalidated)
2827 http fetch GET 200 https://registry.npmjs.org/@tailwindcss/node/-/node-4.2.4.tgz 4389ms (cache revalidated)
2828 http fetch GET 200 https://registry.npmjs.org/lodash.merge/-/lodash.merge-4.6.2.tgz 4380ms (cache revalidated)
2829 http fetch GET 200 https://registry.npmjs.org/@eslint/eslintrc/-/eslintrc-3.3.5.tgz 4400ms (cache revalidated)
2830 http fetch GET 200 https://registry.npmjs.org/json-stable-stringify-without-jsonify/-/json-stable-stringify-without-jsonify-1.0.1.tgz 4391ms (cache revalidated)
2831 http fetch GET 200 https://registry.npmjs.org/@eslint/plugin-kit/-/plugin-kit-0.4.1.tgz 4406ms (cache revalidated)
2832 http fetch GET 200 https://registry.npmjs.org/ignore/-/ignore-5.3.2.tgz 4521ms (cache revalidated)
2833 http fetch GET 200 https://registry.npmjs.org/imurmurhash/-/imurmurhash-0.1.4.tgz 4540ms (cache revalidated)
2834 http fetch GET 200 https://registry.npmjs.org/file-entry-cache/-/file-entry-cache-8.0.0.tgz 4567ms (cache revalidated)
2835 http fetch GET 200 https://registry.npmjs.org/find-up/-/find-up-5.0.0.tgz 4574ms (cache revalidated)
2836 http fetch GET 200 https://registry.npmjs.org/is-glob/-/is-glob-4.0.3.tgz 4596ms (cache revalidated)
2837 http fetch GET 200 https://registry.npmjs.org/glob-parent/-/glob-parent-6.0.2.tgz 4600ms (cache revalidated)
2838 http fetch GET 200 https://registry.npmjs.org/esquery/-/esquery-1.7.0.tgz 4606ms (cache revalidated)
2839 http fetch GET 200 https://registry.npmjs.org/eslint-scope/-/eslint-scope-8.4.0.tgz 4608ms (cache revalidated)
2840 http fetch GET 200 https://registry.npmjs.org/esutils/-/esutils-2.0.3.tgz 4612ms (cache revalidated)
2841 http fetch GET 200 https://registry.npmjs.org/fast-deep-equal/-/fast-deep-equal-3.1.3.tgz 4616ms (cache revalidated)
2842 http fetch GET 200 https://registry.npmjs.org/eslint-plugin-jsx-a11y/-/eslint-plugin-jsx-a11y-6.10.2.tgz 4632ms (cache revalidated)
2843 http fetch GET 200 https://registry.npmjs.org/espree/-/espree-10.4.0.tgz 4637ms (cache revalidated)
2844 http fetch GET 200 https://registry.npmjs.org/eslint-visitor-keys/-/eslint-visitor-keys-4.2.1.tgz 4638ms (cache revalidated)
2845 http fetch GET 200 https://registry.npmjs.org/eslint-plugin-react-hooks/-/eslint-plugin-react-hooks-7.1.1.tgz 4668ms (cache revalidated)
2846 http fetch GET 200 https://registry.npmjs.org/eslint-plugin-import/-/eslint-plugin-import-2.32.0.tgz 4741ms (cache revalidated)
2847 http fetch GET 200 https://registry.npmjs.org/eslint-plugin-react/-/eslint-plugin-react-7.37.5.tgz 4776ms (cache revalidated)
2848 http fetch GET 200 https://registry.npmjs.org/eslint-import-resolver-node/-/eslint-import-resolver-node-0.3.10.tgz 4779ms (cache revalidated)
2849 http fetch GET 200 https://registry.npmjs.org/escape-string-regexp/-/escape-string-regexp-4.0.0.tgz 4814ms (cache revalidated)
2850 http fetch GET 200 https://registry.npmjs.org/eslint-config-next/-/eslint-config-next-16.2.4.tgz 4897ms (cache revalidated)
2851 http fetch GET 200 https://registry.npmjs.org/debug/-/debug-4.4.3.tgz 4927ms (cache revalidated)
2852 http fetch GET 200 https://registry.npmjs.org/eslint/-/eslint-9.39.4.tgz 4966ms (cache revalidated)
2853 http fetch GET 200 https://registry.npmjs.org/csstype/-/csstype-3.2.3.tgz 5015ms (cache revalidated)
2854 http fetch GET 200 https://registry.npmjs.org/chalk/-/chalk-4.1.2.tgz 5032ms (cache revalidated)
2855 http fetch GET 200 https://registry.npmjs.org/cross-spawn/-/cross-spawn-7.0.6.tgz 5035ms (cache revalidated)
2856 http fetch GET 200 https://registry.npmjs.org/postcss/-/postcss-8.5.12.tgz 5055ms (cache revalidated)
2857 http fetch GET 200 https://registry.npmjs.org/caniuse-lite/-/caniuse-lite-1.0.30001791.tgz 5079ms (cache revalidated)
2858 http fetch GET 200 https://registry.npmjs.org/ajv/-/ajv-6.15.0.tgz 5108ms (cache revalidated)
2859 http fetch GET 200 https://registry.npmjs.org/baseline-browser-mapping/-/baseline-browser-mapping-2.10.24.tgz 5135ms (cache revalidated)
2860 http fetch GET 200 https://registry.npmjs.org/tapable/-/tapable-2.3.3.tgz 5140ms (cache revalidated)
2861 http fetch GET 200 https://registry.npmjs.org/@jridgewell/resolve-uri/-/resolve-uri-3.1.2.tgz 5143ms (cache revalidated)
2862 http fetch GET 200 https://registry.npmjs.org/@tailwindcss/oxide-win32-x64-msvc/-/oxide-win32-x64-msvc-4.2.4.tgz 5213ms (cache revalidated)
2863 http fetch GET 200 https://registry.npmjs.org/lightningcss-win32-x64-msvc/-/lightningcss-win32-x64-msvc-1.32.0.tgz 5335ms (cache revalidated)
2864 http fetch GET 200 https://registry.npmjs.org/@jridgewell/sourcemap-codec/-/sourcemap-codec-1.5.5.tgz 5401ms (cache revalidated)
2865 http fetch GET 200 https://registry.npmjs.org/detect-libc/-/detect-libc-2.1.2.tgz 5419ms (cache revalidated)
2866 http fetch GET 200 https://registry.npmjs.org/graceful-fs/-/graceful-fs-4.2.11.tgz 5426ms (cache revalidated)
2867 http fetch GET 200 https://registry.npmjs.org/enhanced-resolve/-/enhanced-resolve-5.21.0.tgz 5506ms (cache revalidated)
2868 http fetch GET 200 https://registry.npmjs.org/magic-string/-/magic-string-0.30.21.tgz 5515ms (cache revalidated)
2869 http fetch GET 200 https://registry.npmjs.org/lightningcss/-/lightningcss-1.32.0.tgz 5523ms (cache revalidated)
2870 http fetch GET 200 https://registry.npmjs.org/fill-range/-/fill-range-7.1.1.tgz 5523ms (cache revalidated)
2871 http fetch GET 200 https://registry.npmjs.org/tslib/-/tslib-2.8.1.tgz 5526ms (cache revalidated)
2872 http fetch GET 200 https://registry.npmjs.org/source-map-js/-/source-map-js-1.2.1.tgz 5531ms (cache revalidated)
2873 http fetch GET 200 https://registry.npmjs.org/@jridgewell/gen-mapping/-/gen-mapping-0.3.13.tgz 5534ms (cache revalidated)
2874 http fetch GET 200 https://registry.npmjs.org/reusify/-/reusify-1.1.0.tgz 5537ms (cache revalidated)
2875 http fetch GET 200 https://registry.npmjs.org/@jridgewell/trace-mapping/-/trace-mapping-0.3.31.tgz 5545ms (cache revalidated)
2876 http fetch GET 200 https://registry.npmjs.org/picomatch/-/picomatch-2.3.2.tgz 5544ms (cache revalidated)
2877 http fetch GET 200 https://registry.npmjs.org/@jridgewell/remapping/-/remapping-2.3.5.tgz 5550ms (cache revalidated)
2878 http fetch GET 200 https://registry.npmjs.org/jiti/-/jiti-2.6.1.tgz 5575ms (cache revalidated)
2879 http fetch GET 200 https://registry.npmjs.org/micromatch/-/micromatch-4.0.8.tgz 5573ms (cache revalidated)
2880 http fetch GET 200 https://registry.npmjs.org/braces/-/braces-3.0.3.tgz 5626ms (cache revalidated)
2881 http fetch GET 200 https://registry.npmjs.org/fastq/-/fastq-1.20.1.tgz 5627ms (cache revalidated)
2882 http fetch GET 200 https://registry.npmjs.org/run-parallel/-/run-parallel-1.2.0.tgz 5844ms (cache revalidated)
2883 http fetch GET 200 https://registry.npmjs.org/type-check/-/type-check-0.4.0.tgz 5847ms (cache revalidated)
2884 http fetch GET 200 https://registry.npmjs.org/@nodelib/fs.scandir/-/fs.scandir-2.1.5.tgz 5855ms (cache revalidated)
2885 http fetch GET 200 https://registry.npmjs.org/merge2/-/merge2-1.4.1.tgz 5855ms (cache revalidated)
2886 http fetch GET 200 https://registry.npmjs.org/fast-glob/-/fast-glob-3.3.1.tgz 5860ms (cache revalidated)
2887 http fetch GET 200 https://registry.npmjs.org/@nodelib/fs.stat/-/fs.stat-2.0.5.tgz 5863ms (cache revalidated)
2888 http fetch GET 200 https://registry.npmjs.org/@nodelib/fs.walk/-/fs.walk-1.2.8.tgz 5866ms (cache revalidated)
2889 http fetch GET 200 https://registry.npmjs.org/glob-parent/-/glob-parent-5.1.2.tgz 5869ms (cache revalidated)
2890 http fetch GET 200 https://registry.npmjs.org/levn/-/levn-0.4.1.tgz 5866ms (cache revalidated)
2891 http fetch GET 200 https://registry.npmjs.org/@types/json-schema/-/json-schema-7.0.15.tgz 5866ms (cache revalidated)
2892 http fetch GET 200 https://registry.npmjs.org/@humanfs/core/-/core-0.19.2.tgz 5884ms (cache revalidated)
2893 http fetch GET 200 https://registry.npmjs.org/eslint-visitor-keys/-/eslint-visitor-keys-3.4.3.tgz 5894ms (cache revalidated)
2894 http fetch GET 200 https://registry.npmjs.org/@humanfs/types/-/types-0.15.0.tgz 5991ms (cache revalidated)
2895 http fetch GET 200 https://registry.npmjs.org/strip-json-comments/-/strip-json-comments-3.1.1.tgz 5990ms (cache revalidated)
2896 http fetch GET 200 https://registry.npmjs.org/prelude-ls/-/prelude-ls-1.2.1.tgz 6030ms (cache revalidated)
2897 http fetch GET 200 https://registry.npmjs.org/argparse/-/argparse-2.0.1.tgz 6084ms (cache revalidated)
2898 http fetch GET 200 https://registry.npmjs.org/balanced-match/-/balanced-match-4.0.4.tgz 6082ms (cache revalidated)
2899 http fetch GET 200 https://registry.npmjs.org/js-yaml/-/js-yaml-4.1.1.tgz 6095ms (cache revalidated)
2900 http fetch GET 200 https://registry.npmjs.org/fdir/-/fdir-6.5.0.tgz 6094ms (cache revalidated)
2901 http fetch GET 200 https://registry.npmjs.org/globals/-/globals-14.0.0.tgz 6097ms (cache revalidated)
2902 http fetch GET 200 https://registry.npmjs.org/@eslint/object-schema/-/object-schema-2.1.7.tgz 6101ms (cache revalidated)
2903 http fetch GET 200 https://registry.npmjs.org/picomatch/-/picomatch-4.0.4.tgz 6106ms (cache revalidated)
2904 http fetch GET 200 https://registry.npmjs.org/tinyglobby/-/tinyglobby-0.2.16.tgz 6104ms (cache revalidated)
2905 http fetch GET 200 https://registry.npmjs.org/brace-expansion/-/brace-expansion-5.0.5.tgz 6109ms (cache revalidated)
2906 http fetch GET 200 https://registry.npmjs.org/import-fresh/-/import-fresh-3.3.1.tgz 6148ms (cache revalidated)
2907 http fetch GET 200 https://registry.npmjs.org/minimatch/-/minimatch-10.2.5.tgz 6153ms (cache revalidated)
2908 http fetch GET 200 https://registry.npmjs.org/ts-api-utils/-/ts-api-utils-2.5.0.tgz 6223ms (cache revalidated)
2909 http fetch GET 200 https://registry.npmjs.org/@typescript-eslint/types/-/types-8.59.1.tgz 6229ms (cache revalidated)
2910 http fetch GET 200 https://registry.npmjs.org/@typescript-eslint/scope-manager/-/scope-manager-8.59.1.tgz 6254ms (cache revalidated)
2911 http fetch GET 200 https://registry.npmjs.org/@typescript-eslint/type-utils/-/type-utils-8.59.1.tgz 6258ms (cache revalidated)
2912 http fetch GET 200 https://registry.npmjs.org/source-map-js/-/source-map-js-1.2.1.tgz 6333ms (cache revalidated)
2913 http fetch GET 200 https://registry.npmjs.org/picocolors/-/picocolors-1.1.1.tgz 6334ms (cache revalidated)
2914 http fetch GET 200 https://registry.npmjs.org/type-check/-/type-check-0.4.0.tgz 6335ms (cache revalidated)
2915 http fetch GET 200 https://registry.npmjs.org/ignore/-/ignore-7.0.5.tgz 6342ms (cache revalidated)
2916 http fetch GET 200 https://registry.npmjs.org/@typescript-eslint/tsconfig-utils/-/tsconfig-utils-8.59.1.tgz 6372ms (cache revalidated)
2917 http fetch GET 200 https://registry.npmjs.org/detect-libc/-/detect-libc-2.1.2.tgz 6368ms (cache revalidated)
2918 http fetch GET 200 https://registry.npmjs.org/@typescript-eslint/typescript-estree/-/typescript-estree-8.59.1.tgz 6376ms (cache revalidated)
2919 http fetch GET 200 https://registry.npmjs.org/@typescript-eslint/utils/-/utils-8.59.1.tgz 6383ms (cache revalidated)
2920 http fetch GET 200 https://registry.npmjs.org/@typescript-eslint/parser/-/parser-8.59.1.tgz 6384ms (cache revalidated)
2921 http fetch GET 200 https://registry.npmjs.org/prelude-ls/-/prelude-ls-1.2.1.tgz 6381ms (cache revalidated)
2922 http fetch GET 200 https://registry.npmjs.org/nanoid/-/nanoid-3.3.11.tgz 6386ms (cache revalidated)
2923 http fetch GET 200 https://registry.npmjs.org/@typescript-eslint/eslint-plugin/-/eslint-plugin-8.59.1.tgz 6420ms (cache revalidated)
2924 http fetch GET 200 https://registry.npmjs.org/word-wrap/-/word-wrap-1.2.5.tgz 6421ms (cache revalidated)
2925 http fetch GET 200 https://registry.npmjs.org/@img/sharp-win32-x64/-/sharp-win32-x64-0.34.5.tgz 6623ms (cache revalidated)
2926 http fetch GET 200 https://registry.npmjs.org/levn/-/levn-0.4.1.tgz 6633ms (cache revalidated)
2927 http fetch GET 200 https://registry.npmjs.org/semver/-/semver-7.7.4.tgz 6667ms (cache revalidated)
2928 http fetch GET 200 https://registry.npmjs.org/source-map-js/-/source-map-js-1.2.1.tgz 6719ms (cache revalidated)
2929 http fetch GET 200 https://registry.npmjs.org/deep-is/-/deep-is-0.1.4.tgz 6721ms (cache revalidated)
2930 http fetch GET 200 https://registry.npmjs.org/nanoid/-/nanoid-3.3.11.tgz 6722ms (cache revalidated)
2931 http fetch GET 200 https://registry.npmjs.org/picocolors/-/picocolors-1.1.1.tgz 6726ms (cache revalidated)
2932 http fetch GET 200 https://registry.npmjs.org/brace-expansion/-/brace-expansion-1.1.14.tgz 6729ms (cache revalidated)
2933 http fetch GET 200 https://registry.npmjs.org/keyv/-/keyv-4.5.4.tgz 6728ms (cache revalidated)
2934 http fetch GET 200 https://registry.npmjs.org/yocto-queue/-/yocto-queue-0.1.0.tgz 6732ms (cache revalidated)
2935 http fetch GET 200 https://registry.npmjs.org/flatted/-/flatted-3.4.2.tgz 6730ms (cache revalidated)
2936 http fetch GET 200 https://registry.npmjs.org/flat-cache/-/flat-cache-4.0.1.tgz 6733ms (cache revalidated)
2937 http fetch GET 200 https://registry.npmjs.org/p-limit/-/p-limit-3.1.0.tgz 6736ms (cache revalidated)
2938 http fetch GET 200 https://registry.npmjs.org/postcss/-/postcss-8.4.31.tgz 6740ms (cache revalidated)
2939 http fetch GET 200 https://registry.npmjs.org/locate-path/-/locate-path-6.0.0.tgz 6739ms (cache revalidated)
2940 http fetch GET 200 https://registry.npmjs.org/p-locate/-/p-locate-5.0.0.tgz 6771ms (cache revalidated)
2941 http fetch GET 200 https://registry.npmjs.org/estraverse/-/estraverse-5.3.0.tgz 6776ms (cache revalidated)
2942 http fetch GET 200 https://registry.npmjs.org/estraverse/-/estraverse-5.3.0.tgz 6778ms (cache revalidated)
2943 http fetch GET 200 https://registry.npmjs.org/hermes-estree/-/hermes-estree-0.25.1.tgz 6826ms (cache revalidated)
2944 http fetch GET 200 https://registry.npmjs.org/esrecurse/-/esrecurse-4.3.0.tgz 6828ms (cache revalidated)
2945 http fetch GET 200 https://registry.npmjs.org/update-browserslist-db/-/update-browserslist-db-1.2.3.tgz 6824ms (cache revalidated)
2946 http fetch GET 200 https://registry.npmjs.org/@babel/helper-string-parser/-/helper-string-parser-7.27.1.tgz 6827ms (cache revalidated)
2947 http fetch GET 200 https://registry.npmjs.org/acorn-jsx/-/acorn-jsx-5.3.2.tgz 6837ms (cache revalidated)
2948 http fetch GET 200 https://registry.npmjs.org/acorn/-/acorn-8.16.0.tgz 6837ms (cache revalidated)
2949 http fetch GET 200 https://registry.npmjs.org/@babel/helper-module-imports/-/helper-module-imports-7.28.6.tgz 6835ms (cache revalidated)
2950 http fetch GET 200 https://registry.npmjs.org/node-releases/-/node-releases-2.0.38.tgz 6836ms (cache revalidated)
2951 http fetch GET 200 https://registry.npmjs.org/@babel/helper-validator-option/-/helper-validator-option-7.27.1.tgz 6835ms (cache revalidated)
2952 http fetch GET 200 https://registry.npmjs.org/jsesc/-/jsesc-3.1.0.tgz 6835ms (cache revalidated)
2953 http fetch GET 200 https://registry.npmjs.org/electron-to-chromium/-/electron-to-chromium-1.5.344.tgz 6868ms (cache revalidated)
2954 http fetch GET 200 https://registry.npmjs.org/@babel/helper-globals/-/helper-globals-7.28.0.tgz 6871ms (cache revalidated)
2955 http fetch GET 200 https://registry.npmjs.org/picocolors/-/picocolors-1.1.1.tgz 6868ms (cache revalidated)
2956 http fetch GET 200 https://registry.npmjs.org/@babel/compat-data/-/compat-data-7.29.0.tgz 6871ms (cache revalidated)
2957 http fetch GET 200 https://registry.npmjs.org/@jridgewell/sourcemap-codec/-/sourcemap-codec-1.5.5.tgz 6879ms (cache revalidated)
2958 http fetch GET 200 https://registry.npmjs.org/convert-source-map/-/convert-source-map-2.0.0.tgz 6889ms (cache revalidated)
2959 http fetch GET 200 https://registry.npmjs.org/browserslist/-/browserslist-4.28.2.tgz 6905ms (cache revalidated)
2960 http fetch GET 200 https://registry.npmjs.org/json5/-/json5-2.2.3.tgz 6898ms (cache revalidated)
2961 http fetch GET 200 https://registry.npmjs.org/js-tokens/-/js-tokens-4.0.0.tgz 6910ms (cache revalidated)
2962 http fetch GET 200 https://registry.npmjs.org/gensync/-/gensync-1.0.0-beta.2.tgz 6899ms (cache revalidated)
2963 http fetch GET 200 https://registry.npmjs.org/@babel/helper-validator-identifier/-/helper-validator-identifier-7.28.5.tgz 6912ms (cache revalidated)
2964 http fetch GET 200 https://registry.npmjs.org/semver/-/semver-6.3.1.tgz 6905ms (cache revalidated)
2965 http fetch GET 200 https://registry.npmjs.org/@jridgewell/trace-mapping/-/trace-mapping-0.3.31.tgz 6919ms (cache revalidated)
2966 http fetch GET 200 https://registry.npmjs.org/@jridgewell/gen-mapping/-/gen-mapping-0.3.13.tgz 6959ms (cache revalidated)
2967 http fetch GET 200 https://registry.npmjs.org/@babel/types/-/types-7.29.0.tgz 6980ms (cache revalidated)
2968 http fetch GET 200 https://registry.npmjs.org/@babel/code-frame/-/code-frame-7.29.0.tgz 7002ms (cache revalidated)
2969 http fetch GET 200 https://registry.npmjs.org/@jridgewell/remapping/-/remapping-2.3.5.tgz 7009ms (cache revalidated)
2970 http fetch GET 200 https://registry.npmjs.org/@babel/helpers/-/helpers-7.29.2.tgz 7017ms (cache revalidated)
2971 http fetch GET 200 https://registry.npmjs.org/@babel/traverse/-/traverse-7.29.0.tgz 7029ms (cache revalidated)
2972 http fetch GET 200 https://registry.npmjs.org/@babel/parser/-/parser-7.29.2.tgz 7037ms (cache revalidated)
2973 http fetch GET 200 https://registry.npmjs.org/zod-validation-error/-/zod-validation-error-4.0.2.tgz 7066ms (cache revalidated)
2974 http fetch GET 200 https://registry.npmjs.org/@babel/template/-/template-7.28.6.tgz 7071ms (cache revalidated)
2975 http fetch GET 200 https://registry.npmjs.org/@babel/helper-compilation-targets/-/helper-compilation-targets-7.28.6.tgz 7071ms (cache revalidated)
2976 http fetch GET 200 https://registry.npmjs.org/async-function/-/async-function-1.0.0.tgz 7070ms (cache revalidated)
2977 http fetch GET 200 https://registry.npmjs.org/@babel/helper-module-transforms/-/helper-module-transforms-7.28.6.tgz 7079ms (cache revalidated)
2978 http fetch GET 200 https://registry.npmjs.org/@babel/generator/-/generator-7.29.1.tgz 7084ms (cache revalidated)
2979 http fetch GET 200 https://registry.npmjs.org/hermes-parser/-/hermes-parser-0.25.1.tgz 7092ms (cache revalidated)
2980 http fetch GET 200 https://registry.npmjs.org/zod/-/zod-4.3.6.tgz 7183ms (cache revalidated)
2981 http fetch GET 200 https://registry.npmjs.org/is-number-object/-/is-number-object-1.1.1.tgz 7182ms (cache revalidated)
2982 http fetch GET 200 https://registry.npmjs.org/@babel/core/-/core-7.29.0.tgz 7306ms (cache revalidated)
2983 http fetch GET 200 https://registry.npmjs.org/side-channel-list/-/side-channel-list-1.0.1.tgz 7366ms (cache revalidated)
2984 http fetch GET 200 https://registry.npmjs.org/is-bigint/-/is-bigint-1.1.0.tgz 7374ms (cache revalidated)
2985 http fetch GET 200 https://registry.npmjs.org/which-boxed-primitive/-/which-boxed-primitive-1.1.1.tgz 7375ms (cache revalidated)
2986 http fetch GET 200 https://registry.npmjs.org/for-each/-/for-each-0.3.5.tgz 7376ms (cache revalidated)
2987 http fetch GET 200 https://registry.npmjs.org/is-async-function/-/is-async-function-2.1.1.tgz 7402ms (cache revalidated)
2988 http fetch GET 200 https://registry.npmjs.org/node-exports-info/-/node-exports-info-1.6.0.tgz 7415ms (cache revalidated)
2989 http fetch GET 200 https://registry.npmjs.org/side-channel-map/-/side-channel-map-1.0.1.tgz 7418ms (cache revalidated)
2990 http fetch GET 200 https://registry.npmjs.org/side-channel-weakmap/-/side-channel-weakmap-1.0.2.tgz 7422ms (cache revalidated)
2991 http fetch GET 200 https://registry.npmjs.org/reflect.getprototypeof/-/reflect.getprototypeof-1.0.10.tgz 7428ms (cache revalidated)
2992 http fetch GET 200 https://registry.npmjs.org/which-builtin-type/-/which-builtin-type-1.2.1.tgz 7431ms (cache revalidated)
2993 http fetch GET 200 https://registry.npmjs.org/supports-preserve-symlinks-flag/-/supports-preserve-symlinks-flag-1.0.0.tgz 7426ms (cache revalidated)
2994 http fetch GET 200 https://registry.npmjs.org/is-boolean-object/-/is-boolean-object-1.2.2.tgz 7435ms (cache revalidated)
2995 http fetch GET 200 https://registry.npmjs.org/side-channel/-/side-channel-1.1.0.tgz 7431ms (cache revalidated)
2996 http fetch GET 200 https://registry.npmjs.org/set-function-name/-/set-function-name-2.0.2.tgz 7432ms (cache revalidated)
2997 http fetch GET 200 https://registry.npmjs.org/@jridgewell/resolve-uri/-/resolve-uri-3.1.2.tgz 7499ms (cache revalidated)
2998 http fetch GET 200 https://registry.npmjs.org/array.prototype.flat/-/array.prototype.flat-1.3.3.tgz 7484ms (cache revalidated)
2999 http fetch GET 200 https://registry.npmjs.org/dunder-proto/-/dunder-proto-1.0.1.tgz 7485ms (cache revalidated)
3000 http fetch GET 200 https://registry.npmjs.org/is-core-module/-/is-core-module-2.16.1.tgz 7488ms (cache revalidated)
3001 http fetch GET 200 https://registry.npmjs.org/is-date-object/-/is-date-object-1.1.0.tgz 7487ms (cache revalidated)
3002 http fetch GET 200 https://registry.npmjs.org/which-typed-array/-/which-typed-array-1.1.20.tgz 7487ms (cache revalidated)
3003 http fetch GET 200 https://registry.npmjs.org/functions-have-names/-/functions-have-names-1.2.3.tgz 7618ms (cache revalidated)
3004 http fetch GET 200 https://registry.npmjs.org/has-tostringtag/-/has-tostringtag-1.0.2.tgz 7619ms (cache revalidated)
3005 http fetch GET 200 https://registry.npmjs.org/is-generator-function/-/is-generator-function-1.1.2.tgz 7633ms (cache revalidated)
3006 http fetch GET 200 https://registry.npmjs.org/is-symbol/-/is-symbol-1.1.1.tgz 7621ms (cache revalidated)
3007 http fetch GET 200 https://registry.npmjs.org/unbox-primitive/-/unbox-primitive-1.1.0.tgz 7622ms (cache revalidated)
3008 http fetch GET 200 https://registry.npmjs.org/typed-array-byte-length/-/typed-array-byte-length-1.0.3.tgz 7626ms (cache revalidated)
3009 http fetch GET 200 https://registry.npmjs.org/typed-array-length/-/typed-array-length-1.0.7.tgz 7629ms (cache revalidated)
3010 http fetch GET 200 https://registry.npmjs.org/possible-typed-array-names/-/possible-typed-array-names-1.1.0.tgz 7632ms (cache revalidated)
3011 http fetch GET 200 https://registry.npmjs.org/typed-array-byte-offset/-/typed-array-byte-offset-1.0.4.tgz 7632ms (cache revalidated)
3012 http fetch GET 200 https://registry.npmjs.org/string.prototype.trimstart/-/string.prototype.trimstart-1.0.8.tgz 7694ms (cache revalidated)
3013 http fetch GET 200 https://registry.npmjs.org/set-proto/-/set-proto-1.0.0.tgz 7818ms (cache revalidated)
3014 http fetch GET 200 https://registry.npmjs.org/string.prototype.trim/-/string.prototype.trim-1.2.10.tgz 7823ms (cache revalidated)
3015 http fetch GET 200 https://registry.npmjs.org/safe-array-concat/-/safe-array-concat-1.1.4.tgz 7820ms (cache revalidated)
3016 http fetch GET 200 https://registry.npmjs.org/iterator.prototype/-/iterator.prototype-1.1.5.tgz 7836ms (cache revalidated)
3017 http fetch GET 200 https://registry.npmjs.org/typed-array-buffer/-/typed-array-buffer-1.0.3.tgz 7834ms (cache revalidated)
3018 http fetch GET 200 https://registry.npmjs.org/string.prototype.trimend/-/string.prototype.trimend-1.0.9.tgz 7839ms (cache revalidated)
3019 http fetch GET 200 https://registry.npmjs.org/stop-iteration-iterator/-/stop-iteration-iterator-1.1.0.tgz 7840ms (cache revalidated)
3020 http fetch GET 200 https://registry.npmjs.org/is-weakref/-/is-weakref-1.1.1.tgz 7835ms (cache revalidated)
3021 http fetch GET 200 https://registry.npmjs.org/safe-push-apply/-/safe-push-apply-1.0.0.tgz 7844ms (cache revalidated)
3022 http fetch GET 200 https://registry.npmjs.org/regexp.prototype.flags/-/regexp.prototype.flags-1.5.4.tgz 7843ms (cache revalidated)
3023 http fetch GET 200 https://registry.npmjs.org/object.assign/-/object.assign-4.1.7.tgz 7850ms (cache revalidated)
3024 http fetch GET 200 https://registry.npmjs.org/is-typed-array/-/is-typed-array-1.1.15.tgz 7849ms (cache revalidated)
3025 http fetch GET 200 https://registry.npmjs.org/own-keys/-/own-keys-1.0.1.tgz 7855ms (cache revalidated)
3026 http fetch GET 200 https://registry.npmjs.org/safe-regex-test/-/safe-regex-test-1.1.0.tgz 7859ms (cache revalidated)
3027 http fetch GET 200 https://registry.npmjs.org/is-set/-/is-set-2.0.3.tgz 7999ms (cache revalidated)
3028 http fetch GET 200 https://registry.npmjs.org/is-shared-array-buffer/-/is-shared-array-buffer-1.0.4.tgz 8134ms (cache revalidated)
3029 http fetch GET 200 https://registry.npmjs.org/object-inspect/-/object-inspect-1.13.4.tgz 8141ms (cache revalidated)
3030 http fetch GET 200 https://registry.npmjs.org/is-negative-zero/-/is-negative-zero-2.0.3.tgz 8137ms (cache revalidated)
3031 http fetch GET 200 https://registry.npmjs.org/has-proto/-/has-proto-1.2.0.tgz 8136ms (cache revalidated)
3032 http fetch GET 200 https://registry.npmjs.org/semver/-/semver-7.7.4.tgz 8219ms (cache revalidated)
3033 http fetch GET 200 https://registry.npmjs.org/internal-slot/-/internal-slot-1.1.0.tgz 8146ms (cache revalidated)
3034 http fetch GET 200 https://registry.npmjs.org/is-regex/-/is-regex-1.2.1.tgz 8152ms (cache revalidated)
3035 http fetch GET 200 https://registry.npmjs.org/globalthis/-/globalthis-1.0.4.tgz 8160ms (cache revalidated)
3036 http fetch GET 200 https://registry.npmjs.org/is-data-view/-/is-data-view-1.0.2.tgz 8170ms (cache revalidated)
3037 http fetch GET 200 https://registry.npmjs.org/has-symbols/-/has-symbols-1.1.0.tgz 8170ms (cache revalidated)
3038 http fetch GET 200 https://registry.npmjs.org/function.prototype.name/-/function.prototype.name-1.1.8.tgz 8172ms (cache revalidated)
3039 http fetch GET 200 https://registry.npmjs.org/get-symbol-description/-/get-symbol-description-1.1.0.tgz 8174ms (cache revalidated)
3040 http fetch GET 200 https://registry.npmjs.org/is-callable/-/is-callable-1.2.7.tgz 8185ms (cache revalidated)
3041 http fetch GET 200 https://registry.npmjs.org/es-to-primitive/-/es-to-primitive-1.3.0.tgz 8188ms (cache revalidated)
3042 http fetch GET 200 https://registry.npmjs.org/data-view-byte-offset/-/data-view-byte-offset-1.0.1.tgz 8498ms (cache revalidated)
3043 http fetch GET 200 https://registry.npmjs.org/arraybuffer.prototype.slice/-/arraybuffer.prototype.slice-1.0.4.tgz 8557ms (cache revalidated)
3044 http fetch GET 200 https://registry.npmjs.org/data-view-buffer/-/data-view-buffer-1.0.2.tgz 8557ms (cache revalidated)
3045 http fetch GET 200 https://registry.npmjs.org/object-keys/-/object-keys-1.1.1.tgz 8557ms (cache revalidated)
3046 http fetch GET 200 https://registry.npmjs.org/available-typed-arrays/-/available-typed-arrays-1.0.7.tgz 8560ms (cache revalidated)
3047 http fetch GET 200 https://registry.npmjs.org/get-proto/-/get-proto-1.0.1.tgz 8575ms (cache revalidated)
3048 http fetch GET 200 https://registry.npmjs.org/math-intrinsics/-/math-intrinsics-1.1.0.tgz 8564ms (cache revalidated)
3049 http fetch GET 200 https://registry.npmjs.org/define-data-property/-/define-data-property-1.1.4.tgz 8567ms (cache revalidated)
3050 http fetch GET 200 https://registry.npmjs.org/es-define-property/-/es-define-property-1.0.1.tgz 8568ms (cache revalidated)
3051 http fetch GET 200 https://registry.npmjs.org/es-set-tostringtag/-/es-set-tostringtag-2.1.0.tgz 8579ms (cache revalidated)
3052 http fetch GET 200 https://registry.npmjs.org/has-property-descriptors/-/has-property-descriptors-1.0.2.tgz 8572ms (cache revalidated)
3053 http fetch GET 200 https://registry.npmjs.org/set-function-length/-/set-function-length-1.2.2.tgz 8571ms (cache revalidated)
3054 http fetch GET 200 https://registry.npmjs.org/function-bind/-/function-bind-1.1.2.tgz 8574ms (cache revalidated)
3055 http fetch GET 200 https://registry.npmjs.org/call-bind-apply-helpers/-/call-bind-apply-helpers-1.0.2.tgz 8578ms (cache revalidated)
3056 http fetch GET 200 https://registry.npmjs.org/gopd/-/gopd-1.2.0.tgz 8583ms (cache revalidated)
3057 http fetch GET 200 https://registry.npmjs.org/es-shim-unscopables/-/es-shim-unscopables-1.1.0.tgz 8630ms (cache revalidated)
3058 http fetch GET 200 https://registry.npmjs.org/call-bind/-/call-bind-1.0.9.tgz 8685ms (cache revalidated)
3059 http fetch GET 200 https://registry.npmjs.org/string.prototype.repeat/-/string.prototype.repeat-1.0.0.tgz 8687ms (cache revalidated)
3060 http fetch GET 200 https://registry.npmjs.org/data-view-byte-length/-/data-view-byte-length-1.0.2.tgz 8715ms (cache revalidated)
3061 http fetch GET 200 https://registry.npmjs.org/es-errors/-/es-errors-1.3.0.tgz 8713ms (cache revalidated)
3062 http fetch GET 200 https://registry.npmjs.org/semver/-/semver-6.3.1.tgz 8713ms (cache revalidated)
3063 http fetch GET 200 https://registry.npmjs.org/resolve/-/resolve-2.0.0-next.6.tgz 8732ms (cache revalidated)
3064 http fetch GET 200 https://registry.npmjs.org/define-properties/-/define-properties-1.2.1.tgz 8741ms (cache revalidated)
3065 http fetch GET 200 https://registry.npmjs.org/prop-types/-/prop-types-15.8.1.tgz 8742ms (cache revalidated)
3066 http fetch GET 200 https://registry.npmjs.org/es-object-atoms/-/es-object-atoms-1.1.1.tgz 8760ms (cache revalidated)
3067 http fetch GET 200 https://registry.npmjs.org/is-string/-/is-string-1.1.1.tgz 8765ms (cache revalidated)
3068 http fetch GET 200 https://registry.npmjs.org/object.values/-/object.values-1.2.1.tgz 8757ms (cache revalidated)
3069 http fetch GET 200 https://registry.npmjs.org/call-bound/-/call-bound-1.0.4.tgz 8767ms (cache revalidated)
3070 http fetch GET 200 https://registry.npmjs.org/get-intrinsic/-/get-intrinsic-1.3.0.tgz 8770ms (cache revalidated)
3071 http fetch GET 200 https://registry.npmjs.org/array-buffer-byte-length/-/array-buffer-byte-length-1.0.2.tgz 8782ms (cache revalidated)
3072 http fetch GET 200 https://registry.npmjs.org/object.fromentries/-/object.fromentries-2.0.8.tgz 8908ms (cache revalidated)
3073 http fetch GET 200 https://registry.npmjs.org/es-abstract/-/es-abstract-1.24.2.tgz 9166ms (cache revalidated)
3074 http fetch GET 200 https://registry.npmjs.org/string.prototype.matchall/-/string.prototype.matchall-4.0.12.tgz 9172ms (cache revalidated)
3075 http fetch GET 200 https://registry.npmjs.org/hasown/-/hasown-2.0.3.tgz 9165ms (cache revalidated)
3076 http fetch GET 200 https://registry.npmjs.org/jsx-ast-utils/-/jsx-ast-utils-3.3.5.tgz 9180ms (cache revalidated)
3077 http fetch GET 200 https://registry.npmjs.org/object.entries/-/object.entries-1.1.9.tgz 9184ms (cache revalidated)
3078 http fetch GET 200 https://registry.npmjs.org/estraverse/-/estraverse-5.3.0.tgz 9186ms (cache revalidated)
3079 http fetch GET 200 https://registry.npmjs.org/array.prototype.flatmap/-/array.prototype.flatmap-1.3.3.tgz 9188ms (cache revalidated)
3080 http fetch GET 200 https://registry.npmjs.org/doctrine/-/doctrine-2.1.0.tgz 9191ms (cache revalidated)
3081 http fetch GET 200 https://registry.npmjs.org/is-number-object/-/is-number-object-1.1.1.tgz 9193ms (cache revalidated)
3082 http fetch GET 200 https://registry.npmjs.org/es-iterator-helpers/-/es-iterator-helpers-1.3.2.tgz 9207ms (cache revalidated)
3083 http fetch GET 200 https://registry.npmjs.org/array.prototype.tosorted/-/array.prototype.tosorted-1.1.4.tgz 9208ms (cache revalidated)
3084 http fetch GET 200 https://registry.npmjs.org/array.prototype.findlast/-/array.prototype.findlast-1.2.5.tgz 9211ms (cache revalidated)
3085 http fetch GET 200 https://registry.npmjs.org/is-array-buffer/-/is-array-buffer-3.0.5.tgz 9245ms (cache revalidated)
3086 http fetch GET 200 https://registry.npmjs.org/is-boolean-object/-/is-boolean-object-1.2.2.tgz 9287ms (cache revalidated)
3087 http fetch GET 200 https://registry.npmjs.org/array-includes/-/array-includes-3.1.9.tgz 9297ms (cache revalidated)
3088 http fetch GET 200 https://registry.npmjs.org/which-builtin-type/-/which-builtin-type-1.2.1.tgz 9369ms (cache revalidated)
3089 http fetch GET 200 https://registry.npmjs.org/side-channel-weakmap/-/side-channel-weakmap-1.0.2.tgz 9368ms (cache revalidated)
3090 http fetch GET 200 https://registry.npmjs.org/is-async-function/-/is-async-function-2.1.1.tgz 9376ms (cache revalidated)
3091 http fetch GET 200 https://registry.npmjs.org/is-generator-function/-/is-generator-function-1.1.2.tgz 9379ms (cache revalidated)
3092 http fetch GET 200 https://registry.npmjs.org/for-each/-/for-each-0.3.5.tgz 9377ms (cache revalidated)
3093 http fetch GET 200 https://registry.npmjs.org/side-channel-map/-/side-channel-map-1.0.1.tgz 9379ms (cache revalidated)
3094 http fetch GET 200 https://registry.npmjs.org/is-bigint/-/is-bigint-1.1.0.tgz 9382ms (cache revalidated)
3095 http fetch GET 200 https://registry.npmjs.org/side-channel-list/-/side-channel-list-1.0.1.tgz 9382ms (cache revalidated)
3096 http fetch GET 200 https://registry.npmjs.org/object.values/-/object.values-1.2.1.tgz 9383ms (cache revalidated)
3097 http fetch GET 200 https://registry.npmjs.org/array.prototype.flat/-/array.prototype.flat-1.3.3.tgz 9388ms (cache revalidated)
3098 http fetch GET 200 https://registry.npmjs.org/set-function-name/-/set-function-name-2.0.2.tgz 9391ms (cache revalidated)
3099 http fetch GET 200 https://registry.npmjs.org/side-channel/-/side-channel-1.1.0.tgz 9392ms (cache revalidated)
3100 http fetch GET 200 https://registry.npmjs.org/reflect.getprototypeof/-/reflect.getprototypeof-1.0.10.tgz 9398ms (cache revalidated)
3101 http fetch GET 200 https://registry.npmjs.org/dunder-proto/-/dunder-proto-1.0.1.tgz 9439ms (cache revalidated)
3102 http fetch GET 200 https://registry.npmjs.org/async-function/-/async-function-1.0.0.tgz 9450ms (cache revalidated)
3103 http fetch GET 200 https://registry.npmjs.org/is-symbol/-/is-symbol-1.1.1.tgz 9491ms (cache revalidated)
3104 http fetch GET 200 https://registry.npmjs.org/is-date-object/-/is-date-object-1.1.0.tgz 9492ms (cache revalidated)
3105 http fetch GET 200 https://registry.npmjs.org/typed-array-length/-/typed-array-length-1.0.7.tgz 9497ms (cache revalidated)
3106 http fetch GET 200 https://registry.npmjs.org/unbox-primitive/-/unbox-primitive-1.1.0.tgz 9503ms (cache revalidated)
3107 http fetch GET 200 https://registry.npmjs.org/which-typed-array/-/which-typed-array-1.1.20.tgz 9506ms (cache revalidated)
3108 http fetch GET 200 https://registry.npmjs.org/possible-typed-array-names/-/possible-typed-array-names-1.1.0.tgz 9508ms (cache revalidated)
3109 http fetch GET 200 https://registry.npmjs.org/string.prototype.trim/-/string.prototype.trim-1.2.10.tgz 9510ms (cache revalidated)
3110 http fetch GET 200 https://registry.npmjs.org/typed-array-byte-length/-/typed-array-byte-length-1.0.3.tgz 9513ms (cache revalidated)
3111 http fetch GET 200 https://registry.npmjs.org/string.prototype.trimend/-/string.prototype.trimend-1.0.9.tgz 9516ms (cache revalidated)
3112 http fetch GET 200 https://registry.npmjs.org/typed-array-buffer/-/typed-array-buffer-1.0.3.tgz 9518ms (cache revalidated)
3113 http fetch GET 200 https://registry.npmjs.org/language-subtag-registry/-/language-subtag-registry-0.3.23.tgz 9540ms (cache revalidated)
3114 http fetch GET 200 https://registry.npmjs.org/typed-array-byte-offset/-/typed-array-byte-offset-1.0.4.tgz 9533ms (cache revalidated)
3115 http fetch GET 200 https://registry.npmjs.org/functions-have-names/-/functions-have-names-1.2.3.tgz 9539ms (cache revalidated)
3116 http fetch GET 200 https://registry.npmjs.org/safe-push-apply/-/safe-push-apply-1.0.0.tgz 9570ms (cache revalidated)
3117 http fetch GET 200 https://registry.npmjs.org/stop-iteration-iterator/-/stop-iteration-iterator-1.1.0.tgz 9620ms (cache revalidated)
3118 http fetch GET 200 https://registry.npmjs.org/own-keys/-/own-keys-1.0.1.tgz 9818ms (cache revalidated)
3119 http fetch GET 200 https://registry.npmjs.org/string.prototype.trimstart/-/string.prototype.trimstart-1.0.8.tgz 9824ms (cache revalidated)
3120 http fetch GET 200 https://registry.npmjs.org/safe-array-concat/-/safe-array-concat-1.1.4.tgz 9832ms (cache revalidated)
3121 http fetch GET 200 https://registry.npmjs.org/object-inspect/-/object-inspect-1.13.4.tgz 9834ms (cache revalidated)
3122 http fetch GET 200 https://registry.npmjs.org/set-proto/-/set-proto-1.0.0.tgz 9837ms (cache revalidated)
3123 http fetch GET 200 https://registry.npmjs.org/has-tostringtag/-/has-tostringtag-1.0.2.tgz 9843ms (cache revalidated)
3124 http fetch GET 200 https://registry.npmjs.org/object.assign/-/object.assign-4.1.7.tgz 9898ms (cache revalidated)
3125 http fetch GET 200 https://registry.npmjs.org/regexp.prototype.flags/-/regexp.prototype.flags-1.5.4.tgz 9901ms (cache revalidated)
3126 http fetch GET 200 https://registry.npmjs.org/is-set/-/is-set-2.0.3.tgz 9905ms (cache revalidated)
3127 http fetch GET 200 https://registry.npmjs.org/is-shared-array-buffer/-/is-shared-array-buffer-1.0.4.tgz 9908ms (cache revalidated)
3128 http fetch GET 200 https://registry.npmjs.org/is-negative-zero/-/is-negative-zero-2.0.3.tgz 9909ms (cache revalidated)
3129 http fetch GET 200 https://registry.npmjs.org/is-typed-array/-/is-typed-array-1.1.15.tgz 9913ms (cache revalidated)
3130 http fetch GET 200 https://registry.npmjs.org/is-weakref/-/is-weakref-1.1.1.tgz 9914ms (cache revalidated)
3131 http fetch GET 200 https://registry.npmjs.org/is-regex/-/is-regex-1.2.1.tgz 9916ms (cache revalidated)
3132 http fetch GET 200 https://registry.npmjs.org/is-data-view/-/is-data-view-1.0.2.tgz 9917ms (cache revalidated)
3133 http fetch GET 200 https://registry.npmjs.org/is-array-buffer/-/is-array-buffer-3.0.5.tgz 10061ms (cache revalidated)
3134 http fetch GET 200 https://registry.npmjs.org/is-callable/-/is-callable-1.2.7.tgz 10064ms (cache revalidated)
3135 http fetch GET 200 https://registry.npmjs.org/has-proto/-/has-proto-1.2.0.tgz 10065ms (cache revalidated)
3136 http fetch GET 200 https://registry.npmjs.org/internal-slot/-/internal-slot-1.1.0.tgz 10067ms (cache revalidated)
3137 http fetch GET 200 https://registry.npmjs.org/globalthis/-/globalthis-1.0.4.tgz 10078ms (cache revalidated)
3138 http fetch GET 200 https://registry.npmjs.org/has-symbols/-/has-symbols-1.1.0.tgz 10083ms (cache revalidated)
3139 http fetch GET 200 https://registry.npmjs.org/function.prototype.name/-/function.prototype.name-1.1.8.tgz 10094ms (cache revalidated)
3140 http fetch GET 200 https://registry.npmjs.org/data-view-buffer/-/data-view-buffer-1.0.2.tgz 10091ms (cache revalidated)
3141 http fetch GET 200 https://registry.npmjs.org/get-proto/-/get-proto-1.0.1.tgz 10105ms (cache revalidated)
3142 http fetch GET 200 https://registry.npmjs.org/available-typed-arrays/-/available-typed-arrays-1.0.7.tgz 10100ms (cache revalidated)
3143 http fetch GET 200 https://registry.npmjs.org/es-set-tostringtag/-/es-set-tostringtag-2.1.0.tgz 10105ms (cache revalidated)
3144 http fetch GET 200 https://registry.npmjs.org/has-property-descriptors/-/has-property-descriptors-1.0.2.tgz 10106ms (cache revalidated)
3145 http fetch GET 200 https://registry.npmjs.org/gopd/-/gopd-1.2.0.tgz 10108ms (cache revalidated)
3146 http fetch GET 200 https://registry.npmjs.org/arraybuffer.prototype.slice/-/arraybuffer.prototype.slice-1.0.4.tgz 10116ms (cache revalidated)
3147 http fetch GET 200 https://registry.npmjs.org/object-keys/-/object-keys-1.1.1.tgz 10119ms (cache revalidated)
3148 http fetch GET 200 https://registry.npmjs.org/function-bind/-/function-bind-1.1.2.tgz 10400ms (cache revalidated)
3149 http fetch GET 200 https://registry.npmjs.org/data-view-byte-length/-/data-view-byte-length-1.0.2.tgz 10410ms (cache revalidated)
3150 http fetch GET 200 https://registry.npmjs.org/call-bind-apply-helpers/-/call-bind-apply-helpers-1.0.2.tgz 10431ms (cache revalidated)
3151 http fetch GET 200 https://registry.npmjs.org/es-define-property/-/es-define-property-1.0.1.tgz 10436ms (cache revalidated)
3152 http fetch GET 200 https://registry.npmjs.org/set-function-length/-/set-function-length-1.2.2.tgz 10439ms (cache revalidated)
3153 http fetch GET 200 https://registry.npmjs.org/which-boxed-primitive/-/which-boxed-primitive-1.1.1.tgz 10445ms (cache revalidated)
3154 http fetch GET 200 https://registry.npmjs.org/define-data-property/-/define-data-property-1.1.4.tgz 10448ms (cache revalidated)
3155 http fetch GET 200 https://registry.npmjs.org/get-intrinsic/-/get-intrinsic-1.3.0.tgz 10560ms (cache revalidated)
3156 http fetch GET 200 https://registry.npmjs.org/es-shim-unscopables/-/es-shim-unscopables-1.1.0.tgz 10679ms (cache revalidated)
3157 http fetch GET 200 https://registry.npmjs.org/array-buffer-byte-length/-/array-buffer-byte-length-1.0.2.tgz 10684ms (cache revalidated)
3158 http fetch GET 200 https://registry.npmjs.org/math-intrinsics/-/math-intrinsics-1.1.0.tgz 10684ms (cache revalidated)
3159 http fetch GET 200 https://registry.npmjs.org/is-string/-/is-string-1.1.1.tgz 10687ms (cache revalidated)
3160 http fetch GET 200 https://registry.npmjs.org/es-abstract/-/es-abstract-1.24.2.tgz 10814ms (cache revalidated)
3161 http fetch GET 200 https://registry.npmjs.org/call-bound/-/call-bound-1.0.4.tgz 10820ms (cache revalidated)
3162 http fetch GET 200 https://registry.npmjs.org/es-object-atoms/-/es-object-atoms-1.1.1.tgz 10830ms (cache revalidated)
3163 http fetch GET 200 https://registry.npmjs.org/get-symbol-description/-/get-symbol-description-1.1.0.tgz 10950ms (cache revalidated)
3164 http fetch GET 200 https://registry.npmjs.org/define-properties/-/define-properties-1.2.1.tgz 10943ms (cache revalidated)
3165 http fetch GET 200 https://registry.npmjs.org/object.fromentries/-/object.fromentries-2.0.8.tgz 10945ms (cache revalidated)
3166 http fetch GET 200 https://registry.npmjs.org/call-bind/-/call-bind-1.0.9.tgz 10951ms (cache revalidated)
3167 http fetch GET 200 https://registry.npmjs.org/string.prototype.includes/-/string.prototype.includes-2.0.1.tgz 10952ms (cache revalidated)
3168 http fetch GET 200 https://registry.npmjs.org/jsx-ast-utils/-/jsx-ast-utils-3.3.5.tgz 10961ms (cache revalidated)
3169 http fetch GET 200 https://registry.npmjs.org/language-tags/-/language-tags-1.0.9.tgz 10964ms (cache revalidated)
3170 http fetch GET 200 https://registry.npmjs.org/hasown/-/hasown-2.0.3.tgz 11330ms (cache revalidated)
3171 http fetch GET 200 https://registry.npmjs.org/axobject-query/-/axobject-query-4.1.0.tgz 11548ms (cache revalidated)
3172 http fetch GET 200 https://registry.npmjs.org/emoji-regex/-/emoji-regex-9.2.2.tgz 11573ms (cache revalidated)
3173 http fetch GET 200 https://registry.npmjs.org/safe-regex-test/-/safe-regex-test-1.1.0.tgz 11576ms (cache revalidated)
3174 http fetch GET 200 https://registry.npmjs.org/array-includes/-/array-includes-3.1.9.tgz 11574ms (cache revalidated)
3175 http fetch GET 200 https://registry.npmjs.org/damerau-levenshtein/-/damerau-levenshtein-1.0.8.tgz 11578ms (cache revalidated)
3176 http fetch GET 200 https://registry.npmjs.org/is-generator-function/-/is-generator-function-1.1.2.tgz 11573ms (cache revalidated)
3177 http fetch GET 200 https://registry.npmjs.org/array.prototype.flatmap/-/array.prototype.flatmap-1.3.3.tgz 11581ms (cache revalidated)
3178 http fetch GET 200 https://registry.npmjs.org/is-async-function/-/is-async-function-2.1.1.tgz 11577ms (cache revalidated)
3179 http fetch GET 200 https://registry.npmjs.org/async-function/-/async-function-1.0.0.tgz 11591ms (cache revalidated)
3180 http fetch GET 200 https://registry.npmjs.org/ast-types-flow/-/ast-types-flow-0.0.8.tgz 11597ms (cache revalidated)
3181 http fetch GET 200 https://registry.npmjs.org/axe-core/-/axe-core-4.11.3.tgz 11630ms (cache revalidated)
3182 http fetch GET 200 https://registry.npmjs.org/aria-query/-/aria-query-5.3.2.tgz 11637ms (cache revalidated)
3183 http fetch GET 200 https://registry.npmjs.org/is-number-object/-/is-number-object-1.1.1.tgz 11649ms (cache revalidated)
3184 http fetch GET 200 https://registry.npmjs.org/is-boolean-object/-/is-boolean-object-1.2.2.tgz 11651ms (cache revalidated)
3185 http fetch GET 200 https://registry.npmjs.org/is-bigint/-/is-bigint-1.1.0.tgz 11865ms (cache revalidated)
3186 http fetch GET 200 https://registry.npmjs.org/which-builtin-type/-/which-builtin-type-1.2.1.tgz 12066ms (cache revalidated)
3187 http fetch GET 200 https://registry.npmjs.org/minimist/-/minimist-1.2.8.tgz 12078ms (cache revalidated)
3188 http fetch GET 200 https://registry.npmjs.org/for-each/-/for-each-0.3.5.tgz 12082ms (cache revalidated)
3189 http fetch GET 200 https://registry.npmjs.org/data-view-byte-offset/-/data-view-byte-offset-1.0.1.tgz 12109ms (cache revalidated)
3190 http fetch GET 200 https://registry.npmjs.org/side-channel-map/-/side-channel-map-1.0.1.tgz 12101ms (cache revalidated)
3191 http fetch GET 200 https://registry.npmjs.org/side-channel/-/side-channel-1.1.0.tgz 12102ms (cache revalidated)
3192 http fetch GET 200 https://registry.npmjs.org/is-symbol/-/is-symbol-1.1.1.tgz 12103ms (cache revalidated)
3193 http fetch GET 200 https://registry.npmjs.org/which-boxed-primitive/-/which-boxed-primitive-1.1.1.tgz 12112ms (cache revalidated)
3194 http fetch GET 200 https://registry.npmjs.org/dunder-proto/-/dunder-proto-1.0.1.tgz 12109ms (cache revalidated)
3195 http fetch GET 200 https://registry.npmjs.org/side-channel-list/-/side-channel-list-1.0.1.tgz 12112ms (cache revalidated)
3196 http fetch GET 200 https://registry.npmjs.org/is-date-object/-/is-date-object-1.1.0.tgz 12112ms (cache revalidated)
3197 http fetch GET 200 https://registry.npmjs.org/set-function-name/-/set-function-name-2.0.2.tgz 12116ms (cache revalidated)
3198 http fetch GET 200 https://registry.npmjs.org/json5/-/json5-1.0.2.tgz 12130ms (cache revalidated)
3199 http fetch GET 200 https://registry.npmjs.org/reflect.getprototypeof/-/reflect.getprototypeof-1.0.10.tgz 12479ms (cache revalidated)
3200 http fetch GET 200 https://registry.npmjs.org/functions-have-names/-/functions-have-names-1.2.3.tgz 12635ms (cache revalidated)
3201 http fetch GET 200 https://registry.npmjs.org/typed-array-byte-offset/-/typed-array-byte-offset-1.0.4.tgz 12644ms (cache revalidated)
3202 http fetch GET 200 https://registry.npmjs.org/side-channel-weakmap/-/side-channel-weakmap-1.0.2.tgz 12651ms (cache revalidated)
3203 http fetch GET 200 https://registry.npmjs.org/string.prototype.trimstart/-/string.prototype.trimstart-1.0.8.tgz 12648ms (cache revalidated)
3204 http fetch GET 200 https://registry.npmjs.org/possible-typed-array-names/-/possible-typed-array-names-1.1.0.tgz 12652ms (cache revalidated)
3205 http fetch GET 200 https://registry.npmjs.org/which-typed-array/-/which-typed-array-1.1.20.tgz 12657ms (cache revalidated)
3206 http fetch GET 200 https://registry.npmjs.org/unbox-primitive/-/unbox-primitive-1.1.0.tgz 12658ms (cache revalidated)
3207 http fetch GET 200 https://registry.npmjs.org/typed-array-length/-/typed-array-length-1.0.7.tgz 12661ms (cache revalidated)
3208 http fetch GET 200 https://registry.npmjs.org/typed-array-buffer/-/typed-array-buffer-1.0.3.tgz 12664ms (cache revalidated)
3209 http fetch GET 200 https://registry.npmjs.org/own-keys/-/own-keys-1.0.1.tgz 12658ms (cache revalidated)
3210 http fetch GET 200 https://registry.npmjs.org/has-tostringtag/-/has-tostringtag-1.0.2.tgz 12668ms (cache revalidated)
3211 http fetch GET 200 https://registry.npmjs.org/safe-regex-test/-/safe-regex-test-1.1.0.tgz 12667ms (cache revalidated)
3212 http fetch GET 200 https://registry.npmjs.org/typed-array-byte-length/-/typed-array-byte-length-1.0.3.tgz 12674ms (cache revalidated)
3213 http fetch GET 200 https://registry.npmjs.org/string.prototype.trim/-/string.prototype.trim-1.2.10.tgz 12675ms (cache revalidated)
3214 http fetch GET 200 https://registry.npmjs.org/set-proto/-/set-proto-1.0.0.tgz 12964ms (cache revalidated)
3215 http fetch GET 200 https://registry.npmjs.org/object.assign/-/object.assign-4.1.7.tgz 12967ms (cache revalidated)
3216 http fetch GET 200 https://registry.npmjs.org/safe-array-concat/-/safe-array-concat-1.1.4.tgz 12972ms (cache revalidated)
3217 http fetch GET 200 https://registry.npmjs.org/regexp.prototype.flags/-/regexp.prototype.flags-1.5.4.tgz 12975ms (cache revalidated)
3218 http fetch GET 200 https://registry.npmjs.org/object-inspect/-/object-inspect-1.13.4.tgz 13126ms (cache revalidated)
3219 http fetch GET 200 https://registry.npmjs.org/is-shared-array-buffer/-/is-shared-array-buffer-1.0.4.tgz 13128ms (cache revalidated)
3220 http fetch GET 200 https://registry.npmjs.org/is-weakref/-/is-weakref-1.1.1.tgz 13133ms (cache revalidated)
3221 http fetch GET 200 https://registry.npmjs.org/is-set/-/is-set-2.0.3.tgz 13155ms (cache revalidated)
3222 http fetch GET 200 https://registry.npmjs.org/is-typed-array/-/is-typed-array-1.1.15.tgz 13158ms (cache revalidated)
3223 http fetch GET 200 https://registry.npmjs.org/is-negative-zero/-/is-negative-zero-2.0.3.tgz 13145ms (cache revalidated)
3224 http fetch GET 200 https://registry.npmjs.org/internal-slot/-/internal-slot-1.1.0.tgz 13145ms (cache revalidated)
3225 http fetch GET 200 https://registry.npmjs.org/is-data-view/-/is-data-view-1.0.2.tgz 13148ms (cache revalidated)
3226 http fetch GET 200 https://registry.npmjs.org/is-array-buffer/-/is-array-buffer-3.0.5.tgz 13149ms (cache revalidated)
3227 http fetch GET 200 https://registry.npmjs.org/is-regex/-/is-regex-1.2.1.tgz 13153ms (cache revalidated)
3228 http fetch GET 200 https://registry.npmjs.org/is-callable/-/is-callable-1.2.7.tgz 13152ms (cache revalidated)
3229 http fetch GET 200 https://registry.npmjs.org/has-symbols/-/has-symbols-1.1.0.tgz 13467ms (cache revalidated)
3230 http fetch GET 200 https://registry.npmjs.org/es-to-primitive/-/es-to-primitive-1.3.0.tgz 13540ms (cache revalidated)
3231 http fetch GET 200 https://registry.npmjs.org/get-symbol-description/-/get-symbol-description-1.1.0.tgz 13479ms (cache revalidated)
3232 http fetch GET 200 https://registry.npmjs.org/globalthis/-/globalthis-1.0.4.tgz 13481ms (cache revalidated)
3233 http fetch GET 200 https://registry.npmjs.org/has-proto/-/has-proto-1.2.0.tgz 13670ms (cache revalidated)
3234 http fetch GET 200 https://registry.npmjs.org/es-to-primitive/-/es-to-primitive-1.3.0.tgz 13670ms (cache revalidated)
3235 http fetch GET 200 https://registry.npmjs.org/es-set-tostringtag/-/es-set-tostringtag-2.1.0.tgz 13675ms (cache revalidated)
3236 http fetch GET 200 https://registry.npmjs.org/data-view-byte-offset/-/data-view-byte-offset-1.0.1.tgz 13678ms (cache revalidated)
3237 http fetch GET 200 https://registry.npmjs.org/array-buffer-byte-length/-/array-buffer-byte-length-1.0.2.tgz 13677ms (cache revalidated)
3238 http fetch GET 200 https://registry.npmjs.org/data-view-byte-length/-/data-view-byte-length-1.0.2.tgz 13680ms (cache revalidated)
3239 http fetch GET 200 https://registry.npmjs.org/arraybuffer.prototype.slice/-/arraybuffer.prototype.slice-1.0.4.tgz 13681ms (cache revalidated)
3240 http fetch GET 200 https://registry.npmjs.org/safe-push-apply/-/safe-push-apply-1.0.0.tgz 13714ms (cache revalidated)
3241 http fetch GET 200 https://registry.npmjs.org/get-proto/-/get-proto-1.0.1.tgz 13688ms (cache revalidated)
3242 http fetch GET 200 https://registry.npmjs.org/data-view-buffer/-/data-view-buffer-1.0.2.tgz 13690ms (cache revalidated)
3243 http fetch GET 200 https://registry.npmjs.org/stop-iteration-iterator/-/stop-iteration-iterator-1.1.0.tgz 13724ms (cache revalidated)
3244 http fetch GET 200 https://registry.npmjs.org/function.prototype.name/-/function.prototype.name-1.1.8.tgz 13820ms (cache revalidated)
3245 http fetch GET 200 https://registry.npmjs.org/gopd/-/gopd-1.2.0.tgz 13819ms (cache revalidated)
3246 http fetch GET 200 https://registry.npmjs.org/object-keys/-/object-keys-1.1.1.tgz 13820ms (cache revalidated)
3247 http fetch GET 200 https://registry.npmjs.org/available-typed-arrays/-/available-typed-arrays-1.0.7.tgz 13892ms (cache revalidated)
3248 http fetch GET 200 https://registry.npmjs.org/es-define-property/-/es-define-property-1.0.1.tgz 14097ms (cache revalidated)
3249 http fetch GET 200 https://registry.npmjs.org/set-function-length/-/set-function-length-1.2.2.tgz 14100ms (cache revalidated)
3250 http fetch GET 200 https://registry.npmjs.org/es-errors/-/es-errors-1.3.0.tgz 14099ms (cache revalidated)
3251 http fetch GET 200 https://registry.npmjs.org/call-bind-apply-helpers/-/call-bind-apply-helpers-1.0.2.tgz 14103ms (cache revalidated)
