0 verbose cli C:\Program Files\nodejs\node.exe C:\Program Files\nodejs\node_modules\npm\bin\npm-cli.js
1 info using npm@11.9.0
2 info using node@v24.14.0
3 silly config load:file:C:\Program Files\nodejs\node_modules\npm\npmrc
4 silly config load:file:c:\Users\Usuario01\TC-ERP\web\.npmrc
5 silly config load:file:C:\Users\Usuario01\.npmrc
6 silly config load:file:c:\Users\Usuario01\TC-ERP\web\etc\npmrc
7 verbose title npm install
8 verbose argv "--prefix" "c:\\Users\\Usuario01\\TC-ERP\\web" "install" "--cache" "c:\\Users\\Usuario01\\TC-ERP\\web\\.npm-cache" "--prefer-online" "--no-audit" "--no-fund"
9 verbose logfile logs-max:10 dir:c:\Users\Usuario01\TC-ERP\web\.npm-cache\_logs\2026-04-28T22_20_46_304Z-
10 verbose logfile c:\Users\Usuario01\TC-ERP\web\.npm-cache\_logs\2026-04-28T22_20_46_304Z-debug-0.log
11 silly logfile done cleaning log files
12 silly packumentCache heap:4496293888 maxSize:1124073472 maxEntrySize:562036736
13 silly idealTree buildDeps
14 silly fetch manifest @supabase/supabase-js@^2.49.8
15 silly packumentCache full:https://registry.npmjs.org/@supabase%2fsupabase-js cache-miss
16 http fetch GET 200 https://registry.npmjs.org/@supabase%2fsupabase-js 381ms (cache revalidated)
17 silly packumentCache full:https://registry.npmjs.org/@supabase%2fsupabase-js set size:3157386 disposed:false
18 silly fetch manifest next@16.2.4
19 silly packumentCache full:https://registry.npmjs.org/next cache-miss
20 http fetch GET 200 https://registry.npmjs.org/next 278ms (cache revalidated)
21 silly packumentCache full:https://registry.npmjs.org/next set size:30217715 disposed:false
22 silly fetch manifest @opentelemetry/api@^1.1.0
23 silly packumentCache full:https://registry.npmjs.org/@opentelemetry%2fapi cache-miss
24 http fetch GET 200 https://registry.npmjs.org/@opentelemetry%2fapi 131ms (cache revalidated)
25 silly packumentCache full:https://registry.npmjs.org/@opentelemetry%2fapi set size:272855 disposed:false
26 silly fetch manifest @playwright/test@^1.51.1
27 silly packumentCache full:https://registry.npmjs.org/@playwright%2ftest cache-miss
28 http fetch GET 200 https://registry.npmjs.org/@playwright%2ftest 136ms (cache revalidated)
29 silly packumentCache full:https://registry.npmjs.org/@playwright%2ftest set size:9049688 disposed:false
30 silly fetch manifest babel-plugin-react-compiler@*
31 silly packumentCache full:https://registry.npmjs.org/babel-plugin-react-compiler cache-miss
32 http fetch GET 200 https://registry.npmjs.org/babel-plugin-react-compiler 88ms (cache revalidated)
33 silly packumentCache full:https://registry.npmjs.org/babel-plugin-react-compiler set size:1343735 disposed:false
34 silly fetch manifest react@19.2.4
35 silly packumentCache full:https://registry.npmjs.org/react cache-miss
36 http fetch GET 200 https://registry.npmjs.org/react 123ms (cache revalidated)
37 silly packumentCache full:https://registry.npmjs.org/react set size:6629670 disposed:false
38 silly fetch manifest react-dom@19.2.4
39 silly packumentCache full:https://registry.npmjs.org/react-dom cache-miss
40 http fetch GET 200 https://registry.npmjs.org/react-dom 128ms (cache revalidated)
41 silly packumentCache full:https://registry.npmjs.org/react-dom set size:8832788 disposed:false
42 silly fetch manifest sass@^1.3.0
43 silly packumentCache full:https://registry.npmjs.org/sass cache-miss
44 http fetch GET 200 https://registry.npmjs.org/sass 97ms (cache revalidated)
45 silly packumentCache full:https://registry.npmjs.org/sass set size:726244 disposed:false
46 silly fetch manifest @tailwindcss/postcss@^4
47 silly packumentCache full:https://registry.npmjs.org/@tailwindcss%2fpostcss cache-miss
48 http fetch GET 200 https://registry.npmjs.org/@tailwindcss%2fpostcss 115ms (cache revalidated)
49 silly packumentCache full:https://registry.npmjs.org/@tailwindcss%2fpostcss set size:2144808 disposed:false
50 silly fetch manifest @types/node@^20
51 silly packumentCache full:https://registry.npmjs.org/@types%2fnode cache-miss
52 http fetch GET 200 https://registry.npmjs.org/@types%2fnode 137ms (cache revalidated)
53 silly packumentCache full:https://registry.npmjs.org/@types%2fnode set size:10972342 disposed:false
54 silly fetch manifest @types/react@^19
55 silly packumentCache full:https://registry.npmjs.org/@types%2freact cache-miss
56 http fetch GET 200 https://registry.npmjs.org/@types%2freact 119ms (cache revalidated)
57 silly packumentCache full:https://registry.npmjs.org/@types%2freact set size:2588964 disposed:false
58 silly fetch manifest @types/react-dom@^19
59 silly packumentCache full:https://registry.npmjs.org/@types%2freact-dom cache-miss
60 http fetch GET 200 https://registry.npmjs.org/@types%2freact-dom 98ms (cache revalidated)
61 silly packumentCache full:https://registry.npmjs.org/@types%2freact-dom set size:429026 disposed:false
62 silly fetch manifest eslint@^9
63 silly packumentCache full:https://registry.npmjs.org/eslint cache-miss
64 http fetch GET 200 https://registry.npmjs.org/eslint 87ms (cache revalidated)
65 silly packumentCache full:https://registry.npmjs.org/eslint set size:1983515 disposed:false
66 silly fetch manifest jiti@*
67 silly packumentCache full:https://registry.npmjs.org/jiti cache-miss
68 http fetch GET 200 https://registry.npmjs.org/jiti 101ms (cache revalidated)
69 silly packumentCache full:https://registry.npmjs.org/jiti set size:382310 disposed:false
70 silly fetch manifest eslint-config-next@16.2.4
71 silly packumentCache full:https://registry.npmjs.org/eslint-config-next cache-miss
72 http fetch GET 200 https://registry.npmjs.org/eslint-config-next 109ms (cache revalidated)
73 silly packumentCache full:https://registry.npmjs.org/eslint-config-next set size:6617878 disposed:false
74 silly fetch manifest typescript@5.9.3
75 silly packumentCache full:https://registry.npmjs.org/typescript cache-miss
76 http fetch GET 200 https://registry.npmjs.org/typescript 165ms (cache revalidated)
77 silly packumentCache full:https://registry.npmjs.org/typescript set size:15409943 disposed:false
78 silly fetch manifest tailwindcss@^4
79 silly packumentCache full:https://registry.npmjs.org/tailwindcss cache-miss
80 http fetch GET 200 https://registry.npmjs.org/tailwindcss 126ms (cache revalidated)
81 silly packumentCache full:https://registry.npmjs.org/tailwindcss set size:10396621 disposed:false
82 silly placeDep ROOT @supabase/supabase-js@2.105.1 OK for: web@0.1.0 want: ^2.49.8
83 silly placeDep ROOT @tailwindcss/postcss@4.2.4 OK for: web@0.1.0 want: ^4
84 silly placeDep ROOT @types/node@20.19.39 OK for: web@0.1.0 want: ^20
85 silly placeDep ROOT @types/react@19.2.14 OK for: web@0.1.0 want: ^19
86 silly placeDep ROOT @types/react-dom@19.2.3 OK for: web@0.1.0 want: ^19
87 silly placeDep ROOT eslint@9.39.4 OK for: web@0.1.0 want: ^9
88 silly placeDep ROOT eslint-config-next@16.2.4 OK for: web@0.1.0 want: 16.2.4
89 silly placeDep ROOT next@16.2.4 OK for: web@0.1.0 want: 16.2.4
90 silly placeDep ROOT react@19.2.4 OK for: next@16.2.4 want: ^18.2.0 || 19.0.0-rc-de68d2f4-20241204 || ^19.0.0
91 silly placeDep ROOT react-dom@19.2.4 OK for: next@16.2.4 want: ^18.2.0 || 19.0.0-rc-de68d2f4-20241204 || ^19.0.0
92 silly placeDep ROOT tailwindcss@4.2.4 OK for: web@0.1.0 want: ^4
93 silly placeDep ROOT typescript@5.9.3 OK for: web@0.1.0 want: 5.9.3
94 silly fetch manifest @supabase/auth-js@2.105.1
95 silly packumentCache full:https://registry.npmjs.org/@supabase%2fauth-js cache-miss
96 silly fetch manifest @supabase/storage-js@2.105.1
97 silly packumentCache full:https://registry.npmjs.org/@supabase%2fstorage-js cache-miss
98 silly fetch manifest @supabase/realtime-js@2.105.1
99 silly packumentCache full:https://registry.npmjs.org/@supabase%2frealtime-js cache-miss
100 silly fetch manifest @supabase/functions-js@2.105.1
101 silly packumentCache full:https://registry.npmjs.org/@supabase%2ffunctions-js cache-miss
102 silly fetch manifest @supabase/postgrest-js@2.105.1
103 silly packumentCache full:https://registry.npmjs.org/@supabase%2fpostgrest-js cache-miss
104 silly fetch manifest postcss@^8.5.6
105 silly packumentCache full:https://registry.npmjs.org/postcss cache-miss
106 silly fetch manifest tailwindcss@4.2.4
107 silly packumentCache full:https://registry.npmjs.org/tailwindcss cache-miss
108 http fetch GET 200 https://registry.npmjs.org/tailwindcss 119ms (cache revalidated)
109 silly packumentCache full:https://registry.npmjs.org/tailwindcss set size:10396621 disposed:false
110 silly fetch manifest @alloc/quick-lru@^5.2.0
111 silly packumentCache full:https://registry.npmjs.org/@alloc%2fquick-lru cache-miss
112 http fetch GET 200 https://registry.npmjs.org/@alloc%2fquick-lru 116ms (cache revalidated)
113 silly packumentCache full:https://registry.npmjs.org/@alloc%2fquick-lru set size:7269 disposed:false
114 silly fetch manifest @tailwindcss/node@4.2.4
115 silly packumentCache full:https://registry.npmjs.org/@tailwindcss%2fnode cache-miss
116 http fetch GET 200 https://registry.npmjs.org/postcss 337ms (cache revalidated)
117 silly packumentCache full:https://registry.npmjs.org/postcss set size:714272 disposed:false
118 silly fetch manifest @tailwindcss/oxide@4.2.4
119 silly packumentCache full:https://registry.npmjs.org/@tailwindcss%2foxide cache-miss
120 http fetch GET 200 https://registry.npmjs.org/@supabase%2fauth-js 357ms (cache revalidated)
121 silly packumentCache full:https://registry.npmjs.org/@supabase%2fauth-js set size:1240302 disposed:false
122 silly fetch manifest undici-types@~6.21.0
123 silly packumentCache full:https://registry.npmjs.org/undici-types cache-miss
124 http fetch GET 200 https://registry.npmjs.org/@supabase%2frealtime-js 366ms (cache revalidated)
125 silly packumentCache full:https://registry.npmjs.org/@supabase%2frealtime-js set size:1455684 disposed:false
126 silly fetch manifest csstype@^3.2.2
127 silly packumentCache full:https://registry.npmjs.org/csstype cache-miss
128 http fetch GET 200 https://registry.npmjs.org/@supabase%2ffunctions-js 378ms (cache revalidated)
129 silly packumentCache full:https://registry.npmjs.org/@supabase%2ffunctions-js set size:953688 disposed:false
130 silly fetch manifest ajv@^6.14.0
131 silly packumentCache full:https://registry.npmjs.org/ajv cache-miss
132 http fetch GET 200 https://registry.npmjs.org/@supabase%2fstorage-js 397ms (cache revalidated)
133 silly packumentCache full:https://registry.npmjs.org/@supabase%2fstorage-js set size:1203221 disposed:false
134 silly fetch manifest chalk@^4.0.0
135 silly packumentCache full:https://registry.npmjs.org/chalk cache-miss
136 http fetch GET 200 https://registry.npmjs.org/@supabase%2fpostgrest-js 409ms (cache revalidated)
137 silly packumentCache full:https://registry.npmjs.org/@supabase%2fpostgrest-js set size:1616772 disposed:false
138 silly fetch manifest debug@^4.3.2
139 silly packumentCache full:https://registry.npmjs.org/debug cache-miss
140 http fetch GET 200 https://registry.npmjs.org/@tailwindcss%2fnode 211ms (cache revalidated)
141 silly packumentCache full:https://registry.npmjs.org/@tailwindcss%2fnode set size:2013949 disposed:false
142 silly fetch manifest espree@^10.4.0
143 silly packumentCache full:https://registry.npmjs.org/espree cache-miss
144 http fetch GET 200 https://registry.npmjs.org/undici-types 175ms (cache revalidated)
145 silly packumentCache full:https://registry.npmjs.org/undici-types set size:210150 disposed:false
146 silly fetch manifest ignore@^5.2.0
147 silly packumentCache full:https://registry.npmjs.org/ignore cache-miss
148 http fetch GET 200 https://registry.npmjs.org/@tailwindcss%2foxide 209ms (cache revalidated)
149 silly packumentCache full:https://registry.npmjs.org/@tailwindcss%2foxide set size:4265089 disposed:false
150 silly fetch manifest esquery@^1.5.0
151 silly packumentCache full:https://registry.npmjs.org/esquery cache-miss
152 http fetch GET 200 https://registry.npmjs.org/csstype 230ms (cache revalidated)
153 silly packumentCache full:https://registry.npmjs.org/csstype set size:274189 disposed:false
154 silly fetch manifest esutils@^2.0.2
155 silly packumentCache full:https://registry.npmjs.org/esutils cache-miss
156 http fetch GET 200 https://registry.npmjs.org/ajv 227ms (cache revalidated)
157 silly packumentCache full:https://registry.npmjs.org/ajv set size:1142658 disposed:false
158 silly fetch manifest find-up@^5.0.0
159 silly packumentCache full:https://registry.npmjs.org/find-up cache-miss
160 http fetch GET 200 https://registry.npmjs.org/chalk 259ms (cache revalidated)
161 silly packumentCache full:https://registry.npmjs.org/chalk set size:117861 disposed:false
162 silly fetch manifest is-glob@^4.0.0
163 silly packumentCache full:https://registry.npmjs.org/is-glob cache-miss
164 http fetch GET 200 https://registry.npmjs.org/debug 245ms (cache revalidated)
165 silly packumentCache full:https://registry.npmjs.org/debug set size:195840 disposed:false
166 silly fetch manifest minimatch@^3.1.5
167 silly packumentCache full:https://registry.npmjs.org/minimatch cache-miss
168 http fetch GET 200 https://registry.npmjs.org/espree 175ms (cache revalidated)
169 silly packumentCache full:https://registry.npmjs.org/espree set size:326080 disposed:false
170 silly fetch manifest @eslint/js@9.39.4
171 silly packumentCache full:https://registry.npmjs.org/@eslint%2fjs cache-miss
172 http fetch GET 200 https://registry.npmjs.org/esquery 146ms (cache revalidated)
173 silly packumentCache full:https://registry.npmjs.org/esquery set size:48888 disposed:false
174 silly fetch manifest optionator@^0.9.3
175 silly packumentCache full:https://registry.npmjs.org/optionator cache-miss
176 http fetch GET 200 https://registry.npmjs.org/ignore 188ms (cache revalidated)
177 silly packumentCache full:https://registry.npmjs.org/ignore set size:237380 disposed:false
178 silly fetch manifest cross-spawn@^7.0.6
179 silly packumentCache full:https://registry.npmjs.org/cross-spawn cache-miss
180 http fetch GET 200 https://registry.npmjs.org/find-up 112ms (cache revalidated)
181 silly packumentCache full:https://registry.npmjs.org/find-up set size:42620 disposed:false
182 silly fetch manifest glob-parent@^6.0.2
183 silly packumentCache full:https://registry.npmjs.org/glob-parent cache-miss
184 http fetch GET 200 https://registry.npmjs.org/esutils 131ms (cache revalidated)
185 silly packumentCache full:https://registry.npmjs.org/esutils set size:29522 disposed:false
186 silly fetch manifest imurmurhash@^0.1.4
187 silly packumentCache full:https://registry.npmjs.org/imurmurhash cache-miss
188 http fetch GET 200 https://registry.npmjs.org/is-glob 89ms (cache revalidated)
189 silly packumentCache full:https://registry.npmjs.org/is-glob set size:40530 disposed:false
190 silly fetch manifest @eslint/core@^0.17.0
191 silly packumentCache full:https://registry.npmjs.org/@eslint%2fcore cache-miss
192 http fetch GET 200 https://registry.npmjs.org/minimatch 91ms (cache revalidated)
193 silly packumentCache full:https://registry.npmjs.org/minimatch set size:375282 disposed:false
194 silly fetch manifest eslint-scope@^8.4.0
195 silly packumentCache full:https://registry.npmjs.org/eslint-scope cache-miss
196 http fetch GET 200 https://registry.npmjs.org/optionator 100ms (cache revalidated)
197 silly packumentCache full:https://registry.npmjs.org/optionator set size:49651 disposed:false
198 silly fetch manifest lodash.merge@^4.6.2
199 silly packumentCache full:https://registry.npmjs.org/lodash.merge cache-miss
200 http fetch GET 200 https://registry.npmjs.org/cross-spawn 101ms (cache revalidated)
201 silly packumentCache full:https://registry.npmjs.org/cross-spawn set size:109066 disposed:false
202 silly fetch manifest @humanfs/node@^0.16.6
203 silly packumentCache full:https://registry.npmjs.org/@humanfs%2fnode cache-miss
204 http fetch GET 200 https://registry.npmjs.org/imurmurhash 100ms (cache revalidated)
205 silly packumentCache full:https://registry.npmjs.org/imurmurhash set size:35819 disposed:false
206 silly fetch manifest @types/estree@^1.0.6
207 silly packumentCache full:https://registry.npmjs.org/@types%2festree cache-miss
208 http fetch GET 200 https://registry.npmjs.org/@eslint%2fjs 131ms (cache revalidated)
209 silly packumentCache full:https://registry.npmjs.org/@eslint%2fjs set size:140022 disposed:false
210 silly fetch manifest fast-deep-equal@^3.1.3
211 silly packumentCache full:https://registry.npmjs.org/fast-deep-equal cache-miss
212 http fetch GET 200 https://registry.npmjs.org/glob-parent 120ms (cache revalidated)
213 silly packumentCache full:https://registry.npmjs.org/glob-parent set size:42445 disposed:false
214 silly fetch manifest natural-compare@^1.4.0
215 silly packumentCache full:https://registry.npmjs.org/natural-compare cache-miss
216 http fetch GET 200 https://registry.npmjs.org/eslint-scope 103ms (cache revalidated)
217 silly packumentCache full:https://registry.npmjs.org/eslint-scope set size:98867 disposed:false
218 silly fetch manifest @eslint/eslintrc@^3.3.5
219 silly packumentCache full:https://registry.npmjs.org/@eslint%2feslintrc cache-miss
220 http fetch GET 200 https://registry.npmjs.org/@eslint%2fcore 119ms (cache revalidated)
221 silly packumentCache full:https://registry.npmjs.org/@eslint%2fcore set size:58023 disposed:false
222 silly fetch manifest file-entry-cache@^8.0.0
223 silly packumentCache full:https://registry.npmjs.org/file-entry-cache cache-miss
224 http fetch GET 200 https://registry.npmjs.org/lodash.merge 101ms (cache revalidated)
225 silly packumentCache full:https://registry.npmjs.org/lodash.merge set size:78575 disposed:false
226 silly fetch manifest @eslint/plugin-kit@^0.4.1
227 silly packumentCache full:https://registry.npmjs.org/@eslint%2fplugin-kit cache-miss
228 http fetch GET 200 https://registry.npmjs.org/fast-deep-equal 93ms (cache revalidated)
229 silly packumentCache full:https://registry.npmjs.org/fast-deep-equal set size:48634 disposed:false
230 silly fetch manifest eslint-visitor-keys@^4.2.1
231 silly packumentCache full:https://registry.npmjs.org/eslint-visitor-keys cache-miss
232 http fetch GET 200 https://registry.npmjs.org/@humanfs%2fnode 122ms (cache revalidated)
233 silly packumentCache full:https://registry.npmjs.org/@humanfs%2fnode set size:39629 disposed:false
234 silly fetch manifest @eslint/config-array@^0.21.2
235 silly packumentCache full:https://registry.npmjs.org/@eslint%2fconfig-array cache-miss
236 http fetch GET 200 https://registry.npmjs.org/@types%2festree 120ms (cache revalidated)
237 silly packumentCache full:https://registry.npmjs.org/@types%2festree set size:74091 disposed:false
238 silly fetch manifest @humanwhocodes/retry@^0.4.2
239 silly packumentCache full:https://registry.npmjs.org/@humanwhocodes%2fretry cache-miss
240 http fetch GET 200 https://registry.npmjs.org/natural-compare 109ms (cache revalidated)
241 silly packumentCache full:https://registry.npmjs.org/natural-compare set size:7852 disposed:false
242 silly fetch manifest escape-string-regexp@^4.0.0
243 silly packumentCache full:https://registry.npmjs.org/escape-string-regexp cache-miss
244 http fetch GET 200 https://registry.npmjs.org/file-entry-cache 104ms (cache revalidated)
245 silly packumentCache full:https://registry.npmjs.org/file-entry-cache set size:151480 disposed:false
246 silly fetch manifest @eslint/config-helpers@^0.4.2
247 silly packumentCache full:https://registry.npmjs.org/@eslint%2fconfig-helpers cache-miss
248 http fetch GET 200 https://registry.npmjs.org/@eslint%2feslintrc 126ms (cache revalidated)
249 silly packumentCache full:https://registry.npmjs.org/@eslint%2feslintrc set size:168674 disposed:false
250 silly fetch manifest @eslint-community/regexpp@^4.12.1
251 silly packumentCache full:https://registry.npmjs.org/@eslint-community%2fregexpp cache-miss
252 http fetch GET 200 https://registry.npmjs.org/@eslint%2fplugin-kit 100ms (cache revalidated)
253 silly packumentCache full:https://registry.npmjs.org/@eslint%2fplugin-kit set size:73270 disposed:false
254 silly fetch manifest @eslint-community/eslint-utils@^4.8.0
255 silly packumentCache full:https://registry.npmjs.org/@eslint-community%2feslint-utils cache-miss
256 http fetch GET 200 https://registry.npmjs.org/eslint-visitor-keys 92ms (cache revalidated)
257 silly packumentCache full:https://registry.npmjs.org/eslint-visitor-keys set size:69949 disposed:false
258 silly fetch manifest @humanwhocodes/module-importer@^1.0.1
259 silly packumentCache full:https://registry.npmjs.org/@humanwhocodes%2fmodule-importer cache-miss
260 http fetch GET 200 https://registry.npmjs.org/@eslint%2fconfig-array 109ms (cache revalidated)
261 silly packumentCache full:https://registry.npmjs.org/@eslint%2fconfig-array set size:74140 disposed:false
262 silly fetch manifest json-stable-stringify-without-jsonify@^1.0.1
263 silly packumentCache full:https://registry.npmjs.org/json-stable-stringify-without-jsonify cache-miss
264 http fetch GET 200 https://registry.npmjs.org/escape-string-regexp 121ms (cache revalidated)
265 silly packumentCache full:https://registry.npmjs.org/escape-string-regexp set size:22244 disposed:false
266 silly fetch manifest globals@16.4.0
267 silly packumentCache full:https://registry.npmjs.org/globals cache-miss
268 http fetch GET 200 https://registry.npmjs.org/@eslint-community%2fregexpp 100ms (cache revalidated)
269 silly packumentCache full:https://registry.npmjs.org/@eslint-community%2fregexpp set size:106609 disposed:false
270 silly fetch manifest typescript-eslint@^8.46.0
271 silly packumentCache full:https://registry.npmjs.org/typescript-eslint cache-miss
272 http fetch GET 200 https://registry.npmjs.org/@eslint%2fconfig-helpers 122ms (cache revalidated)
273 silly packumentCache full:https://registry.npmjs.org/@eslint%2fconfig-helpers set size:47979 disposed:false
274 silly fetch manifest eslint-plugin-react@^7.37.0
275 silly packumentCache full:https://registry.npmjs.org/eslint-plugin-react cache-miss
276 http fetch GET 200 https://registry.npmjs.org/@eslint-community%2feslint-utils 98ms (cache revalidated)
277 silly packumentCache full:https://registry.npmjs.org/@eslint-community%2feslint-utils set size:93301 disposed:false
278 silly fetch manifest eslint-plugin-import@^2.32.0
279 silly packumentCache full:https://registry.npmjs.org/eslint-plugin-import cache-miss
280 http fetch GET 200 https://registry.npmjs.org/@humanwhocodes%2fretry 174ms (cache revalidated)
281 silly packumentCache full:https://registry.npmjs.org/@humanwhocodes%2fretry set size:42348 disposed:false
282 silly fetch manifest eslint-plugin-jsx-a11y@^6.10.0
283 silly packumentCache full:https://registry.npmjs.org/eslint-plugin-jsx-a11y cache-miss
284 http fetch GET 200 https://registry.npmjs.org/@humanwhocodes%2fmodule-importer 102ms (cache revalidated)
285 silly packumentCache full:https://registry.npmjs.org/@humanwhocodes%2fmodule-importer set size:9516 disposed:false
286 silly fetch manifest @next/eslint-plugin-next@16.2.4
287 silly packumentCache full:https://registry.npmjs.org/@next%2feslint-plugin-next cache-miss
288 http fetch GET 200 https://registry.npmjs.org/json-stable-stringify-without-jsonify 98ms (cache revalidated)
289 silly packumentCache full:https://registry.npmjs.org/json-stable-stringify-without-jsonify set size:5808 disposed:false
290 silly fetch manifest eslint-plugin-react-hooks@^7.0.0
291 silly packumentCache full:https://registry.npmjs.org/eslint-plugin-react-hooks cache-miss
292 http fetch GET 200 https://registry.npmjs.org/globals 99ms (cache revalidated)
293 silly packumentCache full:https://registry.npmjs.org/globals set size:312297 disposed:false
294 silly fetch manifest eslint-import-resolver-node@^0.3.6
295 silly packumentCache full:https://registry.npmjs.org/eslint-import-resolver-node cache-miss
296 http fetch GET 200 https://registry.npmjs.org/eslint-plugin-react 100ms (cache revalidated)
297 silly packumentCache full:https://registry.npmjs.org/eslint-plugin-react set size:646827 disposed:false
298 silly fetch manifest eslint-import-resolver-typescript@^3.5.2
299 silly packumentCache full:https://registry.npmjs.org/eslint-import-resolver-typescript cache-miss
300 http fetch GET 200 https://registry.npmjs.org/typescript-eslint 117ms (cache revalidated)
301 silly packumentCache full:https://registry.npmjs.org/typescript-eslint set size:3891190 disposed:false
302 silly fetch manifest postcss@8.4.31
303 silly packumentCache full:https://registry.npmjs.org/postcss cache-hit
304 silly fetch manifest @next/env@16.2.4
305 silly packumentCache full:https://registry.npmjs.org/@next%2fenv cache-miss
306 http fetch GET 200 https://registry.npmjs.org/eslint-plugin-import 122ms (cache revalidated)
307 silly packumentCache full:https://registry.npmjs.org/eslint-plugin-import set size:484928 disposed:false
308 silly fetch manifest styled-jsx@5.1.6
309 silly packumentCache full:https://registry.npmjs.org/styled-jsx cache-miss
310 http fetch GET 200 https://registry.npmjs.org/eslint-plugin-jsx-a11y 127ms (cache revalidated)
311 silly packumentCache full:https://registry.npmjs.org/eslint-plugin-jsx-a11y set size:280052 disposed:false
312 silly fetch manifest @swc/helpers@0.5.15
313 silly packumentCache full:https://registry.npmjs.org/@swc%2fhelpers cache-miss
314 http fetch GET 200 https://registry.npmjs.org/@next%2feslint-plugin-next 143ms (cache revalidated)
315 silly packumentCache full:https://registry.npmjs.org/@next%2feslint-plugin-next set size:6719286 disposed:false
316 silly fetch manifest caniuse-lite@^1.0.30001579
317 silly packumentCache full:https://registry.npmjs.org/caniuse-lite cache-miss
318 http fetch GET 200 https://registry.npmjs.org/eslint-plugin-react-hooks 165ms (cache revalidated)
319 silly packumentCache full:https://registry.npmjs.org/eslint-plugin-react-hooks set size:7350721 disposed:false
320 silly fetch manifest baseline-browser-mapping@^2.9.19
321 silly packumentCache full:https://registry.npmjs.org/baseline-browser-mapping cache-miss
322 http fetch GET 200 https://registry.npmjs.org/eslint-import-resolver-node 184ms (cache revalidated)
323 silly packumentCache full:https://registry.npmjs.org/eslint-import-resolver-node set size:37178 disposed:false
324 silly fetch manifest sharp@^0.34.5
325 silly packumentCache full:https://registry.npmjs.org/sharp cache-miss
326 http fetch GET 200 https://registry.npmjs.org/eslint-import-resolver-typescript 248ms (cache revalidated)
327 silly packumentCache full:https://registry.npmjs.org/eslint-import-resolver-typescript set size:334387 disposed:false
328 silly fetch manifest @next/swc-darwin-x64@16.2.4
329 silly packumentCache full:https://registry.npmjs.org/@next%2fswc-darwin-x64 cache-miss
330 http fetch GET 200 https://registry.npmjs.org/@next%2fenv 244ms (cache revalidated)
331 silly packumentCache full:https://registry.npmjs.org/@next%2fenv set size:7193070 disposed:false
332 silly fetch manifest @next/swc-darwin-arm64@16.2.4
333 silly packumentCache full:https://registry.npmjs.org/@next%2fswc-darwin-arm64 cache-miss
334 http fetch GET 200 https://registry.npmjs.org/styled-jsx 312ms (cache revalidated)
335 silly packumentCache full:https://registry.npmjs.org/styled-jsx set size:436113 disposed:false
336 silly fetch manifest @next/swc-linux-x64-gnu@16.2.4
337 silly packumentCache full:https://registry.npmjs.org/@next%2fswc-linux-x64-gnu cache-miss
338 http fetch GET 200 https://registry.npmjs.org/baseline-browser-mapping 214ms (cache revalidated)
339 silly packumentCache full:https://registry.npmjs.org/baseline-browser-mapping set size:463617 disposed:false
340 silly fetch manifest @next/swc-linux-x64-musl@16.2.4
341 silly packumentCache full:https://registry.npmjs.org/@next%2fswc-linux-x64-musl cache-miss
342 http fetch GET 200 https://registry.npmjs.org/@swc%2fhelpers 319ms (cache revalidated)
343 silly packumentCache full:https://registry.npmjs.org/@swc%2fhelpers set size:726705 disposed:false
344 silly fetch manifest @next/swc-win32-x64-msvc@16.2.4
345 silly packumentCache full:https://registry.npmjs.org/@next%2fswc-win32-x64-msvc cache-miss
346 http fetch GET 200 https://registry.npmjs.org/sharp 220ms (cache revalidated)
347 silly packumentCache full:https://registry.npmjs.org/sharp set size:1072564 disposed:false
348 silly fetch manifest @next/swc-linux-arm64-gnu@16.2.4
349 silly packumentCache full:https://registry.npmjs.org/@next%2fswc-linux-arm64-gnu cache-miss
350 http fetch GET 200 https://registry.npmjs.org/caniuse-lite 301ms (cache revalidated)
351 silly packumentCache full:https://registry.npmjs.org/caniuse-lite set size:2289092 disposed:false
352 silly fetch manifest @next/swc-linux-arm64-musl@16.2.4
353 silly packumentCache full:https://registry.npmjs.org/@next%2fswc-linux-arm64-musl cache-miss
354 http fetch GET 200 https://registry.npmjs.org/@next%2fswc-darwin-x64 180ms (cache revalidated)
355 silly packumentCache full:https://registry.npmjs.org/@next%2fswc-darwin-x64 set size:5151885 disposed:false
356 silly fetch manifest @next/swc-win32-arm64-msvc@16.2.4
357 silly packumentCache full:https://registry.npmjs.org/@next%2fswc-win32-arm64-msvc cache-miss
358 http fetch GET 200 https://registry.npmjs.org/@next%2fswc-darwin-arm64 225ms (cache revalidated)
359 silly packumentCache full:https://registry.npmjs.org/@next%2fswc-darwin-arm64 set size:5208267 disposed:false
360 silly fetch manifest scheduler@^0.27.0
361 silly packumentCache full:https://registry.npmjs.org/scheduler cache-miss
362 http fetch GET 200 https://registry.npmjs.org/@next%2fswc-linux-arm64-musl 249ms (cache revalidated)
363 silly packumentCache full:https://registry.npmjs.org/@next%2fswc-linux-arm64-musl set size:5077550 disposed:false
364 http fetch GET 200 https://registry.npmjs.org/@next%2fswc-linux-x64-gnu 348ms (cache revalidated)
365 silly packumentCache full:https://registry.npmjs.org/@next%2fswc-linux-x64-gnu set size:5256884 disposed:false
366 http fetch GET 200 https://registry.npmjs.org/@next%2fswc-win32-x64-msvc 370ms (cache revalidated)
367 silly packumentCache full:https://registry.npmjs.org/@next%2fswc-win32-x64-msvc set size:5229072 disposed:false
368 http fetch GET 200 https://registry.npmjs.org/@next%2fswc-linux-arm64-gnu 408ms (cache revalidated)
369 silly packumentCache full:https://registry.npmjs.org/@next%2fswc-linux-arm64-gnu set size:5059863 disposed:false
370 http fetch GET 200 https://registry.npmjs.org/@next%2fswc-win32-arm64-msvc 413ms (cache revalidated)
371 silly packumentCache full:https://registry.npmjs.org/@next%2fswc-win32-arm64-msvc set size:5042044 disposed:false
372 http fetch GET 200 https://registry.npmjs.org/@next%2fswc-linux-x64-musl 534ms (cache revalidated)
373 silly packumentCache full:https://registry.npmjs.org/@next%2fswc-linux-x64-musl set size:5013006 disposed:false
374 http fetch GET 200 https://registry.npmjs.org/scheduler 418ms (cache revalidated)
375 silly packumentCache full:https://registry.npmjs.org/scheduler set size:5493219 disposed:false
376 silly placeDep ROOT @supabase/auth-js@2.105.1 OK for: @supabase/supabase-js@2.105.1 want: 2.105.1
377 silly placeDep ROOT @supabase/functions-js@2.105.1 OK for: @supabase/supabase-js@2.105.1 want: 2.105.1
378 silly placeDep ROOT @supabase/postgrest-js@2.105.1 OK for: @supabase/supabase-js@2.105.1 want: 2.105.1
379 silly placeDep ROOT @supabase/realtime-js@2.105.1 OK for: @supabase/supabase-js@2.105.1 want: 2.105.1
380 silly placeDep ROOT @supabase/storage-js@2.105.1 OK for: @supabase/supabase-js@2.105.1 want: 2.105.1
381 silly fetch manifest tslib@2.8.1
382 silly packumentCache full:https://registry.npmjs.org/tslib cache-miss
383 silly fetch manifest tslib@2.8.1
384 silly packumentCache full:https://registry.npmjs.org/tslib cache-miss
385 silly fetch manifest tslib@2.8.1
386 silly packumentCache full:https://registry.npmjs.org/tslib cache-miss
387 silly fetch manifest ws@^8.18.2
388 silly packumentCache full:https://registry.npmjs.org/ws cache-miss
389 silly fetch manifest tslib@2.8.1
390 silly packumentCache full:https://registry.npmjs.org/tslib cache-miss
391 silly fetch manifest @types/ws@^8.18.1
392 silly packumentCache full:https://registry.npmjs.org/@types%2fws cache-miss
393 silly fetch manifest @supabase/phoenix@^0.4.1
394 silly packumentCache full:https://registry.npmjs.org/@supabase%2fphoenix cache-miss
395 http fetch GET 200 https://registry.npmjs.org/tslib 147ms (cache revalidated)
396 silly packumentCache full:https://registry.npmjs.org/tslib set size:108760 disposed:false
397 silly fetch manifest iceberg-js@^0.8.1
398 silly packumentCache full:https://registry.npmjs.org/iceberg-js cache-miss
399 http fetch GET 200 https://registry.npmjs.org/tslib 155ms (cache revalidated)
400 silly packumentCache full:https://registry.npmjs.org/tslib set size:108760 disposed:false
401 silly packumentCache full:https://registry.npmjs.org/tslib dispose
402 http fetch GET 200 https://registry.npmjs.org/tslib 164ms (cache revalidated)
403 silly packumentCache full:https://registry.npmjs.org/tslib set size:108760 disposed:true
404 silly packumentCache full:https://registry.npmjs.org/tslib dispose
405 http fetch GET 200 https://registry.npmjs.org/ws 171ms (cache revalidated)
406 silly packumentCache full:https://registry.npmjs.org/ws set size:415737 disposed:false
407 http fetch GET 200 https://registry.npmjs.org/tslib 184ms (cache revalidated)
408 silly packumentCache full:https://registry.npmjs.org/tslib set size:108760 disposed:true
409 silly packumentCache full:https://registry.npmjs.org/tslib dispose
410 http fetch GET 200 https://registry.npmjs.org/@types%2fws 187ms (cache revalidated)
411 silly packumentCache full:https://registry.npmjs.org/@types%2fws set size:167959 disposed:false
412 http fetch GET 200 https://registry.npmjs.org/@supabase%2fphoenix 192ms (cache revalidated)
413 silly packumentCache full:https://registry.npmjs.org/@supabase%2fphoenix set size:21908 disposed:false
414 http fetch GET 200 https://registry.npmjs.org/iceberg-js 128ms (cache revalidated)
415 silly packumentCache full:https://registry.npmjs.org/iceberg-js set size:32835 disposed:false
416 silly placeDep ROOT tslib@2.8.1 OK for: @supabase/auth-js@2.105.1 want: 2.8.1
417 silly fetch manifest bufferutil@^4.0.1
418 silly packumentCache full:https://registry.npmjs.org/bufferutil cache-miss
419 http fetch GET 200 https://registry.npmjs.org/bufferutil 86ms (cache revalidated)
420 silly packumentCache full:https://registry.npmjs.org/bufferutil set size:52763 disposed:false
421 silly fetch manifest utf-8-validate@>=5.0.2
422 silly packumentCache full:https://registry.npmjs.org/utf-8-validate cache-miss
423 http fetch GET 200 https://registry.npmjs.org/utf-8-validate 91ms (cache revalidated)
424 silly packumentCache full:https://registry.npmjs.org/utf-8-validate set size:77148 disposed:false
425 silly placeDep ROOT @supabase/phoenix@0.4.1 OK for: @supabase/realtime-js@2.105.1 want: ^0.4.1
426 silly placeDep ROOT @types/ws@8.18.1 OK for: @supabase/realtime-js@2.105.1 want: ^8.18.1
427 silly placeDep ROOT ws@8.20.0 OK for: @supabase/realtime-js@2.105.1 want: ^8.18.2
428 silly placeDep ROOT iceberg-js@0.8.1 OK for: @supabase/storage-js@2.105.1 want: ^0.8.1
429 silly placeDep ROOT @alloc/quick-lru@5.2.0 OK for: @tailwindcss/postcss@4.2.4 want: ^5.2.0
430 silly placeDep ROOT @tailwindcss/node@4.2.4 OK for: @tailwindcss/postcss@4.2.4 want: 4.2.4
431 silly placeDep ROOT @tailwindcss/oxide@4.2.4 OK for: @tailwindcss/postcss@4.2.4 want: 4.2.4
432 silly placeDep ROOT postcss@8.5.12 OK for: @tailwindcss/postcss@4.2.4 want: ^8.5.6
433 silly fetch manifest jiti@^2.6.1
434 silly packumentCache full:https://registry.npmjs.org/jiti cache-hit
435 silly fetch manifest lightningcss@1.32.0
436 silly packumentCache full:https://registry.npmjs.org/lightningcss cache-miss
437 silly fetch manifest magic-string@^0.30.21
438 silly packumentCache full:https://registry.npmjs.org/magic-string cache-miss
439 silly fetch manifest source-map-js@^1.2.1
440 silly packumentCache full:https://registry.npmjs.org/source-map-js cache-miss
441 silly fetch manifest enhanced-resolve@^5.19.0
442 silly packumentCache full:https://registry.npmjs.org/enhanced-resolve cache-miss
443 silly fetch manifest @jridgewell/remapping@^2.3.5
444 silly packumentCache full:https://registry.npmjs.org/@jridgewell%2fremapping cache-miss
445 silly fetch manifest @tailwindcss/oxide-darwin-x64@4.2.4
446 silly packumentCache full:https://registry.npmjs.org/@tailwindcss%2foxide-darwin-x64 cache-miss
447 silly fetch manifest @tailwindcss/oxide-freebsd-x64@4.2.4
448 silly packumentCache full:https://registry.npmjs.org/@tailwindcss%2foxide-freebsd-x64 cache-miss
449 http fetch GET 200 https://registry.npmjs.org/source-map-js 100ms (cache revalidated)
450 silly packumentCache full:https://registry.npmjs.org/source-map-js set size:62640 disposed:false
451 silly fetch manifest @tailwindcss/oxide-wasm32-wasi@4.2.4
452 silly packumentCache full:https://registry.npmjs.org/@tailwindcss%2foxide-wasm32-wasi cache-miss
453 http fetch GET 200 https://registry.npmjs.org/lightningcss 110ms (cache revalidated)
454 silly packumentCache full:https://registry.npmjs.org/lightningcss set size:186753 disposed:false
455 silly fetch manifest @tailwindcss/oxide-darwin-arm64@4.2.4
456 silly packumentCache full:https://registry.npmjs.org/@tailwindcss%2foxide-darwin-arm64 cache-miss
457 http fetch GET 200 https://registry.npmjs.org/enhanced-resolve 117ms (cache revalidated)
458 silly packumentCache full:https://registry.npmjs.org/enhanced-resolve set size:406072 disposed:false
459 silly fetch manifest @tailwindcss/oxide-android-arm64@4.2.4
460 silly packumentCache full:https://registry.npmjs.org/@tailwindcss%2foxide-android-arm64 cache-miss
461 http fetch GET 200 https://registry.npmjs.org/magic-string 141ms (cache revalidated)
462 silly packumentCache full:https://registry.npmjs.org/magic-string set size:331817 disposed:false
463 silly fetch manifest @tailwindcss/oxide-linux-x64-gnu@4.2.4
464 silly packumentCache full:https://registry.npmjs.org/@tailwindcss%2foxide-linux-x64-gnu cache-miss
465 http fetch GET 200 https://registry.npmjs.org/@tailwindcss%2foxide-freebsd-x64 185ms (cache revalidated)
466 silly packumentCache full:https://registry.npmjs.org/@tailwindcss%2foxide-freebsd-x64 set size:2698291 disposed:false
467 silly fetch manifest @tailwindcss/oxide-linux-x64-musl@4.2.4
468 silly packumentCache full:https://registry.npmjs.org/@tailwindcss%2foxide-linux-x64-musl cache-miss
469 http fetch GET 200 https://registry.npmjs.org/@jridgewell%2fremapping 237ms (cache revalidated)
470 silly packumentCache full:https://registry.npmjs.org/@jridgewell%2fremapping set size:23809 disposed:false
471 silly fetch manifest @tailwindcss/oxide-win32-x64-msvc@4.2.4
472 silly packumentCache full:https://registry.npmjs.org/@tailwindcss%2foxide-win32-x64-msvc cache-miss
473 http fetch GET 200 https://registry.npmjs.org/@tailwindcss%2foxide-darwin-x64 252ms (cache revalidated)
474 silly packumentCache full:https://registry.npmjs.org/@tailwindcss%2foxide-darwin-x64 set size:2684740 disposed:false
475 silly fetch manifest @tailwindcss/oxide-linux-arm64-gnu@4.2.4
476 silly packumentCache full:https://registry.npmjs.org/@tailwindcss%2foxide-linux-arm64-gnu cache-miss
477 http fetch GET 200 https://registry.npmjs.org/@tailwindcss%2foxide-wasm32-wasi 195ms (cache revalidated)
478 silly packumentCache full:https://registry.npmjs.org/@tailwindcss%2foxide-wasm32-wasi set size:1257551 disposed:false
479 silly fetch manifest @tailwindcss/oxide-linux-arm64-musl@4.2.4
480 silly packumentCache full:https://registry.npmjs.org/@tailwindcss%2foxide-linux-arm64-musl cache-miss
481 http fetch GET 200 https://registry.npmjs.org/@tailwindcss%2foxide-android-arm64 263ms (cache revalidated)
482 silly packumentCache full:https://registry.npmjs.org/@tailwindcss%2foxide-android-arm64 set size:1857825 disposed:false
483 silly fetch manifest @tailwindcss/oxide-win32-arm64-msvc@4.2.4
484 silly packumentCache full:https://registry.npmjs.org/@tailwindcss%2foxide-win32-arm64-msvc cache-miss
485 http fetch GET 200 https://registry.npmjs.org/@tailwindcss%2foxide-darwin-arm64 306ms (cache revalidated)
486 silly packumentCache full:https://registry.npmjs.org/@tailwindcss%2foxide-darwin-arm64 set size:2718196 disposed:false
487 silly fetch manifest @tailwindcss/oxide-linux-arm-gnueabihf@4.2.4
488 silly packumentCache full:https://registry.npmjs.org/@tailwindcss%2foxide-linux-arm-gnueabihf cache-miss
489 http fetch GET 200 https://registry.npmjs.org/@tailwindcss%2foxide-win32-x64-msvc 239ms (cache revalidated)
490 silly packumentCache full:https://registry.npmjs.org/@tailwindcss%2foxide-win32-x64-msvc set size:2722661 disposed:false
491 silly fetch manifest nanoid@^3.3.11
492 silly packumentCache full:https://registry.npmjs.org/nanoid cache-miss
493 http fetch GET 200 https://registry.npmjs.org/@tailwindcss%2foxide-linux-x64-gnu 367ms (cache revalidated)
494 silly packumentCache full:https://registry.npmjs.org/@tailwindcss%2foxide-linux-x64-gnu set size:2740039 disposed:false
495 silly fetch manifest picocolors@^1.1.1
496 silly packumentCache full:https://registry.npmjs.org/picocolors cache-miss
497 http fetch GET 200 https://registry.npmjs.org/@tailwindcss%2foxide-linux-x64-musl 327ms (cache revalidated)
498 silly packumentCache full:https://registry.npmjs.org/@tailwindcss%2foxide-linux-x64-musl set size:2748147 disposed:false
499 http fetch GET 200 https://registry.npmjs.org/@tailwindcss%2foxide-linux-arm64-gnu 286ms (cache revalidated)
500 silly packumentCache full:https://registry.npmjs.org/@tailwindcss%2foxide-linux-arm64-gnu set size:2764583 disposed:false
501 http fetch GET 200 https://registry.npmjs.org/@tailwindcss%2foxide-linux-arm64-musl 292ms (cache revalidated)
502 silly packumentCache full:https://registry.npmjs.org/@tailwindcss%2foxide-linux-arm64-musl set size:2774949 disposed:false
503 http fetch GET 200 https://registry.npmjs.org/@tailwindcss%2foxide-win32-arm64-msvc 277ms (cache revalidated)
504 silly packumentCache full:https://registry.npmjs.org/@tailwindcss%2foxide-win32-arm64-msvc set size:1831626 disposed:false
505 http fetch GET 200 https://registry.npmjs.org/@tailwindcss%2foxide-linux-arm-gnueabihf 265ms (cache revalidated)
506 silly packumentCache full:https://registry.npmjs.org/@tailwindcss%2foxide-linux-arm-gnueabihf set size:2788112 disposed:false
507 http fetch GET 200 https://registry.npmjs.org/picocolors 188ms (cache revalidated)
508 silly packumentCache full:https://registry.npmjs.org/picocolors set size:16648 disposed:false
509 http fetch GET 200 https://registry.npmjs.org/nanoid 232ms (cache revalidated)
510 silly packumentCache full:https://registry.npmjs.org/nanoid set size:304025 disposed:false
511 silly placeDep ROOT @jridgewell/remapping@2.3.5 OK for: @tailwindcss/node@4.2.4 want: ^2.3.5
512 silly placeDep ROOT enhanced-resolve@5.21.0 OK for: @tailwindcss/node@4.2.4 want: ^5.19.0
513 silly placeDep ROOT jiti@2.6.1 OK for: @tailwindcss/node@4.2.4 want: ^2.6.1
514 silly placeDep ROOT lightningcss@1.32.0 OK for: @tailwindcss/node@4.2.4 want: 1.32.0
515 silly placeDep ROOT magic-string@0.30.21 OK for: @tailwindcss/node@4.2.4 want: ^0.30.21
516 silly placeDep ROOT source-map-js@1.2.1 OK for: @tailwindcss/node@4.2.4 want: ^1.2.1
517 silly fetch manifest @jridgewell/gen-mapping@^0.3.5
518 silly packumentCache full:https://registry.npmjs.org/@jridgewell%2fgen-mapping cache-miss
519 silly fetch manifest @jridgewell/trace-mapping@^0.3.24
520 silly packumentCache full:https://registry.npmjs.org/@jridgewell%2ftrace-mapping cache-miss
521 silly fetch manifest graceful-fs@^4.2.4
522 silly packumentCache full:https://registry.npmjs.org/graceful-fs cache-miss
523 silly fetch manifest tapable@^2.3.3
524 silly packumentCache full:https://registry.npmjs.org/tapable cache-miss
525 silly fetch manifest detect-libc@^2.0.3
526 silly packumentCache full:https://registry.npmjs.org/detect-libc cache-miss
527 silly fetch manifest lightningcss-darwin-x64@1.32.0
528 silly packumentCache full:https://registry.npmjs.org/lightningcss-darwin-x64 cache-miss
529 silly fetch manifest lightningcss-linux-x64-gnu@1.32.0
530 silly packumentCache full:https://registry.npmjs.org/lightningcss-linux-x64-gnu cache-miss
531 http fetch GET 200 https://registry.npmjs.org/detect-libc 95ms (cache revalidated)
532 silly packumentCache full:https://registry.npmjs.org/detect-libc set size:47861 disposed:false
533 silly fetch manifest lightningcss-win32-x64-msvc@1.32.0
534 silly packumentCache full:https://registry.npmjs.org/lightningcss-win32-x64-msvc cache-miss
535 http fetch GET 200 https://registry.npmjs.org/graceful-fs 98ms (cache revalidated)
536 silly packumentCache full:https://registry.npmjs.org/graceful-fs set size:124285 disposed:false
537 silly fetch manifest lightningcss-win32-arm64-msvc@1.32.0
538 silly packumentCache full:https://registry.npmjs.org/lightningcss-win32-arm64-msvc cache-miss
539 http fetch GET 200 https://registry.npmjs.org/tapable 101ms (cache revalidated)
540 silly packumentCache full:https://registry.npmjs.org/tapable set size:141233 disposed:false
541 silly fetch manifest lightningcss-darwin-arm64@1.32.0
542 silly packumentCache full:https://registry.npmjs.org/lightningcss-darwin-arm64 cache-miss
543 http fetch GET 200 https://registry.npmjs.org/lightningcss-darwin-x64 109ms (cache revalidated)
544 silly packumentCache full:https://registry.npmjs.org/lightningcss-darwin-x64 set size:78694 disposed:false
545 silly fetch manifest lightningcss-linux-arm64-gnu@1.32.0
546 silly packumentCache full:https://registry.npmjs.org/lightningcss-linux-arm64-gnu cache-miss
547 http fetch GET 200 https://registry.npmjs.org/@jridgewell%2fgen-mapping 118ms (cache revalidated)
548 silly packumentCache full:https://registry.npmjs.org/@jridgewell%2fgen-mapping set size:80719 disposed:false
549 silly fetch manifest lightningcss-linux-arm-gnueabihf@1.32.0
550 silly packumentCache full:https://registry.npmjs.org/lightningcss-linux-arm-gnueabihf cache-miss
551 http fetch GET 200 https://registry.npmjs.org/lightningcss-linux-x64-gnu 119ms (cache revalidated)
552 silly packumentCache full:https://registry.npmjs.org/lightningcss-linux-x64-gnu set size:80105 disposed:false
553 silly fetch manifest lightningcss-linux-arm64-musl@1.32.0
554 silly packumentCache full:https://registry.npmjs.org/lightningcss-linux-arm64-musl cache-miss
555 http fetch GET 200 https://registry.npmjs.org/@jridgewell%2ftrace-mapping 122ms (cache revalidated)
556 silly packumentCache full:https://registry.npmjs.org/@jridgewell%2ftrace-mapping set size:170909 disposed:false
557 silly fetch manifest lightningcss-linux-x64-musl@1.32.0
558 silly packumentCache full:https://registry.npmjs.org/lightningcss-linux-x64-musl cache-miss
559 http fetch GET 200 https://registry.npmjs.org/lightningcss-darwin-arm64 107ms (cache revalidated)
560 silly packumentCache full:https://registry.npmjs.org/lightningcss-darwin-arm64 set size:79276 disposed:false
561 silly fetch manifest lightningcss-freebsd-x64@1.32.0
562 silly packumentCache full:https://registry.npmjs.org/lightningcss-freebsd-x64 cache-miss
563 http fetch GET 200 https://registry.npmjs.org/lightningcss-win32-x64-msvc 115ms (cache revalidated)
564 silly packumentCache full:https://registry.npmjs.org/lightningcss-win32-x64-msvc set size:79645 disposed:false
565 silly fetch manifest lightningcss-android-arm64@1.32.0
566 silly packumentCache full:https://registry.npmjs.org/lightningcss-android-arm64 cache-miss
567 http fetch GET 200 https://registry.npmjs.org/lightningcss-win32-arm64-msvc 118ms (cache revalidated)
568 silly packumentCache full:https://registry.npmjs.org/lightningcss-win32-arm64-msvc set size:26629 disposed:false
569 silly fetch manifest @jridgewell/sourcemap-codec@^1.5.5
570 silly packumentCache full:https://registry.npmjs.org/@jridgewell%2fsourcemap-codec cache-miss
571 http fetch GET 200 https://registry.npmjs.org/lightningcss-linux-arm64-musl 105ms (cache revalidated)
572 silly packumentCache full:https://registry.npmjs.org/lightningcss-linux-arm64-musl set size:80887 disposed:false
573 http fetch GET 200 https://registry.npmjs.org/lightningcss-linux-arm-gnueabihf 109ms (cache revalidated)
574 silly packumentCache full:https://registry.npmjs.org/lightningcss-linux-arm-gnueabihf set size:80903 disposed:false
575 http fetch GET 200 https://registry.npmjs.org/lightningcss-linux-x64-musl 103ms (cache revalidated)
576 silly packumentCache full:https://registry.npmjs.org/lightningcss-linux-x64-musl set size:80313 disposed:false
577 http fetch GET 200 https://registry.npmjs.org/lightningcss-linux-arm64-gnu 116ms (cache revalidated)
578 silly packumentCache full:https://registry.npmjs.org/lightningcss-linux-arm64-gnu set size:80669 disposed:false
579 http fetch GET 200 https://registry.npmjs.org/lightningcss-freebsd-x64 101ms (cache revalidated)
580 silly packumentCache full:https://registry.npmjs.org/lightningcss-freebsd-x64 set size:42877 disposed:false
581 http fetch GET 200 https://registry.npmjs.org/lightningcss-android-arm64 114ms (cache revalidated)
582 silly packumentCache full:https://registry.npmjs.org/lightningcss-android-arm64 set size:7671 disposed:false
583 http fetch GET 200 https://registry.npmjs.org/@jridgewell%2fsourcemap-codec 118ms (cache revalidated)
584 silly packumentCache full:https://registry.npmjs.org/@jridgewell%2fsourcemap-codec set size:59275 disposed:false
585 silly placeDep ROOT @jridgewell/gen-mapping@0.3.13 OK for: @jridgewell/remapping@2.3.5 want: ^0.3.5
586 silly placeDep ROOT @jridgewell/trace-mapping@0.3.31 OK for: @jridgewell/remapping@2.3.5 want: ^0.3.24
587 silly fetch manifest @jridgewell/sourcemap-codec@^1.5.0
588 silly packumentCache full:https://registry.npmjs.org/@jridgewell%2fsourcemap-codec cache-hit
589 silly fetch manifest @jridgewell/resolve-uri@^3.1.0
590 silly packumentCache full:https://registry.npmjs.org/@jridgewell%2fresolve-uri cache-miss
591 silly fetch manifest @jridgewell/sourcemap-codec@^1.4.14
592 silly packumentCache full:https://registry.npmjs.org/@jridgewell%2fsourcemap-codec cache-hit
593 http fetch GET 200 https://registry.npmjs.org/@jridgewell%2fresolve-uri 102ms (cache revalidated)
594 silly packumentCache full:https://registry.npmjs.org/@jridgewell%2fresolve-uri set size:57361 disposed:false
595 silly placeDep ROOT @jridgewell/sourcemap-codec@1.5.5 OK for: @jridgewell/gen-mapping@0.3.13 want: ^1.5.0
596 silly placeDep ROOT @jridgewell/resolve-uri@3.1.2 OK for: @jridgewell/trace-mapping@0.3.31 want: ^3.1.0
597 silly placeDep ROOT @tailwindcss/oxide-android-arm64@4.2.4 OK for: @tailwindcss/oxide@4.2.4 want: 4.2.4
598 silly placeDep ROOT @tailwindcss/oxide-darwin-arm64@4.2.4 OK for: @tailwindcss/oxide@4.2.4 want: 4.2.4
599 silly placeDep ROOT @tailwindcss/oxide-darwin-x64@4.2.4 OK for: @tailwindcss/oxide@4.2.4 want: 4.2.4
600 silly placeDep ROOT @tailwindcss/oxide-freebsd-x64@4.2.4 OK for: @tailwindcss/oxide@4.2.4 want: 4.2.4
601 silly placeDep ROOT @tailwindcss/oxide-linux-arm-gnueabihf@4.2.4 OK for: @tailwindcss/oxide@4.2.4 want: 4.2.4
602 silly placeDep ROOT @tailwindcss/oxide-linux-arm64-gnu@4.2.4 OK for: @tailwindcss/oxide@4.2.4 want: 4.2.4
603 silly placeDep ROOT @tailwindcss/oxide-linux-arm64-musl@4.2.4 OK for: @tailwindcss/oxide@4.2.4 want: 4.2.4
604 silly placeDep ROOT @tailwindcss/oxide-linux-x64-gnu@4.2.4 OK for: @tailwindcss/oxide@4.2.4 want: 4.2.4
605 silly placeDep ROOT @tailwindcss/oxide-linux-x64-musl@4.2.4 OK for: @tailwindcss/oxide@4.2.4 want: 4.2.4
606 silly placeDep ROOT @tailwindcss/oxide-wasm32-wasi@4.2.4 OK for: @tailwindcss/oxide@4.2.4 want: 4.2.4
607 silly placeDep ROOT @tailwindcss/oxide-win32-arm64-msvc@4.2.4 OK for: @tailwindcss/oxide@4.2.4 want: 4.2.4
608 silly placeDep ROOT @tailwindcss/oxide-win32-x64-msvc@4.2.4 OK for: @tailwindcss/oxide@4.2.4 want: 4.2.4
609 silly placeDep ROOT undici-types@6.21.0 OK for: @types/node@20.19.39 want: ~6.21.0
610 silly placeDep ROOT csstype@3.2.3 OK for: @types/react@19.2.14 want: ^3.2.2
611 silly placeDep ROOT graceful-fs@4.2.11 OK for: enhanced-resolve@5.21.0 want: ^4.2.4
612 silly placeDep ROOT tapable@2.3.3 OK for: enhanced-resolve@5.21.0 want: ^2.3.3
613 silly fetch manifest eslint@^6.0.0 || ^7.0.0 || >=8.0.0
614 silly packumentCache full:https://registry.npmjs.org/eslint cache-miss
615 http fetch GET 200 https://registry.npmjs.org/eslint 91ms (cache revalidated)
616 silly packumentCache full:https://registry.npmjs.org/eslint set size:1983515 disposed:false
617 silly placeDep ROOT @eslint-community/eslint-utils@4.9.1 OK for: eslint@9.39.4 want: ^4.8.0
618 silly placeDep ROOT @eslint-community/regexpp@4.12.2 OK for: eslint@9.39.4 want: ^4.12.1
619 silly placeDep ROOT @eslint/config-array@0.21.2 OK for: eslint@9.39.4 want: ^0.21.2
620 silly placeDep ROOT @eslint/config-helpers@0.4.2 OK for: eslint@9.39.4 want: ^0.4.2
621 silly placeDep ROOT @eslint/core@0.17.0 OK for: eslint@9.39.4 want: ^0.17.0
622 silly placeDep ROOT @eslint/eslintrc@3.3.5 OK for: eslint@9.39.4 want: ^3.3.5
623 silly placeDep ROOT @eslint/js@9.39.4 OK for: eslint@9.39.4 want: 9.39.4
624 silly placeDep ROOT @eslint/plugin-kit@0.4.1 OK for: eslint@9.39.4 want: ^0.4.1
625 silly placeDep ROOT @humanfs/node@0.16.8 OK for: eslint@9.39.4 want: ^0.16.6
626 silly placeDep ROOT @humanwhocodes/module-importer@1.0.1 OK for: eslint@9.39.4 want: ^1.0.1
627 silly placeDep ROOT @humanwhocodes/retry@0.4.3 OK for: eslint@9.39.4 want: ^0.4.2
628 silly placeDep ROOT @types/estree@1.0.8 OK for: eslint@9.39.4 want: ^1.0.6
629 silly placeDep ROOT ajv@6.15.0 OK for: eslint@9.39.4 want: ^6.14.0
630 silly placeDep ROOT chalk@4.1.2 OK for: eslint@9.39.4 want: ^4.0.0
631 silly placeDep ROOT cross-spawn@7.0.6 OK for: eslint@9.39.4 want: ^7.0.6
632 silly placeDep ROOT debug@4.4.3 OK for: eslint@9.39.4 want: ^4.3.2
633 silly placeDep ROOT escape-string-regexp@4.0.0 OK for: eslint@9.39.4 want: ^4.0.0
634 silly placeDep ROOT eslint-scope@8.4.0 OK for: eslint@9.39.4 want: ^8.4.0
635 silly placeDep ROOT eslint-visitor-keys@4.2.1 OK for: eslint@9.39.4 want: ^4.2.1
636 silly placeDep ROOT espree@10.4.0 OK for: eslint@9.39.4 want: ^10.4.0
637 silly placeDep ROOT esquery@1.7.0 OK for: eslint@9.39.4 want: ^1.5.0
638 silly placeDep ROOT esutils@2.0.3 OK for: eslint@9.39.4 want: ^2.0.2
639 silly placeDep ROOT fast-deep-equal@3.1.3 OK for: eslint@9.39.4 want: ^3.1.3
640 silly placeDep ROOT file-entry-cache@8.0.0 OK for: eslint@9.39.4 want: ^8.0.0
641 silly placeDep ROOT find-up@5.0.0 OK for: eslint@9.39.4 want: ^5.0.0
642 silly placeDep ROOT glob-parent@6.0.2 OK for: eslint@9.39.4 want: ^6.0.2
643 silly placeDep ROOT ignore@5.3.2 OK for: eslint@9.39.4 want: ^5.2.0
644 silly placeDep ROOT imurmurhash@0.1.4 OK for: eslint@9.39.4 want: ^0.1.4
645 silly placeDep ROOT is-glob@4.0.3 OK for: eslint@9.39.4 want: ^4.0.0
646 silly placeDep ROOT json-stable-stringify-without-jsonify@1.0.1 OK for: eslint@9.39.4 want: ^1.0.1
647 silly placeDep ROOT lodash.merge@4.6.2 OK for: eslint@9.39.4 want: ^4.6.2
648 silly placeDep ROOT minimatch@3.1.5 OK for: eslint@9.39.4 want: ^3.1.5
649 silly placeDep ROOT natural-compare@1.4.0 OK for: eslint@9.39.4 want: ^1.4.0
650 silly placeDep ROOT optionator@0.9.4 OK for: eslint@9.39.4 want: ^0.9.3
651 silly fetch manifest eslint-visitor-keys@^3.4.3
652 silly packumentCache full:https://registry.npmjs.org/eslint-visitor-keys cache-hit
653 silly fetch manifest debug@^4.3.1
654 silly packumentCache full:https://registry.npmjs.org/debug cache-hit
655 silly fetch manifest @eslint/object-schema@^2.1.7
656 silly packumentCache full:https://registry.npmjs.org/@eslint%2fobject-schema cache-miss
657 silly fetch manifest @types/json-schema@^7.0.15
658 silly packumentCache full:https://registry.npmjs.org/@types%2fjson-schema cache-miss
659 silly fetch manifest espree@^10.0.1
660 silly packumentCache full:https://registry.npmjs.org/espree cache-hit
661 silly fetch manifest globals@^14.0.0
662 silly packumentCache full:https://registry.npmjs.org/globals cache-hit
663 silly fetch manifest import-fresh@^3.2.1
664 silly packumentCache full:https://registry.npmjs.org/import-fresh cache-miss
665 silly fetch manifest js-yaml@^4.1.1
666 silly packumentCache full:https://registry.npmjs.org/js-yaml cache-miss
667 silly fetch manifest strip-json-comments@^3.1.1
668 silly packumentCache full:https://registry.npmjs.org/strip-json-comments cache-miss
669 silly fetch manifest levn@^0.4.1
670 silly packumentCache full:https://registry.npmjs.org/levn cache-miss
671 silly fetch manifest @humanwhocodes/retry@^0.4.0
672 silly packumentCache full:https://registry.npmjs.org/@humanwhocodes%2fretry cache-hit
673 silly fetch manifest @humanfs/core@^0.19.2
674 silly packumentCache full:https://registry.npmjs.org/@humanfs%2fcore cache-miss
675 http fetch GET 200 https://registry.npmjs.org/strip-json-comments 117ms (cache revalidated)
676 silly packumentCache full:https://registry.npmjs.org/strip-json-comments set size:43569 disposed:false
677 silly fetch manifest @humanfs/types@^0.15.0
678 silly packumentCache full:https://registry.npmjs.org/@humanfs%2ftypes cache-miss
679 http fetch GET 200 https://registry.npmjs.org/levn 123ms (cache revalidated)
680 silly packumentCache full:https://registry.npmjs.org/levn set size:28223 disposed:false
681 silly fetch manifest uri-js@^4.2.2
682 silly packumentCache full:https://registry.npmjs.org/uri-js cache-miss
683 http fetch GET 200 https://registry.npmjs.org/js-yaml 128ms (cache revalidated)
684 silly packumentCache full:https://registry.npmjs.org/js-yaml set size:152232 disposed:false
685 silly fetch manifest fast-deep-equal@^3.1.1
686 silly packumentCache full:https://registry.npmjs.org/fast-deep-equal cache-hit
687 silly fetch manifest json-schema-traverse@^0.4.1
688 silly packumentCache full:https://registry.npmjs.org/json-schema-traverse cache-miss
689 http fetch GET 200 https://registry.npmjs.org/import-fresh 138ms (cache revalidated)
690 silly packumentCache full:https://registry.npmjs.org/import-fresh set size:24604 disposed:false
691 silly fetch manifest fast-json-stable-stringify@^2.0.0
692 silly packumentCache full:https://registry.npmjs.org/fast-json-stable-stringify cache-miss
693 http fetch GET 200 https://registry.npmjs.org/@types%2fjson-schema 150ms (cache revalidated)
694 silly packumentCache full:https://registry.npmjs.org/@types%2fjson-schema set size:44704 disposed:false
695 silly fetch manifest ansi-styles@^4.1.0
696 silly packumentCache full:https://registry.npmjs.org/ansi-styles cache-miss
697 http fetch GET 200 https://registry.npmjs.org/@humanfs%2fcore 147ms (cache revalidated)
698 silly packumentCache full:https://registry.npmjs.org/@humanfs%2fcore set size:37261 disposed:false
699 silly fetch manifest supports-color@^7.1.0
700 silly packumentCache full:https://registry.npmjs.org/supports-color cache-miss
701 http fetch GET 200 https://registry.npmjs.org/@eslint%2fobject-schema 156ms (cache revalidated)
702 silly packumentCache full:https://registry.npmjs.org/@eslint%2fobject-schema set size:38535 disposed:false
703 silly fetch manifest which@^2.0.1
704 silly packumentCache full:https://registry.npmjs.org/which cache-miss
705 http fetch GET 200 https://registry.npmjs.org/json-schema-traverse 103ms (cache revalidated)
706 silly packumentCache full:https://registry.npmjs.org/json-schema-traverse set size:23537 disposed:false
707 silly fetch manifest path-key@^3.1.0
708 silly packumentCache full:https://registry.npmjs.org/path-key cache-miss
709 http fetch GET 200 https://registry.npmjs.org/uri-js 116ms (cache revalidated)
710 silly packumentCache full:https://registry.npmjs.org/uri-js set size:42559 disposed:false
711 silly fetch manifest shebang-command@^2.0.0
712 silly packumentCache full:https://registry.npmjs.org/shebang-command cache-miss
713 http fetch GET 200 https://registry.npmjs.org/fast-json-stable-stringify 114ms (cache revalidated)
714 silly packumentCache full:https://registry.npmjs.org/fast-json-stable-stringify set size:11337 disposed:false
715 silly fetch manifest ms@^2.1.3
716 silly packumentCache full:https://registry.npmjs.org/ms cache-miss
717 http fetch GET 200 https://registry.npmjs.org/@humanfs%2ftypes 137ms (cache revalidated)
718 silly packumentCache full:https://registry.npmjs.org/@humanfs%2ftypes set size:19212 disposed:false
719 silly fetch manifest esrecurse@^4.3.0
720 silly packumentCache full:https://registry.npmjs.org/esrecurse cache-miss
721 http fetch GET 200 https://registry.npmjs.org/which 107ms (cache revalidated)
722 silly packumentCache full:https://registry.npmjs.org/which set size:67698 disposed:false
723 silly fetch manifest estraverse@^5.2.0
724 silly packumentCache full:https://registry.npmjs.org/estraverse cache-miss
725 http fetch GET 200 https://registry.npmjs.org/supports-color 115ms (cache revalidated)
726 silly packumentCache full:https://registry.npmjs.org/supports-color set size:118680 disposed:false
727 silly fetch manifest acorn@^8.15.0
728 silly packumentCache full:https://registry.npmjs.org/acorn cache-miss
729 http fetch GET 200 https://registry.npmjs.org/ansi-styles 125ms (cache revalidated)
730 silly packumentCache full:https://registry.npmjs.org/ansi-styles set size:63233 disposed:false
731 silly fetch manifest acorn-jsx@^5.3.2
732 silly packumentCache full:https://registry.npmjs.org/acorn-jsx cache-miss
733 http fetch GET 200 https://registry.npmjs.org/path-key 98ms (cache revalidated)
734 silly packumentCache full:https://registry.npmjs.org/path-key set size:16975 disposed:false
735 silly fetch manifest estraverse@^5.1.0
736 silly packumentCache full:https://registry.npmjs.org/estraverse cache-miss
737 http fetch GET 200 https://registry.npmjs.org/shebang-command 109ms (cache revalidated)
738 silly packumentCache full:https://registry.npmjs.org/shebang-command set size:8525 disposed:false
739 silly fetch manifest flat-cache@^4.0.0
740 silly packumentCache full:https://registry.npmjs.org/flat-cache cache-miss
741 http fetch GET 200 https://registry.npmjs.org/esrecurse 108ms (cache revalidated)
742 silly packumentCache full:https://registry.npmjs.org/esrecurse set size:29005 disposed:false
743 silly fetch manifest locate-path@^6.0.0
744 silly packumentCache full:https://registry.npmjs.org/locate-path cache-miss
745 http fetch GET 200 https://registry.npmjs.org/estraverse 108ms (cache revalidated)
746 silly packumentCache full:https://registry.npmjs.org/estraverse set size:62412 disposed:false
747 silly fetch manifest path-exists@^4.0.0
748 silly packumentCache full:https://registry.npmjs.org/path-exists cache-miss
749 http fetch GET 200 https://registry.npmjs.org/acorn 109ms (cache revalidated)
750 silly packumentCache full:https://registry.npmjs.org/acorn set size:379626 disposed:false
751 silly fetch manifest is-glob@^4.0.3
752 silly packumentCache full:https://registry.npmjs.org/is-glob cache-hit
753 silly fetch manifest is-extglob@^2.1.1
754 silly packumentCache full:https://registry.npmjs.org/is-extglob cache-miss
755 http fetch GET 200 https://registry.npmjs.org/acorn-jsx 113ms (cache revalidated)
756 silly packumentCache full:https://registry.npmjs.org/acorn-jsx set size:71068 disposed:false
757 silly fetch manifest brace-expansion@^1.1.7
758 silly packumentCache full:https://registry.npmjs.org/brace-expansion cache-miss
759 http fetch GET 200 https://registry.npmjs.org/ms 136ms (cache revalidated)
760 silly packumentCache full:https://registry.npmjs.org/ms set size:92208 disposed:false
761 silly fetch manifest prelude-ls@^1.2.1
762 silly packumentCache full:https://registry.npmjs.org/prelude-ls cache-miss
763 http fetch GET 200 https://registry.npmjs.org/estraverse 80ms (cache revalidated)
764 silly packumentCache full:https://registry.npmjs.org/estraverse set size:62412 disposed:false
765 silly packumentCache full:https://registry.npmjs.org/estraverse dispose
766 silly fetch manifest deep-is@^0.1.3
767 silly packumentCache full:https://registry.npmjs.org/deep-is cache-miss
768 http fetch GET 200 https://registry.npmjs.org/flat-cache 85ms (cache revalidated)
769 silly packumentCache full:https://registry.npmjs.org/flat-cache set size:169582 disposed:false
770 silly fetch manifest word-wrap@^1.2.5
771 silly packumentCache full:https://registry.npmjs.org/word-wrap cache-miss
772 http fetch GET 200 https://registry.npmjs.org/locate-path 98ms (cache revalidated)
773 silly packumentCache full:https://registry.npmjs.org/locate-path set size:31329 disposed:false
774 silly fetch manifest type-check@^0.4.0
775 silly packumentCache full:https://registry.npmjs.org/type-check cache-miss
776 http fetch GET 200 https://registry.npmjs.org/path-exists 99ms (cache revalidated)
777 silly packumentCache full:https://registry.npmjs.org/path-exists set size:13704 disposed:false
778 silly fetch manifest fast-levenshtein@^2.0.6
779 silly packumentCache full:https://registry.npmjs.org/fast-levenshtein cache-miss
780 http fetch GET 200 https://registry.npmjs.org/prelude-ls 88ms (cache revalidated)
781 silly packumentCache full:https://registry.npmjs.org/prelude-ls set size:25777 disposed:false
782 http fetch GET 200 https://registry.npmjs.org/is-extglob 100ms (cache revalidated)
783 silly packumentCache full:https://registry.npmjs.org/is-extglob set size:11766 disposed:false
784 http fetch GET 200 https://registry.npmjs.org/brace-expansion 97ms (cache revalidated)
785 silly packumentCache full:https://registry.npmjs.org/brace-expansion set size:65768 disposed:false
786 http fetch GET 200 https://registry.npmjs.org/deep-is 81ms (cache revalidated)
787 silly packumentCache full:https://registry.npmjs.org/deep-is set size:10205 disposed:false
788 http fetch GET 200 https://registry.npmjs.org/word-wrap 84ms (cache revalidated)
789 silly packumentCache full:https://registry.npmjs.org/word-wrap set size:37835 disposed:false
790 http fetch GET 200 https://registry.npmjs.org/type-check 89ms (cache revalidated)
791 silly packumentCache full:https://registry.npmjs.org/type-check set size:21221 disposed:false
792 http fetch GET 200 https://registry.npmjs.org/fast-levenshtein 88ms (cache revalidated)
793 silly packumentCache full:https://registry.npmjs.org/fast-levenshtein set size:39317 disposed:false
794 silly placeDep node_modules/@eslint-community/eslint-utils eslint-visitor-keys@3.4.3 OK for: @eslint-community/eslint-utils@4.9.1 want: ^3.4.3
795 silly placeDep ROOT @eslint/object-schema@2.1.7 OK for: @eslint/config-array@0.21.2 want: ^2.1.7
796 silly placeDep ROOT @types/json-schema@7.0.15 OK for: @eslint/core@0.17.0 want: ^7.0.15
797 silly placeDep ROOT globals@14.0.0 OK for: @eslint/eslintrc@3.3.5 want: ^14.0.0
798 silly placeDep ROOT import-fresh@3.3.1 OK for: @eslint/eslintrc@3.3.5 want: ^3.2.1
799 silly placeDep ROOT js-yaml@4.1.1 OK for: @eslint/eslintrc@3.3.5 want: ^4.1.1
800 silly placeDep ROOT strip-json-comments@3.1.1 OK for: @eslint/eslintrc@3.3.5 want: ^3.1.1
801 silly fetch manifest resolve-from@^4.0.0
802 silly packumentCache full:https://registry.npmjs.org/resolve-from cache-miss
803 silly fetch manifest parent-module@^1.0.0
804 silly packumentCache full:https://registry.npmjs.org/parent-module cache-miss
805 silly fetch manifest argparse@^2.0.1
806 silly packumentCache full:https://registry.npmjs.org/argparse cache-miss
807 http fetch GET 200 https://registry.npmjs.org/resolve-from 89ms (cache revalidated)
808 silly packumentCache full:https://registry.npmjs.org/resolve-from set size:12911 disposed:false
809 http fetch GET 200 https://registry.npmjs.org/argparse 90ms (cache revalidated)
810 silly packumentCache full:https://registry.npmjs.org/argparse set size:49266 disposed:false
811 http fetch GET 200 https://registry.npmjs.org/parent-module 94ms (cache revalidated)
812 silly packumentCache full:https://registry.npmjs.org/parent-module set size:18255 disposed:false
813 silly placeDep ROOT levn@0.4.1 OK for: @eslint/plugin-kit@0.4.1 want: ^0.4.1
814 silly fetch manifest type-check@~0.4.0
815 silly packumentCache full:https://registry.npmjs.org/type-check cache-hit
816 silly placeDep ROOT @humanfs/core@0.19.2 OK for: @humanfs/node@0.16.8 want: ^0.19.2
817 silly placeDep ROOT @humanfs/types@0.15.0 OK for: @humanfs/node@0.16.8 want: ^0.15.0
818 silly placeDep ROOT fast-json-stable-stringify@2.1.0 OK for: ajv@6.15.0 want: ^2.0.0
819 silly placeDep ROOT json-schema-traverse@0.4.1 OK for: ajv@6.15.0 want: ^0.4.1
820 silly placeDep ROOT uri-js@4.4.1 OK for: ajv@6.15.0 want: ^4.2.2
821 silly fetch manifest punycode@^2.1.0
822 silly packumentCache full:https://registry.npmjs.org/punycode cache-miss
823 http fetch GET 200 https://registry.npmjs.org/punycode 93ms (cache revalidated)
824 silly packumentCache full:https://registry.npmjs.org/punycode set size:61278 disposed:false
825 silly placeDep ROOT ansi-styles@4.3.0 OK for: chalk@4.1.2 want: ^4.1.0
826 silly placeDep ROOT supports-color@7.2.0 OK for: chalk@4.1.2 want: ^7.1.0
827 silly fetch manifest color-convert@^2.0.1
828 silly packumentCache full:https://registry.npmjs.org/color-convert cache-miss
829 silly fetch manifest has-flag@^4.0.0
830 silly packumentCache full:https://registry.npmjs.org/has-flag cache-miss
831 http fetch GET 200 https://registry.npmjs.org/has-flag 85ms (cache revalidated)
832 silly packumentCache full:https://registry.npmjs.org/has-flag set size:15180 disposed:false
833 http fetch GET 200 https://registry.npmjs.org/color-convert 96ms (cache revalidated)
834 silly packumentCache full:https://registry.npmjs.org/color-convert set size:72663 disposed:false
835 silly placeDep ROOT color-convert@2.0.1 OK for: ansi-styles@4.3.0 want: ^2.0.1
836 silly fetch manifest color-name@~1.1.4
837 silly packumentCache full:https://registry.npmjs.org/color-name cache-miss
838 http fetch GET 200 https://registry.npmjs.org/color-name 117ms (cache revalidated)
839 silly packumentCache full:https://registry.npmjs.org/color-name set size:19467 disposed:false
840 silly placeDep ROOT color-name@1.1.4 OK for: color-convert@2.0.1 want: ~1.1.4
841 silly placeDep ROOT path-key@3.1.1 OK for: cross-spawn@7.0.6 want: ^3.1.0
842 silly placeDep ROOT shebang-command@2.0.0 OK for: cross-spawn@7.0.6 want: ^2.0.0
843 silly placeDep ROOT which@2.0.2 OK for: cross-spawn@7.0.6 want: ^2.0.1
844 silly fetch manifest shebang-regex@^3.0.0
845 silly packumentCache full:https://registry.npmjs.org/shebang-regex cache-miss
846 silly fetch manifest isexe@^2.0.0
847 silly packumentCache full:https://registry.npmjs.org/isexe cache-miss
848 http fetch GET 200 https://registry.npmjs.org/isexe 126ms (cache revalidated)
849 silly packumentCache full:https://registry.npmjs.org/isexe set size:31756 disposed:false
850 http fetch GET 200 https://registry.npmjs.org/shebang-regex 137ms (cache revalidated)
851 silly packumentCache full:https://registry.npmjs.org/shebang-regex set size:9763 disposed:false
852 silly placeDep ROOT ms@2.1.3 OK for: debug@4.4.3 want: ^2.1.3
853 silly fetch manifest eslint@>=9.0.0
854 silly packumentCache full:https://registry.npmjs.org/eslint cache-miss
855 http fetch GET 200 https://registry.npmjs.org/eslint 104ms (cache revalidated)
856 silly packumentCache full:https://registry.npmjs.org/eslint set size:1983515 disposed:false
857 silly fetch manifest typescript@>=3.3.1
858 silly packumentCache full:https://registry.npmjs.org/typescript cache-miss
859 http fetch GET 200 https://registry.npmjs.org/typescript 194ms (cache revalidated)
860 silly packumentCache full:https://registry.npmjs.org/typescript set size:15409943 disposed:false
861 silly fetch manifest eslint@^3 || ^4 || ^5 || ^6 || ^7 || ^8 || ^9.7
862 silly packumentCache full:https://registry.npmjs.org/eslint cache-miss
863 http fetch GET 200 https://registry.npmjs.org/eslint 92ms (cache revalidated)
864 silly packumentCache full:https://registry.npmjs.org/eslint set size:1983515 disposed:false
865 silly fetch manifest eslint@^2 || ^3 || ^4 || ^5 || ^6 || ^7.2.0 || ^8 || ^9
866 silly packumentCache full:https://registry.npmjs.org/eslint cache-miss
867 http fetch GET 200 https://registry.npmjs.org/eslint 94ms (cache revalidated)
868 silly packumentCache full:https://registry.npmjs.org/eslint set size:1983515 disposed:false
869 silly fetch manifest eslint@^3 || ^4 || ^5 || ^6 || ^7 || ^8 || ^9
870 silly packumentCache full:https://registry.npmjs.org/eslint cache-miss
871 http fetch GET 200 https://registry.npmjs.org/eslint 91ms (cache revalidated)
872 silly packumentCache full:https://registry.npmjs.org/eslint set size:1983515 disposed:false
873 silly fetch manifest eslint-plugin-import-x@*
874 silly packumentCache full:https://registry.npmjs.org/eslint-plugin-import-x cache-miss
875 http fetch GET 200 https://registry.npmjs.org/eslint-plugin-import-x 98ms (cache revalidated)
876 silly packumentCache full:https://registry.npmjs.org/eslint-plugin-import-x set size:270770 disposed:false
877 silly fetch manifest @typescript-eslint/utils@^8.56.0
878 silly packumentCache full:https://registry.npmjs.org/@typescript-eslint%2futils cache-miss
879 http fetch GET 200 https://registry.npmjs.org/@typescript-eslint%2futils 146ms (cache revalidated)
880 silly packumentCache full:https://registry.npmjs.org/@typescript-eslint%2futils set size:10049998 disposed:false
881 silly placeDep ROOT @next/eslint-plugin-next@16.2.4 OK for: eslint-config-next@16.2.4 want: 16.2.4
882 silly placeDep ROOT eslint-import-resolver-node@0.3.10 OK for: eslint-config-next@16.2.4 want: ^0.3.6
883 silly placeDep ROOT eslint-import-resolver-typescript@3.10.1 OK for: eslint-config-next@16.2.4 want: ^3.5.2
884 silly placeDep ROOT eslint-plugin-import@2.32.0 OK for: eslint-config-next@16.2.4 want: ^2.32.0
885 silly placeDep ROOT eslint-plugin-jsx-a11y@6.10.2 OK for: eslint-config-next@16.2.4 want: ^6.10.0
886 silly placeDep ROOT eslint-plugin-react@7.37.5 OK for: eslint-config-next@16.2.4 want: ^7.37.0
887 silly placeDep ROOT eslint-plugin-react-hooks@7.1.1 OK for: eslint-config-next@16.2.4 want: ^7.0.0
888 silly placeDep node_modules/eslint-config-next globals@16.4.0 OK for: eslint-config-next@16.2.4 want: 16.4.0
889 silly placeDep ROOT typescript-eslint@8.59.1 OK for: eslint-config-next@16.2.4 want: ^8.46.0
890 silly fetch manifest fast-glob@3.3.1
891 silly packumentCache full:https://registry.npmjs.org/fast-glob cache-miss
892 silly fetch manifest debug@^3.2.7
893 silly packumentCache full:https://registry.npmjs.org/debug cache-hit
894 silly fetch manifest is-core-module@^2.16.1
895 silly packumentCache full:https://registry.npmjs.org/is-core-module cache-miss
896 silly fetch manifest resolve@^2.0.0-next.6
897 silly packumentCache full:https://registry.npmjs.org/resolve cache-miss
898 silly fetch manifest tinyglobby@^0.2.13
899 silly packumentCache full:https://registry.npmjs.org/tinyglobby cache-miss
900 silly fetch manifest stable-hash@^0.0.5
901 silly packumentCache full:https://registry.npmjs.org/stable-hash cache-miss
902 silly fetch manifest get-tsconfig@^4.10.0
903 silly packumentCache full:https://registry.npmjs.org/get-tsconfig cache-miss
904 silly fetch manifest is-bun-module@^2.0.0
905 silly packumentCache full:https://registry.npmjs.org/is-bun-module cache-miss
906 http fetch GET 200 https://registry.npmjs.org/stable-hash 99ms (cache revalidated)
907 silly packumentCache full:https://registry.npmjs.org/stable-hash set size:18359 disposed:false
908 silly fetch manifest unrs-resolver@^1.6.2
909 silly packumentCache full:https://registry.npmjs.org/unrs-resolver cache-miss
910 http fetch GET 200 https://registry.npmjs.org/is-core-module 103ms (cache revalidated)
911 silly packumentCache full:https://registry.npmjs.org/is-core-module set size:71788 disposed:false
912 silly fetch manifest @nolyfill/is-core-module@1.0.39
913 silly packumentCache full:https://registry.npmjs.org/@nolyfill%2fis-core-module cache-miss
914 http fetch GET 200 https://registry.npmjs.org/resolve 106ms (cache revalidated)
915 silly packumentCache full:https://registry.npmjs.org/resolve set size:252941 disposed:false
916 silly fetch manifest @rtsao/scc@^1.1.0
917 silly packumentCache full:https://registry.npmjs.org/@rtsao%2fscc cache-miss
918 http fetch GET 200 https://registry.npmjs.org/fast-glob 121ms (cache revalidated)
919 silly packumentCache full:https://registry.npmjs.org/fast-glob set size:220556 disposed:false
920 silly fetch manifest array-includes@^3.1.9
921 silly packumentCache full:https://registry.npmjs.org/array-includes cache-miss
922 http fetch GET 200 https://registry.npmjs.org/get-tsconfig 123ms (cache revalidated)
923 silly packumentCache full:https://registry.npmjs.org/get-tsconfig set size:125877 disposed:false
924 silly fetch manifest array.prototype.findlastindex@^1.2.6
925 silly packumentCache full:https://registry.npmjs.org/array.prototype.findlastindex cache-miss
926 http fetch GET 200 https://registry.npmjs.org/is-bun-module 137ms (cache revalidated)
927 silly packumentCache full:https://registry.npmjs.org/is-bun-module set size:19768 disposed:false
928 silly fetch manifest array.prototype.flat@^1.3.3
929 silly packumentCache full:https://registry.npmjs.org/array.prototype.flat cache-miss
930 http fetch GET 200 https://registry.npmjs.org/tinyglobby 143ms (cache revalidated)
931 silly packumentCache full:https://registry.npmjs.org/tinyglobby set size:52660 disposed:false
932 silly fetch manifest array.prototype.flatmap@^1.3.3
933 silly packumentCache full:https://registry.npmjs.org/array.prototype.flatmap cache-miss
934 http fetch GET 200 https://registry.npmjs.org/unrs-resolver 127ms (cache revalidated)
935 silly packumentCache full:https://registry.npmjs.org/unrs-resolver set size:142730 disposed:false
936 silly fetch manifest doctrine@^2.1.0
937 silly packumentCache full:https://registry.npmjs.org/doctrine cache-miss
938 http fetch GET 200 https://registry.npmjs.org/@rtsao%2fscc 134ms (cache revalidated)
939 silly packumentCache full:https://registry.npmjs.org/@rtsao%2fscc set size:6332 disposed:false
940 silly fetch manifest eslint-module-utils@^2.12.1
941 silly packumentCache full:https://registry.npmjs.org/eslint-module-utils cache-miss
942 http fetch GET 200 https://registry.npmjs.org/array-includes 129ms (cache revalidated)
943 silly packumentCache full:https://registry.npmjs.org/array-includes set size:77143 disposed:false
944 silly fetch manifest hasown@^2.0.2
945 silly packumentCache full:https://registry.npmjs.org/hasown cache-miss
946 http fetch GET 200 https://registry.npmjs.org/array.prototype.findlastindex 128ms (cache revalidated)
947 silly packumentCache full:https://registry.npmjs.org/array.prototype.findlastindex set size:44828 disposed:false
948 silly fetch manifest object.fromentries@^2.0.8
949 silly packumentCache full:https://registry.npmjs.org/object.fromentries cache-miss
950 http fetch GET 200 https://registry.npmjs.org/array.prototype.flatmap 127ms (cache revalidated)
951 silly packumentCache full:https://registry.npmjs.org/array.prototype.flatmap set size:51458 disposed:false
952 silly fetch manifest object.groupby@^1.0.3
953 silly packumentCache full:https://registry.npmjs.org/object.groupby cache-miss
954 http fetch GET 200 https://registry.npmjs.org/@nolyfill%2fis-core-module 174ms (cache revalidated)
955 silly packumentCache full:https://registry.npmjs.org/@nolyfill%2fis-core-module set size:10461 disposed:false
956 silly fetch manifest object.values@^1.2.1
957 silly packumentCache full:https://registry.npmjs.org/object.values cache-miss
958 http fetch GET 200 https://registry.npmjs.org/array.prototype.flat 140ms (cache revalidated)
959 silly packumentCache full:https://registry.npmjs.org/array.prototype.flat set size:38327 disposed:false
960 silly fetch manifest semver@^6.3.1
961 silly packumentCache full:https://registry.npmjs.org/semver cache-miss
962 http fetch GET 200 https://registry.npmjs.org/doctrine 82ms (cache revalidated)
963 silly packumentCache full:https://registry.npmjs.org/doctrine set size:64052 disposed:false
964 silly fetch manifest string.prototype.trimend@^1.0.9
965 silly packumentCache full:https://registry.npmjs.org/string.prototype.trimend cache-miss
966 http fetch GET 200 https://registry.npmjs.org/hasown 109ms (cache revalidated)
967 silly packumentCache full:https://registry.npmjs.org/hasown set size:15429 disposed:false
968 silly fetch manifest tsconfig-paths@^3.15.0
969 silly packumentCache full:https://registry.npmjs.org/tsconfig-paths cache-miss
970 http fetch GET 200 https://registry.npmjs.org/eslint-module-utils 120ms (cache revalidated)
971 silly packumentCache full:https://registry.npmjs.org/eslint-module-utils set size:77496 disposed:false
972 silly fetch manifest aria-query@^5.3.2
973 silly packumentCache full:https://registry.npmjs.org/aria-query cache-miss
974 http fetch GET 200 https://registry.npmjs.org/object.fromentries 123ms (cache revalidated)
975 silly packumentCache full:https://registry.npmjs.org/object.fromentries set size:37686 disposed:false
976 silly fetch manifest array-includes@^3.1.8
977 silly packumentCache full:https://registry.npmjs.org/array-includes cache-hit
978 silly fetch manifest array.prototype.flatmap@^1.3.2
979 silly packumentCache full:https://registry.npmjs.org/array.prototype.flatmap cache-hit
980 silly fetch manifest ast-types-flow@^0.0.8
981 silly packumentCache full:https://registry.npmjs.org/ast-types-flow cache-miss
982 http fetch GET 200 https://registry.npmjs.org/semver 105ms (cache revalidated)
983 silly packumentCache full:https://registry.npmjs.org/semver set size:229571 disposed:false
984 silly fetch manifest axe-core@^4.10.0
985 silly packumentCache full:https://registry.npmjs.org/axe-core cache-miss
986 http fetch GET 200 https://registry.npmjs.org/object.values 118ms (cache revalidated)
987 silly packumentCache full:https://registry.npmjs.org/object.values set size:49009 disposed:false
988 silly fetch manifest axobject-query@^4.1.0
989 silly packumentCache full:https://registry.npmjs.org/axobject-query cache-miss
990 http fetch GET 200 https://registry.npmjs.org/object.groupby 128ms (cache revalidated)
991 silly packumentCache full:https://registry.npmjs.org/object.groupby set size:15504 disposed:false
992 silly fetch manifest damerau-levenshtein@^1.0.8
993 silly packumentCache full:https://registry.npmjs.org/damerau-levenshtein cache-miss
994 http fetch GET 200 https://registry.npmjs.org/string.prototype.trimend 95ms (cache revalidated)
995 silly packumentCache full:https://registry.npmjs.org/string.prototype.trimend set size:41090 disposed:false
996 silly fetch manifest emoji-regex@^9.2.2
997 silly packumentCache full:https://registry.npmjs.org/emoji-regex cache-miss
998 http fetch GET 200 https://registry.npmjs.org/tsconfig-paths 93ms (cache revalidated)
999 silly packumentCache full:https://registry.npmjs.org/tsconfig-paths set size:192565 disposed:false
1000 silly fetch manifest jsx-ast-utils@^3.3.5
1001 silly packumentCache full:https://registry.npmjs.org/jsx-ast-utils cache-miss
1002 http fetch GET 200 https://registry.npmjs.org/aria-query 113ms (cache revalidated)
1003 silly packumentCache full:https://registry.npmjs.org/aria-query set size:98864 disposed:false
1004 silly fetch manifest language-tags@^1.0.9
1005 silly packumentCache full:https://registry.npmjs.org/language-tags cache-miss
1006 http fetch GET 200 https://registry.npmjs.org/ast-types-flow 116ms (cache revalidated)
1007 silly packumentCache full:https://registry.npmjs.org/ast-types-flow set size:15144 disposed:false
1008 silly fetch manifest safe-regex-test@^1.0.3
1009 silly packumentCache full:https://registry.npmjs.org/safe-regex-test cache-miss
1010 http fetch GET 200 https://registry.npmjs.org/axobject-query 114ms (cache revalidated)
1011 silly packumentCache full:https://registry.npmjs.org/axobject-query set size:75032 disposed:false
1012 silly fetch manifest string.prototype.includes@^2.0.1
1013 silly packumentCache full:https://registry.npmjs.org/string.prototype.includes cache-miss
1014 http fetch GET 200 https://registry.npmjs.org/emoji-regex 103ms (cache revalidated)
1015 silly packumentCache full:https://registry.npmjs.org/emoji-regex set size:89064 disposed:false
1016 silly fetch manifest array.prototype.findlast@^1.2.5
1017 silly packumentCache full:https://registry.npmjs.org/array.prototype.findlast cache-miss
1018 http fetch GET 200 https://registry.npmjs.org/damerau-levenshtein 114ms (cache revalidated)
1019 silly packumentCache full:https://registry.npmjs.org/damerau-levenshtein set size:23390 disposed:false
1020 silly fetch manifest array.prototype.tosorted@^1.1.4
1021 silly packumentCache full:https://registry.npmjs.org/array.prototype.tosorted cache-miss
1022 http fetch GET 200 https://registry.npmjs.org/axe-core 156ms (cache revalidated)
1023 silly packumentCache full:https://registry.npmjs.org/axe-core set size:9294346 disposed:false
1024 silly fetch manifest es-iterator-helpers@^1.2.1
1025 silly packumentCache full:https://registry.npmjs.org/es-iterator-helpers cache-miss
1026 http fetch GET 200 https://registry.npmjs.org/language-tags 175ms (cache revalidated)
1027 silly packumentCache full:https://registry.npmjs.org/language-tags set size:38675 disposed:false
1028 silly fetch manifest estraverse@^5.3.0
1029 silly packumentCache full:https://registry.npmjs.org/estraverse cache-hit
1030 silly fetch manifest jsx-ast-utils@^2.4.1 || ^3.0.0
1031 silly packumentCache full:https://registry.npmjs.org/jsx-ast-utils cache-miss
1032 http fetch GET 200 https://registry.npmjs.org/jsx-ast-utils 208ms (cache revalidated)
1033 silly packumentCache full:https://registry.npmjs.org/jsx-ast-utils set size:115998 disposed:false
1034 silly fetch manifest object.entries@^1.1.9
1035 silly packumentCache full:https://registry.npmjs.org/object.entries cache-miss
1036 http fetch GET 200 https://registry.npmjs.org/safe-regex-test 228ms (cache revalidated)
1037 silly packumentCache full:https://registry.npmjs.org/safe-regex-test set size:17412 disposed:false
1038 silly fetch manifest prop-types@^15.8.1
1039 silly packumentCache full:https://registry.npmjs.org/prop-types cache-miss
1040 http fetch GET 200 https://registry.npmjs.org/string.prototype.includes 233ms (cache revalidated)
1041 silly packumentCache full:https://registry.npmjs.org/string.prototype.includes set size:10217 disposed:false
1042 silly fetch manifest resolve@^2.0.0-next.5
1043 silly packumentCache full:https://registry.npmjs.org/resolve cache-hit
1044 silly fetch manifest string.prototype.matchall@^4.0.12
1045 silly packumentCache full:https://registry.npmjs.org/string.prototype.matchall cache-miss
1046 http fetch GET 200 https://registry.npmjs.org/array.prototype.findlast 242ms (cache revalidated)
1047 silly packumentCache full:https://registry.npmjs.org/array.prototype.findlast set size:40323 disposed:false
1048 silly fetch manifest string.prototype.repeat@^1.0.0
1049 silly packumentCache full:https://registry.npmjs.org/string.prototype.repeat cache-miss
1050 http fetch GET 200 https://registry.npmjs.org/array.prototype.tosorted 244ms (cache revalidated)
1051 silly packumentCache full:https://registry.npmjs.org/array.prototype.tosorted set size:24661 disposed:false
1052 silly fetch manifest zod@^3.25.0 || ^4.0.0
1053 silly packumentCache full:https://registry.npmjs.org/zod cache-miss
1054 http fetch GET 200 https://registry.npmjs.org/jsx-ast-utils 111ms (cache revalidated)
1055 silly packumentCache full:https://registry.npmjs.org/jsx-ast-utils set size:115998 disposed:false
1056 silly packumentCache full:https://registry.npmjs.org/jsx-ast-utils dispose
1057 silly fetch manifest @babel/core@^7.24.4
1058 silly packumentCache full:https://registry.npmjs.org/@babel%2fcore cache-miss
1059 http fetch GET 200 https://registry.npmjs.org/object.entries 111ms (cache revalidated)
1060 silly packumentCache full:https://registry.npmjs.org/object.entries set size:50037 disposed:false
1061 silly fetch manifest @babel/parser@^7.24.4
1062 silly packumentCache full:https://registry.npmjs.org/@babel%2fparser cache-miss
1063 http fetch GET 200 https://registry.npmjs.org/es-iterator-helpers 143ms (cache revalidated)
1064 silly packumentCache full:https://registry.npmjs.org/es-iterator-helpers set size:258484 disposed:false
1065 silly fetch manifest hermes-parser@^0.25.1
1066 silly packumentCache full:https://registry.npmjs.org/hermes-parser cache-miss
1067 http fetch GET 200 https://registry.npmjs.org/prop-types 84ms (cache revalidated)
1068 silly packumentCache full:https://registry.npmjs.org/prop-types set size:76747 disposed:false
1069 silly fetch manifest zod-validation-error@^3.5.0 || ^4.0.0
1070 silly packumentCache full:https://registry.npmjs.org/zod-validation-error cache-miss
1071 http fetch GET 200 https://registry.npmjs.org/string.prototype.matchall 90ms (cache revalidated)
1072 silly packumentCache full:https://registry.npmjs.org/string.prototype.matchall set size:63239 disposed:false
1073 silly fetch manifest @typescript-eslint/utils@8.59.1
1074 silly packumentCache full:https://registry.npmjs.org/@typescript-eslint%2futils cache-miss
1075 http fetch GET 200 https://registry.npmjs.org/string.prototype.repeat 101ms (cache revalidated)
1076 silly packumentCache full:https://registry.npmjs.org/string.prototype.repeat set size:8608 disposed:false
1077 silly fetch manifest @typescript-eslint/parser@8.59.1
1078 silly packumentCache full:https://registry.npmjs.org/@typescript-eslint%2fparser cache-miss
1079 http fetch GET 200 https://registry.npmjs.org/zod 120ms (cache revalidated)
1080 silly packumentCache full:https://registry.npmjs.org/zod set size:3489329 disposed:false
1081 silly fetch manifest @typescript-eslint/eslint-plugin@8.59.1
1082 silly packumentCache full:https://registry.npmjs.org/@typescript-eslint%2feslint-plugin cache-miss
1083 http fetch GET 200 https://registry.npmjs.org/@babel%2fcore 161ms (cache revalidated)
1084 silly packumentCache full:https://registry.npmjs.org/@babel%2fcore set size:760113 disposed:false
1085 silly fetch manifest @typescript-eslint/typescript-estree@8.59.1
1086 silly packumentCache full:https://registry.npmjs.org/@typescript-eslint%2ftypescript-estree cache-miss
1087 http fetch GET 200 https://registry.npmjs.org/@babel%2fparser 173ms (cache revalidated)
1088 silly packumentCache full:https://registry.npmjs.org/@babel%2fparser set size:718758 disposed:false
1089 http fetch GET 200 https://registry.npmjs.org/hermes-parser 182ms (cache revalidated)
1090 silly packumentCache full:https://registry.npmjs.org/hermes-parser set size:167528 disposed:false
1091 http fetch GET 200 https://registry.npmjs.org/zod-validation-error 162ms (cache revalidated)
1092 silly packumentCache full:https://registry.npmjs.org/zod-validation-error set size:178465 disposed:false
1093 http fetch GET 200 https://registry.npmjs.org/@typescript-eslint%2futils 179ms (cache revalidated)
1094 silly packumentCache full:https://registry.npmjs.org/@typescript-eslint%2futils set size:10049998 disposed:false
1095 http fetch GET 200 https://registry.npmjs.org/@typescript-eslint%2fparser 261ms (cache revalidated)
1096 silly packumentCache full:https://registry.npmjs.org/@typescript-eslint%2fparser set size:15103556 disposed:false
1097 http fetch GET 200 https://registry.npmjs.org/@typescript-eslint%2ftypescript-estree 412ms (cache revalidated)
1098 silly packumentCache full:https://registry.npmjs.org/@typescript-eslint%2ftypescript-estree set size:16295421 disposed:false
1099 http fetch GET 200 https://registry.npmjs.org/@typescript-eslint%2feslint-plugin 583ms (cache revalidated)
1100 silly packumentCache full:https://registry.npmjs.org/@typescript-eslint%2feslint-plugin set size:17813095 disposed:false
1101 silly placeDep ROOT fast-glob@3.3.1 OK for: @next/eslint-plugin-next@16.2.4 want: 3.3.1
1102 silly fetch manifest merge2@^1.3.0
1103 silly packumentCache full:https://registry.npmjs.org/merge2 cache-miss
1104 silly fetch manifest micromatch@^4.0.4
1105 silly packumentCache full:https://registry.npmjs.org/micromatch cache-miss
1106 silly fetch manifest glob-parent@^5.1.2
1107 silly packumentCache full:https://registry.npmjs.org/glob-parent cache-hit
1108 silly fetch manifest @nodelib/fs.stat@^2.0.2
1109 silly packumentCache full:https://registry.npmjs.org/@nodelib%2ffs.stat cache-miss
1110 silly fetch manifest @nodelib/fs.walk@^1.2.3
1111 silly packumentCache full:https://registry.npmjs.org/@nodelib%2ffs.walk cache-miss
1112 http fetch GET 200 https://registry.npmjs.org/merge2 91ms (cache revalidated)
1113 silly packumentCache full:https://registry.npmjs.org/merge2 set size:46159 disposed:false
1114 http fetch GET 200 https://registry.npmjs.org/micromatch 92ms (cache revalidated)
1115 silly packumentCache full:https://registry.npmjs.org/micromatch set size:240630 disposed:false
1116 http fetch GET 200 https://registry.npmjs.org/@nodelib%2ffs.stat 100ms (cache revalidated)
1117 silly packumentCache full:https://registry.npmjs.org/@nodelib%2ffs.stat set size:36993 disposed:false
1118 http fetch GET 200 https://registry.npmjs.org/@nodelib%2ffs.walk 116ms (cache revalidated)
1119 silly packumentCache full:https://registry.npmjs.org/@nodelib%2ffs.walk set size:41589 disposed:false
1120 silly placeDep node_modules/eslint-import-resolver-node debug@3.2.7 OK for: eslint-import-resolver-node@0.3.10 want: ^3.2.7
1121 silly placeDep ROOT is-core-module@2.16.1 OK for: eslint-import-resolver-node@0.3.10 want: ^2.16.1
1122 silly placeDep ROOT resolve@2.0.0-next.6 OK for: eslint-import-resolver-node@0.3.10 want: ^2.0.0-next.6
1123 silly fetch manifest es-errors@^1.3.0
1124 silly packumentCache full:https://registry.npmjs.org/es-errors cache-miss
1125 silly fetch manifest path-parse@^1.0.7
1126 silly packumentCache full:https://registry.npmjs.org/path-parse cache-miss
1127 silly fetch manifest object-keys@^1.1.1
1128 silly packumentCache full:https://registry.npmjs.org/object-keys cache-miss
1129 silly fetch manifest node-exports-info@^1.6.0
1130 silly packumentCache full:https://registry.npmjs.org/node-exports-info cache-miss
1131 silly fetch manifest supports-preserve-symlinks-flag@^1.0.0
1132 silly packumentCache full:https://registry.npmjs.org/supports-preserve-symlinks-flag cache-miss
1133 http fetch GET 200 https://registry.npmjs.org/supports-preserve-symlinks-flag 87ms (cache revalidated)
1134 silly packumentCache full:https://registry.npmjs.org/supports-preserve-symlinks-flag set size:6802 disposed:false
1135 http fetch GET 200 https://registry.npmjs.org/es-errors 90ms (cache revalidated)
1136 silly packumentCache full:https://registry.npmjs.org/es-errors set size:16918 disposed:false
1137 http fetch GET 200 https://registry.npmjs.org/node-exports-info 92ms (cache revalidated)
1138 silly packumentCache full:https://registry.npmjs.org/node-exports-info set size:58723 disposed:false
1139 http fetch GET 200 https://registry.npmjs.org/object-keys 101ms (cache revalidated)
1140 silly packumentCache full:https://registry.npmjs.org/object-keys set size:67744 disposed:false
1141 http fetch GET 200 https://registry.npmjs.org/path-parse 108ms (cache revalidated)
1142 silly packumentCache full:https://registry.npmjs.org/path-parse set size:14523 disposed:false
1143 silly placeDep ROOT @nolyfill/is-core-module@1.0.39 OK for: eslint-import-resolver-typescript@3.10.1 want: 1.0.39
1144 silly placeDep ROOT get-tsconfig@4.14.0 OK for: eslint-import-resolver-typescript@3.10.1 want: ^4.10.0
1145 silly placeDep ROOT is-bun-module@2.0.0 OK for: eslint-import-resolver-typescript@3.10.1 want: ^2.0.0
1146 silly placeDep ROOT stable-hash@0.0.5 OK for: eslint-import-resolver-typescript@3.10.1 want: ^0.0.5
1147 silly placeDep ROOT tinyglobby@0.2.16 OK for: eslint-import-resolver-typescript@3.10.1 want: ^0.2.13
1148 silly placeDep ROOT unrs-resolver@1.11.1 OK for: eslint-import-resolver-typescript@3.10.1 want: ^1.6.2
1149 silly fetch manifest resolve-pkg-maps@^1.0.0
1150 silly packumentCache full:https://registry.npmjs.org/resolve-pkg-maps cache-miss
1151 silly fetch manifest semver@^7.7.1
1152 silly packumentCache full:https://registry.npmjs.org/semver cache-hit
1153 silly fetch manifest fdir@^6.5.0
1154 silly packumentCache full:https://registry.npmjs.org/fdir cache-miss
1155 silly fetch manifest picomatch@^4.0.4
1156 silly packumentCache full:https://registry.npmjs.org/picomatch cache-miss
1157 silly fetch manifest napi-postinstall@^0.3.0
1158 silly packumentCache full:https://registry.npmjs.org/napi-postinstall cache-miss
1159 silly fetch manifest @unrs/resolver-binding-win32-x64-msvc@1.11.1
1160 silly packumentCache full:https://registry.npmjs.org/@unrs%2fresolver-binding-win32-x64-msvc cache-miss
1161 silly fetch manifest @unrs/resolver-binding-win32-arm64-msvc@1.11.1
1162 silly packumentCache full:https://registry.npmjs.org/@unrs%2fresolver-binding-win32-arm64-msvc cache-miss
1163 silly fetch manifest @unrs/resolver-binding-win32-ia32-msvc@1.11.1
1164 silly packumentCache full:https://registry.npmjs.org/@unrs%2fresolver-binding-win32-ia32-msvc cache-miss
1165 http fetch GET 200 https://registry.npmjs.org/napi-postinstall 92ms (cache revalidated)
1166 silly packumentCache full:https://registry.npmjs.org/napi-postinstall set size:41400 disposed:false
1167 silly fetch manifest @unrs/resolver-binding-linux-x64-gnu@1.11.1
1168 silly packumentCache full:https://registry.npmjs.org/@unrs%2fresolver-binding-linux-x64-gnu cache-miss
1169 http fetch GET 200 https://registry.npmjs.org/fdir 97ms (cache revalidated)
1170 silly packumentCache full:https://registry.npmjs.org/fdir set size:136182 disposed:false
1171 silly fetch manifest @unrs/resolver-binding-linux-x64-musl@1.11.1
1172 silly packumentCache full:https://registry.npmjs.org/@unrs%2fresolver-binding-linux-x64-musl cache-miss
1173 http fetch GET 200 https://registry.npmjs.org/resolve-pkg-maps 109ms (cache revalidated)
1174 silly packumentCache full:https://registry.npmjs.org/resolve-pkg-maps set size:11615 disposed:false
1175 silly fetch manifest @unrs/resolver-binding-freebsd-x64@1.11.1
1176 silly packumentCache full:https://registry.npmjs.org/@unrs%2fresolver-binding-freebsd-x64 cache-miss
1177 http fetch GET 200 https://registry.npmjs.org/picomatch 112ms (cache revalidated)
1178 silly packumentCache full:https://registry.npmjs.org/picomatch set size:126376 disposed:false
1179 silly fetch manifest @unrs/resolver-binding-android-arm64@1.11.1
1180 silly packumentCache full:https://registry.npmjs.org/@unrs%2fresolver-binding-android-arm64 cache-miss
1181 http fetch GET 200 https://registry.npmjs.org/@unrs%2fresolver-binding-win32-ia32-msvc 125ms (cache revalidated)
1182 silly packumentCache full:https://registry.npmjs.org/@unrs%2fresolver-binding-win32-ia32-msvc set size:59023 disposed:false
1183 silly fetch manifest @unrs/resolver-binding-linux-arm64-gnu@1.11.1
1184 silly packumentCache full:https://registry.npmjs.org/@unrs%2fresolver-binding-linux-arm64-gnu cache-miss
1185 http fetch GET 200 https://registry.npmjs.org/@unrs%2fresolver-binding-win32-arm64-msvc 131ms (cache revalidated)
1186 silly packumentCache full:https://registry.npmjs.org/@unrs%2fresolver-binding-win32-arm64-msvc set size:59292 disposed:false
1187 silly fetch manifest @unrs/resolver-binding-linux-arm64-musl@1.11.1
1188 silly packumentCache full:https://registry.npmjs.org/@unrs%2fresolver-binding-linux-arm64-musl cache-miss
1189 http fetch GET 200 https://registry.npmjs.org/@unrs%2fresolver-binding-win32-x64-msvc 136ms (cache revalidated)
1190 silly packumentCache full:https://registry.npmjs.org/@unrs%2fresolver-binding-win32-x64-msvc set size:58760 disposed:false
1191 silly fetch manifest @unrs/resolver-binding-android-arm-eabi@1.11.1
1192 silly packumentCache full:https://registry.npmjs.org/@unrs%2fresolver-binding-android-arm-eabi cache-miss
1193 http fetch GET 200 https://registry.npmjs.org/@unrs%2fresolver-binding-linux-x64-musl 111ms (cache revalidated)
1194 silly packumentCache full:https://registry.npmjs.org/@unrs%2fresolver-binding-linux-x64-musl set size:59364 disposed:false
1195 silly fetch manifest @unrs/resolver-binding-linux-arm-gnueabihf@1.11.1
1196 silly packumentCache full:https://registry.npmjs.org/@unrs%2fresolver-binding-linux-arm-gnueabihf cache-miss
1197 http fetch GET 200 https://registry.npmjs.org/@unrs%2fresolver-binding-linux-x64-gnu 119ms (cache revalidated)
1198 silly packumentCache full:https://registry.npmjs.org/@unrs%2fresolver-binding-linux-x64-gnu set size:59167 disposed:false
1199 silly fetch manifest @unrs/resolver-binding-linux-arm-musleabihf@1.11.1
1200 silly packumentCache full:https://registry.npmjs.org/@unrs%2fresolver-binding-linux-arm-musleabihf cache-miss
1201 http fetch GET 200 https://registry.npmjs.org/@unrs%2fresolver-binding-android-arm64 117ms (cache revalidated)
1202 silly packumentCache full:https://registry.npmjs.org/@unrs%2fresolver-binding-android-arm64 set size:12351 disposed:false
1203 silly fetch manifest @unrs/resolver-binding-linux-ppc64-gnu@1.11.1
1204 silly packumentCache full:https://registry.npmjs.org/@unrs%2fresolver-binding-linux-ppc64-gnu cache-miss
1205 http fetch GET 200 https://registry.npmjs.org/@unrs%2fresolver-binding-linux-arm64-gnu 115ms (cache revalidated)
1206 silly packumentCache full:https://registry.npmjs.org/@unrs%2fresolver-binding-linux-arm64-gnu set size:59697 disposed:false
1207 silly fetch manifest @unrs/resolver-binding-linux-riscv64-gnu@1.11.1
1208 silly packumentCache full:https://registry.npmjs.org/@unrs%2fresolver-binding-linux-riscv64-gnu cache-miss
1209 http fetch GET 200 https://registry.npmjs.org/@unrs%2fresolver-binding-freebsd-x64 138ms (cache revalidated)
1210 silly packumentCache full:https://registry.npmjs.org/@unrs%2fresolver-binding-freebsd-x64 set size:58172 disposed:false
1211 silly fetch manifest @unrs/resolver-binding-linux-riscv64-musl@1.11.1
1212 silly packumentCache full:https://registry.npmjs.org/@unrs%2fresolver-binding-linux-riscv64-musl cache-miss
1213 http fetch GET 200 https://registry.npmjs.org/@unrs%2fresolver-binding-android-arm-eabi 119ms (cache revalidated)
1214 silly packumentCache full:https://registry.npmjs.org/@unrs%2fresolver-binding-android-arm-eabi set size:12473 disposed:false
1215 silly fetch manifest @unrs/resolver-binding-linux-s390x-gnu@1.11.1
1216 silly packumentCache full:https://registry.npmjs.org/@unrs%2fresolver-binding-linux-s390x-gnu cache-miss
1217 http fetch GET 200 https://registry.npmjs.org/@unrs%2fresolver-binding-linux-arm64-musl 125ms (cache revalidated)
1218 silly packumentCache full:https://registry.npmjs.org/@unrs%2fresolver-binding-linux-arm64-musl set size:59889 disposed:false
1219 silly fetch manifest @unrs/resolver-binding-darwin-x64@1.11.1
1220 silly packumentCache full:https://registry.npmjs.org/@unrs%2fresolver-binding-darwin-x64 cache-miss
1221 http fetch GET 200 https://registry.npmjs.org/@unrs%2fresolver-binding-linux-arm-gnueabihf 101ms (cache revalidated)
1222 silly packumentCache full:https://registry.npmjs.org/@unrs%2fresolver-binding-linux-arm-gnueabihf set size:59902 disposed:false
1223 silly fetch manifest @unrs/resolver-binding-darwin-arm64@1.11.1
1224 silly packumentCache full:https://registry.npmjs.org/@unrs%2fresolver-binding-darwin-arm64 cache-miss
1225 http fetch GET 200 https://registry.npmjs.org/@unrs%2fresolver-binding-linux-arm-musleabihf 108ms (cache revalidated)
1226 silly packumentCache full:https://registry.npmjs.org/@unrs%2fresolver-binding-linux-arm-musleabihf set size:60135 disposed:false
1227 silly fetch manifest @unrs/resolver-binding-wasm32-wasi@1.11.1
1228 silly packumentCache full:https://registry.npmjs.org/@unrs%2fresolver-binding-wasm32-wasi cache-miss
1229 http fetch GET 200 https://registry.npmjs.org/@unrs%2fresolver-binding-linux-ppc64-gnu 119ms (cache revalidated)
1230 silly packumentCache full:https://registry.npmjs.org/@unrs%2fresolver-binding-linux-ppc64-gnu set size:59704 disposed:false
1231 http fetch GET 200 https://registry.npmjs.org/@unrs%2fresolver-binding-linux-riscv64-musl 112ms (cache revalidated)
1232 silly packumentCache full:https://registry.npmjs.org/@unrs%2fresolver-binding-linux-riscv64-musl set size:40293 disposed:false
1233 http fetch GET 200 https://registry.npmjs.org/@unrs%2fresolver-binding-linux-riscv64-gnu 121ms (cache revalidated)
1234 silly packumentCache full:https://registry.npmjs.org/@unrs%2fresolver-binding-linux-riscv64-gnu set size:50987 disposed:false
1235 http fetch GET 200 https://registry.npmjs.org/@unrs%2fresolver-binding-linux-s390x-gnu 114ms (cache revalidated)
1236 silly packumentCache full:https://registry.npmjs.org/@unrs%2fresolver-binding-linux-s390x-gnu set size:59697 disposed:false
1237 http fetch GET 200 https://registry.npmjs.org/@unrs%2fresolver-binding-darwin-x64 121ms (cache revalidated)
1238 silly packumentCache full:https://registry.npmjs.org/@unrs%2fresolver-binding-darwin-x64 set size:57901 disposed:false
1239 http fetch GET 200 https://registry.npmjs.org/@unrs%2fresolver-binding-darwin-arm64 106ms (cache revalidated)
1240 silly packumentCache full:https://registry.npmjs.org/@unrs%2fresolver-binding-darwin-arm64 set size:58434 disposed:false
1241 http fetch GET 200 https://registry.npmjs.org/@unrs%2fresolver-binding-wasm32-wasi 107ms (cache revalidated)
1242 silly packumentCache full:https://registry.npmjs.org/@unrs%2fresolver-binding-wasm32-wasi set size:61704 disposed:false
1243 silly placeDep ROOT @rtsao/scc@1.1.0 OK for: eslint-plugin-import@2.32.0 want: ^1.1.0
1244 silly placeDep ROOT array-includes@3.1.9 OK for: eslint-plugin-import@2.32.0 want: ^3.1.9
1245 silly placeDep ROOT array.prototype.findlastindex@1.2.6 OK for: eslint-plugin-import@2.32.0 want: ^1.2.6
1246 silly placeDep ROOT array.prototype.flat@1.3.3 OK for: eslint-plugin-import@2.32.0 want: ^1.3.3
1247 silly placeDep ROOT array.prototype.flatmap@1.3.3 OK for: eslint-plugin-import@2.32.0 want: ^1.3.3
1248 silly placeDep node_modules/eslint-plugin-import debug@3.2.7 OK for: eslint-plugin-import@2.32.0 want: ^3.2.7
1249 silly placeDep ROOT doctrine@2.1.0 OK for: eslint-plugin-import@2.32.0 want: ^2.1.0
1250 silly placeDep ROOT eslint-module-utils@2.12.1 OK for: eslint-plugin-import@2.32.0 want: ^2.12.1
1251 silly placeDep ROOT hasown@2.0.3 OK for: eslint-plugin-import@2.32.0 want: ^2.0.2
1252 silly placeDep ROOT object.fromentries@2.0.8 OK for: eslint-plugin-import@2.32.0 want: ^2.0.8
1253 silly placeDep ROOT object.groupby@1.0.3 OK for: eslint-plugin-import@2.32.0 want: ^1.0.3
1254 silly placeDep ROOT object.values@1.2.1 OK for: eslint-plugin-import@2.32.0 want: ^1.2.1
1255 silly placeDep ROOT semver@6.3.1 OK for: eslint-plugin-import@2.32.0 want: ^6.3.1
1256 silly placeDep ROOT string.prototype.trimend@1.0.9 OK for: eslint-plugin-import@2.32.0 want: ^1.0.9
1257 silly placeDep ROOT tsconfig-paths@3.15.0 OK for: eslint-plugin-import@2.32.0 want: ^3.15.0
1258 silly fetch manifest call-bind@^1.0.8
1259 silly packumentCache full:https://registry.npmjs.org/call-bind cache-miss
1260 silly fetch manifest call-bound@^1.0.4
1261 silly packumentCache full:https://registry.npmjs.org/call-bound cache-miss
1262 silly fetch manifest define-properties@^1.2.1
1263 silly packumentCache full:https://registry.npmjs.org/define-properties cache-miss
1264 silly fetch manifest es-abstract@^1.24.0
1265 silly packumentCache full:https://registry.npmjs.org/es-abstract cache-miss
1266 silly fetch manifest es-object-atoms@^1.1.1
1267 silly packumentCache full:https://registry.npmjs.org/es-object-atoms cache-miss
1268 silly fetch manifest get-intrinsic@^1.3.0
1269 silly packumentCache full:https://registry.npmjs.org/get-intrinsic cache-miss
1270 silly fetch manifest is-string@^1.1.1
1271 silly packumentCache full:https://registry.npmjs.org/is-string cache-miss
1272 http fetch GET 200 https://registry.npmjs.org/define-properties 92ms (cache revalidated)
1273 silly packumentCache full:https://registry.npmjs.org/define-properties set size:31491 disposed:false
1274 silly fetch manifest math-intrinsics@^1.1.0
1275 silly packumentCache full:https://registry.npmjs.org/math-intrinsics cache-miss
1276 http fetch GET 200 https://registry.npmjs.org/call-bound 95ms (cache revalidated)
1277 silly packumentCache full:https://registry.npmjs.org/call-bound set size:15317 disposed:false
1278 silly fetch manifest call-bind@^1.0.8
1279 silly packumentCache full:https://registry.npmjs.org/call-bind cache-miss
1280 http fetch GET 200 https://registry.npmjs.org/call-bind 102ms (cache revalidated)
1281 silly packumentCache full:https://registry.npmjs.org/call-bind set size:32985 disposed:false
1282 silly fetch manifest es-abstract@^1.23.9
1283 silly packumentCache full:https://registry.npmjs.org/es-abstract cache-miss
1284 http fetch GET 200 https://registry.npmjs.org/es-object-atoms 103ms (cache revalidated)
1285 silly packumentCache full:https://registry.npmjs.org/es-object-atoms set size:15304 disposed:false
1286 silly fetch manifest es-shim-unscopables@^1.1.0
1287 silly packumentCache full:https://registry.npmjs.org/es-shim-unscopables cache-miss
1288 http fetch GET 200 https://registry.npmjs.org/is-string 104ms (cache revalidated)
1289 silly packumentCache full:https://registry.npmjs.org/is-string set size:29636 disposed:false
1290 silly fetch manifest es-abstract@^1.23.5
1291 silly packumentCache full:https://registry.npmjs.org/es-abstract cache-miss
1292 http fetch GET 200 https://registry.npmjs.org/es-abstract 108ms (cache revalidated)
1293 silly packumentCache full:https://registry.npmjs.org/es-abstract set size:384124 disposed:false
1294 silly fetch manifest es-shim-unscopables@^1.0.2
1295 silly packumentCache full:https://registry.npmjs.org/es-shim-unscopables cache-miss
1296 http fetch GET 200 https://registry.npmjs.org/get-intrinsic 116ms (cache revalidated)
1297 silly packumentCache full:https://registry.npmjs.org/get-intrinsic set size:60985 disposed:false
1298 silly fetch manifest es-abstract@^1.23.5
1299 silly packumentCache full:https://registry.npmjs.org/es-abstract cache-hit
1300 silly fetch manifest es-shim-unscopables@^1.0.2
1301 silly packumentCache full:https://registry.npmjs.org/es-shim-unscopables cache-miss
1302 http fetch GET 200 https://registry.npmjs.org/math-intrinsics 110ms (cache revalidated)
1303 silly packumentCache full:https://registry.npmjs.org/math-intrinsics set size:9265 disposed:false
1304 silly fetch manifest function-bind@^1.1.2
1305 silly packumentCache full:https://registry.npmjs.org/function-bind cache-miss
1306 http fetch GET 200 https://registry.npmjs.org/call-bind 119ms (cache revalidated)
1307 silly packumentCache full:https://registry.npmjs.org/call-bind set size:32985 disposed:false
1308 silly packumentCache full:https://registry.npmjs.org/call-bind dispose
1309 silly fetch manifest call-bind@^1.0.7
1310 silly packumentCache full:https://registry.npmjs.org/call-bind cache-hit
1311 silly fetch manifest es-abstract@^1.23.2
1312 silly packumentCache full:https://registry.npmjs.org/es-abstract cache-hit
1313 silly fetch manifest es-object-atoms@^1.0.0
1314 silly packumentCache full:https://registry.npmjs.org/es-object-atoms cache-hit
1315 silly fetch manifest call-bound@^1.0.3
1316 silly packumentCache full:https://registry.npmjs.org/call-bound cache-hit
1317 silly fetch manifest call-bound@^1.0.2
1318 silly packumentCache full:https://registry.npmjs.org/call-bound cache-hit
1319 silly fetch manifest json5@^1.0.2
1320 silly packumentCache full:https://registry.npmjs.org/json5 cache-miss
1321 http fetch GET 200 https://registry.npmjs.org/es-abstract 117ms (cache revalidated)
1322 silly packumentCache full:https://registry.npmjs.org/es-abstract set size:384124 disposed:false
1323 silly packumentCache full:https://registry.npmjs.org/es-abstract dispose
1324 silly fetch manifest minimist@^1.2.6
1325 silly packumentCache full:https://registry.npmjs.org/minimist cache-miss
1326 http fetch GET 200 https://registry.npmjs.org/es-shim-unscopables 122ms (cache revalidated)
1327 silly packumentCache full:https://registry.npmjs.org/es-shim-unscopables set size:13965 disposed:false
1328 silly fetch manifest strip-bom@^3.0.0
1329 silly packumentCache full:https://registry.npmjs.org/strip-bom cache-miss
1330 http fetch GET 200 https://registry.npmjs.org/es-abstract 123ms (cache revalidated)
1331 silly packumentCache full:https://registry.npmjs.org/es-abstract set size:384124 disposed:true
1332 silly packumentCache full:https://registry.npmjs.org/es-abstract dispose
1333 silly fetch manifest @types/json5@^0.0.29
1334 silly packumentCache full:https://registry.npmjs.org/@types%2fjson5 cache-miss
1335 http fetch GET 200 https://registry.npmjs.org/es-shim-unscopables 119ms (cache revalidated)
1336 silly packumentCache full:https://registry.npmjs.org/es-shim-unscopables set size:13965 disposed:false
1337 silly packumentCache full:https://registry.npmjs.org/es-shim-unscopables dispose
1338 http fetch GET 200 https://registry.npmjs.org/es-shim-unscopables 128ms (cache revalidated)
1339 silly packumentCache full:https://registry.npmjs.org/es-shim-unscopables set size:13965 disposed:true
1340 silly packumentCache full:https://registry.npmjs.org/es-shim-unscopables dispose
1341 http fetch GET 200 https://registry.npmjs.org/function-bind 104ms (cache revalidated)
1342 silly packumentCache full:https://registry.npmjs.org/function-bind set size:15733 disposed:false
1343 http fetch GET 200 https://registry.npmjs.org/strip-bom 98ms (cache revalidated)
1344 silly packumentCache full:https://registry.npmjs.org/strip-bom set size:19359 disposed:false
1345 http fetch GET 200 https://registry.npmjs.org/minimist 102ms (cache revalidated)
1346 silly packumentCache full:https://registry.npmjs.org/minimist set size:77063 disposed:false
1347 http fetch GET 200 https://registry.npmjs.org/json5 111ms (cache revalidated)
1348 silly packumentCache full:https://registry.npmjs.org/json5 set size:86136 disposed:false
1349 http fetch GET 200 https://registry.npmjs.org/@types%2fjson5 108ms (cache revalidated)
1350 silly packumentCache full:https://registry.npmjs.org/@types%2fjson5 set size:19581 disposed:false
1351 silly placeDep ROOT call-bind@1.0.9 OK for: array-includes@3.1.9 want: ^1.0.8
1352 silly placeDep ROOT call-bound@1.0.4 OK for: array-includes@3.1.9 want: ^1.0.4
1353 silly placeDep ROOT define-properties@1.2.1 OK for: array-includes@3.1.9 want: ^1.2.1
1354 silly placeDep ROOT es-abstract@1.24.2 OK for: array-includes@3.1.9 want: ^1.24.0
1355 silly placeDep ROOT es-object-atoms@1.1.1 OK for: array-includes@3.1.9 want: ^1.1.1
1356 silly placeDep ROOT get-intrinsic@1.3.0 OK for: array-includes@3.1.9 want: ^1.3.0
1357 silly placeDep ROOT is-string@1.1.1 OK for: array-includes@3.1.9 want: ^1.1.1
1358 silly placeDep ROOT math-intrinsics@1.1.0 OK for: array-includes@3.1.9 want: ^1.1.0
1359 silly fetch manifest call-bind-apply-helpers@^1.0.2
1360 silly packumentCache full:https://registry.npmjs.org/call-bind-apply-helpers cache-miss
1361 silly fetch manifest es-define-property@^1.0.1
1362 silly packumentCache full:https://registry.npmjs.org/es-define-property cache-miss
1363 silly fetch manifest set-function-length@^1.2.2
1364 silly packumentCache full:https://registry.npmjs.org/set-function-length cache-miss
1365 silly fetch manifest call-bind-apply-helpers@^1.0.2
1366 silly packumentCache full:https://registry.npmjs.org/call-bind-apply-helpers cache-miss
1367 silly fetch manifest define-data-property@^1.0.1
1368 silly packumentCache full:https://registry.npmjs.org/define-data-property cache-miss
1369 silly fetch manifest has-property-descriptors@^1.0.0
1370 silly packumentCache full:https://registry.npmjs.org/has-property-descriptors cache-miss
1371 silly fetch manifest array-buffer-byte-length@^1.0.2
1372 silly packumentCache full:https://registry.npmjs.org/array-buffer-byte-length cache-miss
1373 http fetch GET 200 https://registry.npmjs.org/es-define-property 93ms (cache revalidated)
1374 silly packumentCache full:https://registry.npmjs.org/es-define-property set size:8542 disposed:false
1375 silly fetch manifest arraybuffer.prototype.slice@^1.0.4
1376 silly packumentCache full:https://registry.npmjs.org/arraybuffer.prototype.slice cache-miss
1377 http fetch GET 200 https://registry.npmjs.org/define-data-property 102ms (cache revalidated)
1378 silly packumentCache full:https://registry.npmjs.org/define-data-property set size:28048 disposed:false
1379 silly fetch manifest available-typed-arrays@^1.0.7
1380 silly packumentCache full:https://registry.npmjs.org/available-typed-arrays cache-miss
1381 http fetch GET 200 https://registry.npmjs.org/call-bind-apply-helpers 106ms (cache revalidated)
1382 silly packumentCache full:https://registry.npmjs.org/call-bind-apply-helpers set size:12744 disposed:false
1383 silly fetch manifest data-view-buffer@^1.0.2
1384 silly packumentCache full:https://registry.npmjs.org/data-view-buffer cache-miss
1385 http fetch GET 200 https://registry.npmjs.org/set-function-length 111ms (cache revalidated)
1386 silly packumentCache full:https://registry.npmjs.org/set-function-length set size:24261 disposed:false
1387 silly fetch manifest data-view-byte-length@^1.0.2
1388 silly packumentCache full:https://registry.npmjs.org/data-view-byte-length cache-miss
1389 http fetch GET 200 https://registry.npmjs.org/has-property-descriptors 121ms (cache revalidated)
1390 silly packumentCache full:https://registry.npmjs.org/has-property-descriptors set size:12452 disposed:false
1391 silly fetch manifest data-view-byte-offset@^1.0.1
1392 silly packumentCache full:https://registry.npmjs.org/data-view-byte-offset cache-miss
1393 http fetch GET 200 https://registry.npmjs.org/array-buffer-byte-length 125ms (cache revalidated)
1394 silly packumentCache full:https://registry.npmjs.org/array-buffer-byte-length set size:13099 disposed:false
1395 silly fetch manifest es-set-tostringtag@^2.1.0
1396 silly packumentCache full:https://registry.npmjs.org/es-set-tostringtag cache-miss
1397 http fetch GET 200 https://registry.npmjs.org/call-bind-apply-helpers 132ms (cache revalidated)
1398 silly packumentCache full:https://registry.npmjs.org/call-bind-apply-helpers set size:12744 disposed:false
1399 silly packumentCache full:https://registry.npmjs.org/call-bind-apply-helpers dispose
1400 silly fetch manifest es-to-primitive@^1.3.0
1401 silly packumentCache full:https://registry.npmjs.org/es-to-primitive cache-miss
1402 http fetch GET 200 https://registry.npmjs.org/arraybuffer.prototype.slice 111ms (cache revalidated)
1403 silly packumentCache full:https://registry.npmjs.org/arraybuffer.prototype.slice set size:20917 disposed:false
1404 silly fetch manifest function.prototype.name@^1.1.8
1405 silly packumentCache full:https://registry.npmjs.org/function.prototype.name cache-miss
1406 http fetch GET 200 https://registry.npmjs.org/data-view-buffer 115ms (cache revalidated)
1407 silly packumentCache full:https://registry.npmjs.org/data-view-buffer set size:11789 disposed:false
1408 silly fetch manifest get-proto@^1.0.1
1409 silly packumentCache full:https://registry.npmjs.org/get-proto cache-miss
1410 http fetch GET 200 https://registry.npmjs.org/data-view-byte-length 119ms (cache revalidated)
1411 silly packumentCache full:https://registry.npmjs.org/data-view-byte-length set size:12269 disposed:false
1412 silly fetch manifest get-symbol-description@^1.1.0
1413 silly packumentCache full:https://registry.npmjs.org/get-symbol-description cache-miss
1414 http fetch GET 200 https://registry.npmjs.org/es-set-tostringtag 106ms (cache revalidated)
1415 silly packumentCache full:https://registry.npmjs.org/es-set-tostringtag set size:22094 disposed:false
1416 silly fetch manifest globalthis@^1.0.4
1417 silly packumentCache full:https://registry.npmjs.org/globalthis cache-miss
1418 http fetch GET 200 https://registry.npmjs.org/es-to-primitive 103ms (cache revalidated)
1419 silly packumentCache full:https://registry.npmjs.org/es-to-primitive set size:22465 disposed:false
1420 silly fetch manifest gopd@^1.2.0
1421 silly packumentCache full:https://registry.npmjs.org/gopd cache-miss
1422 http fetch GET 200 https://registry.npmjs.org/data-view-byte-offset 116ms (cache revalidated)
1423 silly packumentCache full:https://registry.npmjs.org/data-view-byte-offset set size:9200 disposed:false
1424 silly fetch manifest has-property-descriptors@^1.0.2
1425 silly packumentCache full:https://registry.npmjs.org/has-property-descriptors cache-hit
1426 silly fetch manifest has-proto@^1.2.0
1427 silly packumentCache full:https://registry.npmjs.org/has-proto cache-miss
1428 http fetch GET 200 https://registry.npmjs.org/available-typed-arrays 138ms (cache revalidated)
1429 silly packumentCache full:https://registry.npmjs.org/available-typed-arrays set size:31390 disposed:false
1430 silly fetch manifest has-symbols@^1.1.0
1431 silly packumentCache full:https://registry.npmjs.org/has-symbols cache-miss
1432 http fetch GET 200 https://registry.npmjs.org/function.prototype.name 96ms (cache revalidated)
1433 silly packumentCache full:https://registry.npmjs.org/function.prototype.name set size:44756 disposed:false
1434 silly fetch manifest internal-slot@^1.1.0
1435 silly packumentCache full:https://registry.npmjs.org/internal-slot cache-miss
1436 http fetch GET 200 https://registry.npmjs.org/get-proto 103ms (cache revalidated)
1437 silly packumentCache full:https://registry.npmjs.org/get-proto set size:8300 disposed:false
1438 silly fetch manifest is-array-buffer@^3.0.5
1439 silly packumentCache full:https://registry.npmjs.org/is-array-buffer cache-miss
1440 http fetch GET 200 https://registry.npmjs.org/has-symbols 89ms (cache revalidated)
1441 silly packumentCache full:https://registry.npmjs.org/has-symbols set size:21550 disposed:false
1442 silly fetch manifest is-callable@^1.2.7
1443 silly packumentCache full:https://registry.npmjs.org/is-callable cache-miss
1444 http fetch GET 200 https://registry.npmjs.org/globalthis 100ms (cache revalidated)
1445 silly packumentCache full:https://registry.npmjs.org/globalthis set size:22522 disposed:false
1446 silly fetch manifest is-data-view@^1.0.2
1447 silly packumentCache full:https://registry.npmjs.org/is-data-view cache-miss
1448 http fetch GET 200 https://registry.npmjs.org/gopd 100ms (cache revalidated)
1449 silly packumentCache full:https://registry.npmjs.org/gopd set size:11458 disposed:false
1450 silly fetch manifest is-negative-zero@^2.0.3
1451 silly packumentCache full:https://registry.npmjs.org/is-negative-zero cache-miss
1452 http fetch GET 200 https://registry.npmjs.org/get-symbol-description 105ms (cache revalidated)
1453 silly packumentCache full:https://registry.npmjs.org/get-symbol-description set size:15540 disposed:false
1454 silly fetch manifest is-regex@^1.2.1
1455 silly packumentCache full:https://registry.npmjs.org/is-regex cache-miss
1456 http fetch GET 200 https://registry.npmjs.org/has-proto 111ms (cache revalidated)
1457 silly packumentCache full:https://registry.npmjs.org/has-proto set size:21527 disposed:false
1458 silly fetch manifest is-set@^2.0.3
1459 silly packumentCache full:https://registry.npmjs.org/is-set cache-miss
1460 http fetch GET 200 https://registry.npmjs.org/internal-slot 85ms (cache revalidated)
1461 silly packumentCache full:https://registry.npmjs.org/internal-slot set size:30267 disposed:false
1462 silly fetch manifest is-shared-array-buffer@^1.0.4
1463 silly packumentCache full:https://registry.npmjs.org/is-shared-array-buffer cache-miss
1464 http fetch GET 200 https://registry.npmjs.org/is-callable 89ms (cache revalidated)
1465 silly packumentCache full:https://registry.npmjs.org/is-callable set size:66606 disposed:false
1466 silly fetch manifest is-typed-array@^1.1.15
1467 silly packumentCache full:https://registry.npmjs.org/is-typed-array cache-miss
1468 http fetch GET 200 https://registry.npmjs.org/is-array-buffer 106ms (cache revalidated)
1469 silly packumentCache full:https://registry.npmjs.org/is-array-buffer set size:33562 disposed:false
1470 silly fetch manifest is-weakref@^1.1.1
1471 silly packumentCache full:https://registry.npmjs.org/is-weakref cache-miss
1472 http fetch GET 200 https://registry.npmjs.org/is-negative-zero 100ms (cache revalidated)
1473 silly packumentCache full:https://registry.npmjs.org/is-negative-zero set size:22152 disposed:false
1474 silly fetch manifest object-inspect@^1.13.4
1475 silly packumentCache full:https://registry.npmjs.org/object-inspect cache-miss
1476 http fetch GET 200 https://registry.npmjs.org/is-data-view 104ms (cache revalidated)
1477 silly packumentCache full:https://registry.npmjs.org/is-data-view set size:13756 disposed:false
1478 silly fetch manifest object.assign@^4.1.7
1479 silly packumentCache full:https://registry.npmjs.org/object.assign cache-miss
1480 http fetch GET 200 https://registry.npmjs.org/is-regex 104ms (cache revalidated)
1481 silly packumentCache full:https://registry.npmjs.org/is-regex set size:42924 disposed:false
1482 silly fetch manifest own-keys@^1.0.1
1483 silly packumentCache full:https://registry.npmjs.org/own-keys cache-miss
1484 http fetch GET 200 https://registry.npmjs.org/is-set 99ms (cache revalidated)
1485 silly packumentCache full:https://registry.npmjs.org/is-set set size:16614 disposed:false
1486 silly fetch manifest regexp.prototype.flags@^1.5.4
1487 silly packumentCache full:https://registry.npmjs.org/regexp.prototype.flags cache-miss
1488 http fetch GET 200 https://registry.npmjs.org/is-shared-array-buffer 84ms (cache revalidated)
1489 silly packumentCache full:https://registry.npmjs.org/is-shared-array-buffer set size:19880 disposed:false
1490 silly fetch manifest safe-array-concat@^1.1.3
1491 silly packumentCache full:https://registry.npmjs.org/safe-array-concat cache-miss
1492 http fetch GET 200 https://registry.npmjs.org/is-typed-array 103ms (cache revalidated)
1493 silly packumentCache full:https://registry.npmjs.org/is-typed-array set size:79965 disposed:false
1494 silly fetch manifest safe-push-apply@^1.0.0
1495 silly packumentCache full:https://registry.npmjs.org/safe-push-apply cache-miss
1496 http fetch GET 200 https://registry.npmjs.org/is-weakref 105ms (cache revalidated)
1497 silly packumentCache full:https://registry.npmjs.org/is-weakref set size:18473 disposed:false
1498 silly fetch manifest safe-regex-test@^1.1.0
1499 silly packumentCache full:https://registry.npmjs.org/safe-regex-test cache-hit
1500 silly fetch manifest set-proto@^1.0.0
1501 silly packumentCache full:https://registry.npmjs.org/set-proto cache-miss
1502 http fetch GET 200 https://registry.npmjs.org/object.assign 103ms (cache revalidated)
1503 silly packumentCache full:https://registry.npmjs.org/object.assign set size:85907 disposed:false
1504 silly fetch manifest stop-iteration-iterator@^1.1.0
1505 silly packumentCache full:https://registry.npmjs.org/stop-iteration-iterator cache-miss
1506 http fetch GET 200 https://registry.npmjs.org/object-inspect 111ms (cache revalidated)
1507 silly packumentCache full:https://registry.npmjs.org/object-inspect set size:101912 disposed:false
1508 silly fetch manifest string.prototype.trim@^1.2.10
1509 silly packumentCache full:https://registry.npmjs.org/string.prototype.trim cache-miss
1510 http fetch GET 200 https://registry.npmjs.org/own-keys 112ms (cache revalidated)
1511 silly packumentCache full:https://registry.npmjs.org/own-keys set size:8735 disposed:false
1512 silly fetch manifest string.prototype.trimstart@^1.0.8
1513 silly packumentCache full:https://registry.npmjs.org/string.prototype.trimstart cache-miss
1514 http fetch GET 200 https://registry.npmjs.org/regexp.prototype.flags 107ms (cache revalidated)
1515 silly packumentCache full:https://registry.npmjs.org/regexp.prototype.flags set size:60621 disposed:false
1516 silly fetch manifest typed-array-buffer@^1.0.3
1517 silly packumentCache full:https://registry.npmjs.org/typed-array-buffer cache-miss
1518 http fetch GET 200 https://registry.npmjs.org/safe-array-concat 96ms (cache revalidated)
1519 silly packumentCache full:https://registry.npmjs.org/safe-array-concat set size:25516 disposed:false
1520 silly fetch manifest typed-array-byte-length@^1.0.3
1521 silly packumentCache full:https://registry.npmjs.org/typed-array-byte-length cache-miss
1522 http fetch GET 200 https://registry.npmjs.org/safe-push-apply 100ms (cache revalidated)
1523 silly packumentCache full:https://registry.npmjs.org/safe-push-apply set size:5759 disposed:false
1524 silly fetch manifest typed-array-byte-offset@^1.0.4
1525 silly packumentCache full:https://registry.npmjs.org/typed-array-byte-offset cache-miss
1526 http fetch GET 200 https://registry.npmjs.org/set-proto 109ms (cache revalidated)
1527 silly packumentCache full:https://registry.npmjs.org/set-proto set size:5334 disposed:false
1528 silly fetch manifest typed-array-length@^1.0.7
1529 silly packumentCache full:https://registry.npmjs.org/typed-array-length cache-miss
1530 http fetch GET 200 https://registry.npmjs.org/stop-iteration-iterator 106ms (cache revalidated)
1531 silly packumentCache full:https://registry.npmjs.org/stop-iteration-iterator set size:9160 disposed:false
1532 silly fetch manifest unbox-primitive@^1.1.0
1533 silly packumentCache full:https://registry.npmjs.org/unbox-primitive cache-miss
1534 http fetch GET 200 https://registry.npmjs.org/string.prototype.trim 112ms (cache revalidated)
1535 silly packumentCache full:https://registry.npmjs.org/string.prototype.trim set size:54116 disposed:false
1536 silly fetch manifest which-typed-array@^1.1.19
1537 silly packumentCache full:https://registry.npmjs.org/which-typed-array cache-miss
1538 http fetch GET 200 https://registry.npmjs.org/string.prototype.trimstart 109ms (cache revalidated)
1539 silly packumentCache full:https://registry.npmjs.org/string.prototype.trimstart set size:38291 disposed:false
1540 silly fetch manifest has-tostringtag@^1.0.2
1541 silly packumentCache full:https://registry.npmjs.org/has-tostringtag cache-miss
1542 http fetch GET 200 https://registry.npmjs.org/typed-array-byte-length 99ms (cache revalidated)
1543 silly packumentCache full:https://registry.npmjs.org/typed-array-byte-length set size:18382 disposed:false
1544 http fetch GET 200 https://registry.npmjs.org/typed-array-buffer 110ms (cache revalidated)
1545 silly packumentCache full:https://registry.npmjs.org/typed-array-buffer set size:14045 disposed:false
1546 http fetch GET 200 https://registry.npmjs.org/typed-array-byte-offset 85ms (cache revalidated)
1547 silly packumentCache full:https://registry.npmjs.org/typed-array-byte-offset set size:21714 disposed:false
1548 http fetch GET 200 https://registry.npmjs.org/unbox-primitive 103ms (cache revalidated)
1549 silly packumentCache full:https://registry.npmjs.org/unbox-primitive set size:15669 disposed:false
1550 http fetch GET 200 https://registry.npmjs.org/typed-array-length 109ms (cache revalidated)
1551 silly packumentCache full:https://registry.npmjs.org/typed-array-length set size:32113 disposed:false
1552 http fetch GET 200 https://registry.npmjs.org/which-typed-array 99ms (cache revalidated)
1553 silly packumentCache full:https://registry.npmjs.org/which-typed-array set size:93605 disposed:false
1554 http fetch GET 200 https://registry.npmjs.org/has-tostringtag 98ms (cache revalidated)
1555 silly packumentCache full:https://registry.npmjs.org/has-tostringtag set size:13945 disposed:false
1556 silly placeDep ROOT es-errors@1.3.0 OK for: array.prototype.findlastindex@1.2.6 want: ^1.3.0
1557 silly placeDep ROOT es-shim-unscopables@1.1.0 OK for: array.prototype.findlastindex@1.2.6 want: ^1.1.0
1558 silly placeDep ROOT call-bind-apply-helpers@1.0.2 OK for: call-bind@1.0.9 want: ^1.0.2
1559 silly placeDep ROOT es-define-property@1.0.1 OK for: call-bind@1.0.9 want: ^1.0.1
1560 silly placeDep ROOT set-function-length@1.2.2 OK for: call-bind@1.0.9 want: ^1.2.2
1561 silly fetch manifest define-data-property@^1.1.4
1562 silly packumentCache full:https://registry.npmjs.org/define-data-property cache-hit
1563 silly fetch manifest gopd@^1.0.1
1564 silly packumentCache full:https://registry.npmjs.org/gopd cache-hit
1565 silly placeDep ROOT function-bind@1.1.2 OK for: call-bind-apply-helpers@1.0.2 want: ^1.1.2
1566 silly placeDep ROOT define-data-property@1.1.4 OK for: define-properties@1.2.1 want: ^1.0.1
1567 silly placeDep ROOT has-property-descriptors@1.0.2 OK for: define-properties@1.2.1 want: ^1.0.0
1568 silly placeDep ROOT object-keys@1.1.1 OK for: define-properties@1.2.1 want: ^1.1.1
1569 silly placeDep ROOT gopd@1.2.0 OK for: define-data-property@1.1.4 want: ^1.0.1
1570 silly placeDep ROOT array-buffer-byte-length@1.0.2 OK for: es-abstract@1.24.2 want: ^1.0.2
1571 silly placeDep ROOT arraybuffer.prototype.slice@1.0.4 OK for: es-abstract@1.24.2 want: ^1.0.4
1572 silly placeDep ROOT available-typed-arrays@1.0.7 OK for: es-abstract@1.24.2 want: ^1.0.7
1573 silly placeDep ROOT data-view-buffer@1.0.2 OK for: es-abstract@1.24.2 want: ^1.0.2
1574 silly placeDep ROOT data-view-byte-length@1.0.2 OK for: es-abstract@1.24.2 want: ^1.0.2
1575 silly placeDep ROOT data-view-byte-offset@1.0.1 OK for: es-abstract@1.24.2 want: ^1.0.1
1576 silly placeDep ROOT es-set-tostringtag@2.1.0 OK for: es-abstract@1.24.2 want: ^2.1.0
1577 silly placeDep ROOT es-to-primitive@1.3.0 OK for: es-abstract@1.24.2 want: ^1.3.0
1578 silly placeDep ROOT function.prototype.name@1.1.8 OK for: es-abstract@1.24.2 want: ^1.1.8
1579 silly placeDep ROOT get-proto@1.0.1 OK for: es-abstract@1.24.2 want: ^1.0.1
1580 silly placeDep ROOT get-symbol-description@1.1.0 OK for: es-abstract@1.24.2 want: ^1.1.0
1581 silly placeDep ROOT globalthis@1.0.4 OK for: es-abstract@1.24.2 want: ^1.0.4
1582 silly placeDep ROOT has-proto@1.2.0 OK for: es-abstract@1.24.2 want: ^1.2.0
1583 silly placeDep ROOT has-symbols@1.1.0 OK for: es-abstract@1.24.2 want: ^1.1.0
1584 silly placeDep ROOT internal-slot@1.1.0 OK for: es-abstract@1.24.2 want: ^1.1.0
1585 silly placeDep ROOT is-array-buffer@3.0.5 OK for: es-abstract@1.24.2 want: ^3.0.5
1586 silly placeDep ROOT is-callable@1.2.7 OK for: es-abstract@1.24.2 want: ^1.2.7
1587 silly placeDep ROOT is-data-view@1.0.2 OK for: es-abstract@1.24.2 want: ^1.0.2
1588 silly placeDep ROOT is-negative-zero@2.0.3 OK for: es-abstract@1.24.2 want: ^2.0.3
1589 silly placeDep ROOT is-regex@1.2.1 OK for: es-abstract@1.24.2 want: ^1.2.1
1590 silly placeDep ROOT is-set@2.0.3 OK for: es-abstract@1.24.2 want: ^2.0.3
1591 silly placeDep ROOT is-shared-array-buffer@1.0.4 OK for: es-abstract@1.24.2 want: ^1.0.4
1592 silly placeDep ROOT is-typed-array@1.1.15 OK for: es-abstract@1.24.2 want: ^1.1.15
1593 silly placeDep ROOT is-weakref@1.1.1 OK for: es-abstract@1.24.2 want: ^1.1.1
1594 silly placeDep ROOT object-inspect@1.13.4 OK for: es-abstract@1.24.2 want: ^1.13.4
1595 silly placeDep ROOT object.assign@4.1.7 OK for: es-abstract@1.24.2 want: ^4.1.7
1596 silly placeDep ROOT own-keys@1.0.1 OK for: es-abstract@1.24.2 want: ^1.0.1
1597 silly placeDep ROOT regexp.prototype.flags@1.5.4 OK for: es-abstract@1.24.2 want: ^1.5.4
1598 silly placeDep ROOT safe-array-concat@1.1.4 OK for: es-abstract@1.24.2 want: ^1.1.3
1599 silly placeDep ROOT safe-push-apply@1.0.0 OK for: es-abstract@1.24.2 want: ^1.0.0
1600 silly placeDep ROOT safe-regex-test@1.1.0 OK for: es-abstract@1.24.2 want: ^1.1.0
1601 silly placeDep ROOT set-proto@1.0.0 OK for: es-abstract@1.24.2 want: ^1.0.0
1602 silly placeDep ROOT stop-iteration-iterator@1.1.0 OK for: es-abstract@1.24.2 want: ^1.1.0
1603 silly placeDep ROOT string.prototype.trim@1.2.10 OK for: es-abstract@1.24.2 want: ^1.2.10
1604 silly placeDep ROOT string.prototype.trimstart@1.0.8 OK for: es-abstract@1.24.2 want: ^1.0.8
1605 silly placeDep ROOT typed-array-buffer@1.0.3 OK for: es-abstract@1.24.2 want: ^1.0.3
1606 silly placeDep ROOT typed-array-byte-length@1.0.3 OK for: es-abstract@1.24.2 want: ^1.0.3
1607 silly placeDep ROOT typed-array-byte-offset@1.0.4 OK for: es-abstract@1.24.2 want: ^1.0.4
1608 silly placeDep ROOT typed-array-length@1.0.7 OK for: es-abstract@1.24.2 want: ^1.0.7
1609 silly placeDep ROOT unbox-primitive@1.1.0 OK for: es-abstract@1.24.2 want: ^1.1.0
1610 silly placeDep ROOT which-typed-array@1.1.20 OK for: es-abstract@1.24.2 want: ^1.1.19
1611 silly fetch manifest is-array-buffer@^3.0.4
1612 silly packumentCache full:https://registry.npmjs.org/is-array-buffer cache-hit
1613 silly fetch manifest possible-typed-array-names@^1.0.0
1614 silly packumentCache full:https://registry.npmjs.org/possible-typed-array-names cache-miss
1615 silly fetch manifest is-data-view@^1.0.1
1616 silly packumentCache full:https://registry.npmjs.org/is-data-view cache-hit
1617 silly fetch manifest is-date-object@^1.0.5
1618 silly packumentCache full:https://registry.npmjs.org/is-date-object cache-miss
1619 silly fetch manifest is-symbol@^1.0.4
1620 silly packumentCache full:https://registry.npmjs.org/is-symbol cache-miss
1621 silly fetch manifest functions-have-names@^1.2.3
1622 silly packumentCache full:https://registry.npmjs.org/functions-have-names cache-miss
1623 silly fetch manifest dunder-proto@^1.0.1
1624 silly packumentCache full:https://registry.npmjs.org/dunder-proto cache-miss
1625 silly fetch manifest dunder-proto@^1.0.0
1626 silly packumentCache full:https://registry.npmjs.org/dunder-proto cache-miss
1627 silly fetch manifest side-channel@^1.1.0
1628 silly packumentCache full:https://registry.npmjs.org/side-channel cache-miss
1629 http fetch GET 200 https://registry.npmjs.org/is-date-object 89ms (cache revalidated)
1630 silly packumentCache full:https://registry.npmjs.org/is-date-object set size:25050 disposed:false
1631 silly fetch manifest is-typed-array@^1.1.13
1632 silly packumentCache full:https://registry.npmjs.org/is-typed-array cache-hit
1633 silly fetch manifest which-typed-array@^1.1.16
1634 silly packumentCache full:https://registry.npmjs.org/which-typed-array cache-hit
1635 silly fetch manifest set-function-name@^2.0.2
1636 silly packumentCache full:https://registry.npmjs.org/set-function-name cache-miss
1637 http fetch GET 200 https://registry.npmjs.org/possible-typed-array-names 97ms (cache revalidated)
1638 silly packumentCache full:https://registry.npmjs.org/possible-typed-array-names set size:9167 disposed:false
1639 silly fetch manifest isarray@^2.0.5
1640 silly packumentCache full:https://registry.npmjs.org/isarray cache-miss
1641 http fetch GET 200 https://registry.npmjs.org/functions-have-names 103ms (cache revalidated)
1642 silly packumentCache full:https://registry.npmjs.org/functions-have-names set size:24196 disposed:false
1643 silly fetch manifest isarray@^2.0.5
1644 silly packumentCache full:https://registry.npmjs.org/isarray cache-miss
1645 http fetch GET 200 https://registry.npmjs.org/dunder-proto 107ms (cache revalidated)
1646 silly packumentCache full:https://registry.npmjs.org/dunder-proto set size:8256 disposed:false
1647 silly fetch manifest dunder-proto@^1.0.1
1648 silly packumentCache full:https://registry.npmjs.org/dunder-proto cache-hit
1649 silly fetch manifest for-each@^0.3.3
1650 silly packumentCache full:https://registry.npmjs.org/for-each cache-miss
1651 http fetch GET 200 https://registry.npmjs.org/dunder-proto 111ms (cache revalidated)
1652 silly packumentCache full:https://registry.npmjs.org/dunder-proto set size:8256 disposed:false
1653 silly packumentCache full:https://registry.npmjs.org/dunder-proto dispose
1654 silly fetch manifest for-each@^0.3.3
1655 silly packumentCache full:https://registry.npmjs.org/for-each cache-miss
1656 http fetch GET 200 https://registry.npmjs.org/side-channel 121ms (cache revalidated)
1657 silly packumentCache full:https://registry.npmjs.org/side-channel set size:24660 disposed:false
1658 silly fetch manifest reflect.getprototypeof@^1.0.9
1659 silly packumentCache full:https://registry.npmjs.org/reflect.getprototypeof cache-miss
1660 http fetch GET 200 https://registry.npmjs.org/is-symbol 125ms (cache revalidated)
1661 silly packumentCache full:https://registry.npmjs.org/is-symbol set size:22675 disposed:false
1662 silly fetch manifest for-each@^0.3.3
1663 silly packumentCache full:https://registry.npmjs.org/for-each cache-miss
1664 http fetch GET 200 https://registry.npmjs.org/set-function-name 95ms (cache revalidated)
1665 silly packumentCache full:https://registry.npmjs.org/set-function-name set size:13766 disposed:false
1666 silly fetch manifest reflect.getprototypeof@^1.0.6
1667 silly packumentCache full:https://registry.npmjs.org/reflect.getprototypeof cache-miss
1668 http fetch GET 200 https://registry.npmjs.org/isarray 112ms (cache revalidated)
1669 silly packumentCache full:https://registry.npmjs.org/isarray set size:17392 disposed:false
1670 silly fetch manifest has-bigints@^1.0.2
1671 silly packumentCache full:https://registry.npmjs.org/has-bigints cache-miss
1672 http fetch GET 200 https://registry.npmjs.org/isarray 115ms (cache revalidated)
1673 silly packumentCache full:https://registry.npmjs.org/isarray set size:17392 disposed:false
1674 silly packumentCache full:https://registry.npmjs.org/isarray dispose
1675 silly fetch manifest which-boxed-primitive@^1.1.1
1676 silly packumentCache full:https://registry.npmjs.org/which-boxed-primitive cache-miss
1677 http fetch GET 200 https://registry.npmjs.org/for-each 111ms (cache revalidated)
1678 silly packumentCache full:https://registry.npmjs.org/for-each set size:14327 disposed:false
1679 silly fetch manifest for-each@^0.3.5
1680 silly packumentCache full:https://registry.npmjs.org/for-each cache-hit
1681 http fetch GET 200 https://registry.npmjs.org/reflect.getprototypeof 100ms (cache revalidated)
1682 silly packumentCache full:https://registry.npmjs.org/reflect.getprototypeof set size:44083 disposed:false
1683 http fetch GET 200 https://registry.npmjs.org/for-each 105ms (cache revalidated)
1684 silly packumentCache full:https://registry.npmjs.org/for-each set size:14327 disposed:false
1685 silly packumentCache full:https://registry.npmjs.org/for-each dispose
1686 http fetch GET 200 https://registry.npmjs.org/for-each 120ms (cache revalidated)
1687 silly packumentCache full:https://registry.npmjs.org/for-each set size:14327 disposed:true
1688 silly packumentCache full:https://registry.npmjs.org/for-each dispose
1689 http fetch GET 200 https://registry.npmjs.org/reflect.getprototypeof 93ms (cache revalidated)
1690 silly packumentCache full:https://registry.npmjs.org/reflect.getprototypeof set size:44083 disposed:false
1691 silly packumentCache full:https://registry.npmjs.org/reflect.getprototypeof dispose
1692 http fetch GET 200 https://registry.npmjs.org/has-bigints 91ms (cache revalidated)
1693 silly packumentCache full:https://registry.npmjs.org/has-bigints set size:14176 disposed:false
1694 http fetch GET 200 https://registry.npmjs.org/which-boxed-primitive 98ms (cache revalidated)
1695 silly packumentCache full:https://registry.npmjs.org/which-boxed-primitive set size:19407 disposed:false
1696 silly placeDep ROOT possible-typed-array-names@1.1.0 OK for: available-typed-arrays@1.0.7 want: ^1.0.0
1697 silly placeDep ROOT has-tostringtag@1.0.2 OK for: es-set-tostringtag@2.1.0 want: ^1.0.2
1698 silly placeDep ROOT is-date-object@1.1.0 OK for: es-to-primitive@1.3.0 want: ^1.0.5
1699 silly placeDep ROOT is-symbol@1.1.1 OK for: es-to-primitive@1.3.0 want: ^1.0.4
1700 silly placeDep node_modules/eslint-module-utils debug@3.2.7 OK for: eslint-module-utils@2.12.1 want: ^3.2.7
1701 silly placeDep ROOT aria-query@5.3.2 OK for: eslint-plugin-jsx-a11y@6.10.2 want: ^5.3.2
1702 silly placeDep ROOT ast-types-flow@0.0.8 OK for: eslint-plugin-jsx-a11y@6.10.2 want: ^0.0.8
1703 silly placeDep ROOT axe-core@4.11.3 OK for: eslint-plugin-jsx-a11y@6.10.2 want: ^4.10.0
1704 silly placeDep ROOT axobject-query@4.1.0 OK for: eslint-plugin-jsx-a11y@6.10.2 want: ^4.1.0
1705 silly placeDep ROOT damerau-levenshtein@1.0.8 OK for: eslint-plugin-jsx-a11y@6.10.2 want: ^1.0.8
1706 silly placeDep ROOT emoji-regex@9.2.2 OK for: eslint-plugin-jsx-a11y@6.10.2 want: ^9.2.2
1707 silly placeDep ROOT jsx-ast-utils@3.3.5 OK for: eslint-plugin-jsx-a11y@6.10.2 want: ^3.3.5
1708 silly placeDep ROOT language-tags@1.0.9 OK for: eslint-plugin-jsx-a11y@6.10.2 want: ^1.0.9
1709 silly placeDep ROOT string.prototype.includes@2.0.1 OK for: eslint-plugin-jsx-a11y@6.10.2 want: ^2.0.1
1710 silly fetch manifest language-subtag-registry@^0.3.20
1711 silly packumentCache full:https://registry.npmjs.org/language-subtag-registry cache-miss
1712 http fetch GET 200 https://registry.npmjs.org/language-subtag-registry 87ms (cache revalidated)
1713 silly packumentCache full:https://registry.npmjs.org/language-subtag-registry set size:46437 disposed:false
1714 silly placeDep ROOT array.prototype.findlast@1.2.5 OK for: eslint-plugin-react@7.37.5 want: ^1.2.5
1715 silly placeDep ROOT array.prototype.tosorted@1.1.4 OK for: eslint-plugin-react@7.37.5 want: ^1.1.4
1716 silly placeDep ROOT es-iterator-helpers@1.3.2 OK for: eslint-plugin-react@7.37.5 want: ^1.2.1
1717 silly placeDep ROOT estraverse@5.3.0 OK for: eslint-plugin-react@7.37.5 want: ^5.3.0
1718 silly placeDep ROOT object.entries@1.1.9 OK for: eslint-plugin-react@7.37.5 want: ^1.1.9
1719 silly placeDep ROOT prop-types@15.8.1 OK for: eslint-plugin-react@7.37.5 want: ^15.8.1
1720 silly placeDep ROOT string.prototype.matchall@4.0.12 OK for: eslint-plugin-react@7.37.5 want: ^4.0.12
1721 silly placeDep ROOT string.prototype.repeat@1.0.0 OK for: eslint-plugin-react@7.37.5 want: ^1.0.0
1722 silly fetch manifest iterator.prototype@^1.1.5
1723 silly packumentCache full:https://registry.npmjs.org/iterator.prototype cache-miss
1724 silly fetch manifest loose-envify@^1.4.0
1725 silly packumentCache full:https://registry.npmjs.org/loose-envify cache-miss
1726 silly fetch manifest object-assign@^4.1.1
1727 silly packumentCache full:https://registry.npmjs.org/object-assign cache-miss
1728 silly fetch manifest react-is@^16.13.1
1729 silly packumentCache full:https://registry.npmjs.org/react-is cache-miss
1730 http fetch GET 200 https://registry.npmjs.org/loose-envify 91ms (cache revalidated)
1731 silly packumentCache full:https://registry.npmjs.org/loose-envify set size:12559 disposed:false
1732 http fetch GET 200 https://registry.npmjs.org/iterator.prototype 96ms (cache revalidated)
1733 silly packumentCache full:https://registry.npmjs.org/iterator.prototype set size:26870 disposed:false
1734 http fetch GET 200 https://registry.npmjs.org/object-assign 97ms (cache revalidated)
1735 silly packumentCache full:https://registry.npmjs.org/object-assign set size:28988 disposed:false
1736 http fetch GET 200 https://registry.npmjs.org/react-is 124ms (cache revalidated)
1737 silly packumentCache full:https://registry.npmjs.org/react-is set size:5364656 disposed:false
1738 silly placeDep ROOT iterator.prototype@1.1.5 OK for: es-iterator-helpers@1.3.2 want: ^1.1.5
1739 silly placeDep ROOT @babel/core@7.29.0 OK for: eslint-plugin-react-hooks@7.1.1 want: ^7.24.4
1740 silly placeDep ROOT @babel/parser@7.29.2 OK for: eslint-plugin-react-hooks@7.1.1 want: ^7.24.4
1741 silly placeDep ROOT hermes-parser@0.25.1 OK for: eslint-plugin-react-hooks@7.1.1 want: ^0.25.1
1742 silly placeDep ROOT zod@4.3.6 OK for: eslint-plugin-react-hooks@7.1.1 want: ^3.25.0 || ^4.0.0
1743 silly placeDep ROOT zod-validation-error@4.0.2 OK for: eslint-plugin-react-hooks@7.1.1 want: ^3.5.0 || ^4.0.0
1744 silly fetch manifest json5@^2.2.3
1745 silly packumentCache full:https://registry.npmjs.org/json5 cache-hit
1746 silly fetch manifest gensync@^1.0.0-beta.2
1747 silly packumentCache full:https://registry.npmjs.org/gensync cache-miss
1748 silly fetch manifest @babel/types@^7.29.0
1749 silly packumentCache full:https://registry.npmjs.org/@babel%2ftypes cache-miss
1750 silly fetch manifest @babel/parser@^7.29.0
1751 silly packumentCache full:https://registry.npmjs.org/@babel%2fparser cache-hit
1752 silly fetch manifest @babel/helpers@^7.28.6
1753 silly packumentCache full:https://registry.npmjs.org/@babel%2fhelpers cache-miss
1754 silly fetch manifest @babel/template@^7.28.6
1755 silly packumentCache full:https://registry.npmjs.org/@babel%2ftemplate cache-miss
1756 silly fetch manifest @babel/traverse@^7.29.0
1757 silly packumentCache full:https://registry.npmjs.org/@babel%2ftraverse cache-miss
1758 silly fetch manifest @babel/generator@^7.29.0
1759 silly packumentCache full:https://registry.npmjs.org/@babel%2fgenerator cache-miss
1760 silly fetch manifest @babel/code-frame@^7.29.0
1761 silly packumentCache full:https://registry.npmjs.org/@babel%2fcode-frame cache-miss
1762 http fetch GET 200 https://registry.npmjs.org/@babel%2fhelpers 103ms (cache revalidated)
1763 silly packumentCache full:https://registry.npmjs.org/@babel%2fhelpers set size:388224 disposed:false
1764 silly fetch manifest convert-source-map@^2.0.0
1765 silly packumentCache full:https://registry.npmjs.org/convert-source-map cache-miss
1766 http fetch GET 200 https://registry.npmjs.org/@babel%2ftypes 109ms (cache revalidated)
1767 silly packumentCache full:https://registry.npmjs.org/@babel%2ftypes set size:487885 disposed:false
1768 silly fetch manifest @babel/helper-module-transforms@^7.28.6
1769 silly packumentCache full:https://registry.npmjs.org/@babel%2fhelper-module-transforms cache-miss
1770 http fetch GET 200 https://registry.npmjs.org/gensync 118ms (cache revalidated)
1771 silly packumentCache full:https://registry.npmjs.org/gensync set size:15068 disposed:false
1772 silly fetch manifest @babel/helper-compilation-targets@^7.28.6
1773 silly packumentCache full:https://registry.npmjs.org/@babel%2fhelper-compilation-targets cache-miss
1774 http fetch GET 200 https://registry.npmjs.org/@babel%2ftemplate 121ms (cache revalidated)
1775 silly packumentCache full:https://registry.npmjs.org/@babel%2ftemplate set size:227169 disposed:false
1776 silly fetch manifest hermes-estree@0.25.1
1777 silly packumentCache full:https://registry.npmjs.org/hermes-estree cache-miss
1778 http fetch GET 200 https://registry.npmjs.org/@babel%2fgenerator 126ms (cache revalidated)
1779 silly packumentCache full:https://registry.npmjs.org/@babel%2fgenerator set size:507107 disposed:false
1780 http fetch GET 200 https://registry.npmjs.org/@babel%2ftraverse 133ms (cache revalidated)
1781 silly packumentCache full:https://registry.npmjs.org/@babel%2ftraverse set size:548722 disposed:false
1782 http fetch GET 200 https://registry.npmjs.org/@babel%2fcode-frame 139ms (cache revalidated)
1783 silly packumentCache full:https://registry.npmjs.org/@babel%2fcode-frame set size:196196 disposed:false
1784 http fetch GET 200 https://registry.npmjs.org/convert-source-map 139ms (cache revalidated)
1785 silly packumentCache full:https://registry.npmjs.org/convert-source-map set size:66997 disposed:false
1786 http fetch GET 200 https://registry.npmjs.org/hermes-estree 124ms (cache revalidated)
1787 silly packumentCache full:https://registry.npmjs.org/hermes-estree set size:127958 disposed:false
1788 http fetch GET 200 https://registry.npmjs.org/@babel%2fhelper-module-transforms 141ms (cache revalidated)
1789 silly packumentCache full:https://registry.npmjs.org/@babel%2fhelper-module-transforms set size:333553 disposed:false
1790 http fetch GET 200 https://registry.npmjs.org/@babel%2fhelper-compilation-targets 142ms (cache revalidated)
1791 silly packumentCache full:https://registry.npmjs.org/@babel%2fhelper-compilation-targets set size:218757 disposed:false
1792 silly fetch manifest @babel/core@^7.0.0
1793 silly packumentCache full:https://registry.npmjs.org/@babel%2fcore cache-hit
1794 silly placeDep ROOT @babel/code-frame@7.29.0 OK for: @babel/core@7.29.0 want: ^7.29.0
1795 silly placeDep ROOT @babel/generator@7.29.1 OK for: @babel/core@7.29.0 want: ^7.29.0
1796 silly placeDep ROOT @babel/helper-compilation-targets@7.28.6 OK for: @babel/core@7.29.0 want: ^7.28.6
1797 silly placeDep ROOT @babel/helper-module-transforms@7.28.6 OK for: @babel/core@7.29.0 want: ^7.28.6
1798 silly placeDep ROOT @babel/helpers@7.29.2 OK for: @babel/core@7.29.0 want: ^7.28.6
1799 silly placeDep ROOT @babel/template@7.28.6 OK for: @babel/core@7.29.0 want: ^7.28.6
1800 silly placeDep ROOT @babel/traverse@7.29.0 OK for: @babel/core@7.29.0 want: ^7.29.0
1801 silly placeDep ROOT @babel/types@7.29.0 OK for: @babel/core@7.29.0 want: ^7.29.0
1802 silly placeDep ROOT convert-source-map@2.0.0 OK for: @babel/core@7.29.0 want: ^2.0.0
1803 silly placeDep ROOT gensync@1.0.0-beta.2 OK for: @babel/core@7.29.0 want: ^1.0.0-beta.2
1804 silly placeDep ROOT json5@2.2.3 OK for: @babel/core@7.29.0 want: ^2.2.3
1805 silly fetch manifest js-tokens@^4.0.0
1806 silly packumentCache full:https://registry.npmjs.org/js-tokens cache-miss
1807 silly fetch manifest @babel/helper-validator-identifier@^7.28.5
1808 silly packumentCache full:https://registry.npmjs.org/@babel%2fhelper-validator-identifier cache-miss
1809 silly fetch manifest jsesc@^3.0.2
1810 silly packumentCache full:https://registry.npmjs.org/jsesc cache-miss
1811 silly fetch manifest lru-cache@^5.1.1
1812 silly packumentCache full:https://registry.npmjs.org/lru-cache cache-miss
1813 silly fetch manifest browserslist@^4.24.0
1814 silly packumentCache full:https://registry.npmjs.org/browserslist cache-miss
1815 silly fetch manifest @babel/compat-data@^7.28.6
1816 silly packumentCache full:https://registry.npmjs.org/@babel%2fcompat-data cache-miss
1817 silly fetch manifest @babel/helper-validator-option@^7.27.1
1818 silly packumentCache full:https://registry.npmjs.org/@babel%2fhelper-validator-option cache-miss
1819 http fetch GET 200 https://registry.npmjs.org/jsesc 97ms (cache revalidated)
1820 silly packumentCache full:https://registry.npmjs.org/jsesc set size:61512 disposed:false
1821 silly fetch manifest @babel/traverse@^7.28.6
1822 silly packumentCache full:https://registry.npmjs.org/@babel%2ftraverse cache-hit
1823 silly fetch manifest @babel/helper-module-imports@^7.28.6
1824 silly packumentCache full:https://registry.npmjs.org/@babel%2fhelper-module-imports cache-miss
1825 http fetch GET 200 https://registry.npmjs.org/lru-cache 109ms (cache revalidated)
1826 silly packumentCache full:https://registry.npmjs.org/lru-cache set size:439357 disposed:false
1827 silly fetch manifest @babel/helper-validator-identifier@^7.28.5
1828 silly packumentCache full:https://registry.npmjs.org/@babel%2fhelper-validator-identifier cache-miss
1829 http fetch GET 200 https://registry.npmjs.org/js-tokens 121ms (cache revalidated)
1830 silly packumentCache full:https://registry.npmjs.org/js-tokens set size:41947 disposed:false
1831 silly fetch manifest @babel/types@^7.28.6
1832 silly packumentCache full:https://registry.npmjs.org/@babel%2ftypes cache-hit
1833 silly fetch manifest @babel/helper-globals@^7.28.0
1834 silly packumentCache full:https://registry.npmjs.org/@babel%2fhelper-globals cache-miss
1835 http fetch GET 200 https://registry.npmjs.org/@babel%2fhelper-validator-identifier 124ms (cache revalidated)
1836 silly packumentCache full:https://registry.npmjs.org/@babel%2fhelper-validator-identifier set size:116299 disposed:false
1837 silly fetch manifest @babel/helper-string-parser@^7.27.1
1838 silly packumentCache full:https://registry.npmjs.org/@babel%2fhelper-string-parser cache-miss
1839 http fetch GET 200 https://registry.npmjs.org/@babel%2fcompat-data 126ms (cache revalidated)
1840 silly packumentCache full:https://registry.npmjs.org/@babel%2fcompat-data set size:305632 disposed:false
1841 http fetch GET 200 https://registry.npmjs.org/browserslist 132ms (cache revalidated)
1842 silly packumentCache full:https://registry.npmjs.org/browserslist set size:504681 disposed:false
1843 http fetch GET 200 https://registry.npmjs.org/@babel%2fhelper-validator-option 147ms (cache revalidated)
1844 silly packumentCache full:https://registry.npmjs.org/@babel%2fhelper-validator-option set size:92248 disposed:false
1845 http fetch GET 200 https://registry.npmjs.org/@babel%2fhelper-module-imports 136ms (cache revalidated)
1846 silly packumentCache full:https://registry.npmjs.org/@babel%2fhelper-module-imports set size:193449 disposed:false
1847 http fetch GET 200 https://registry.npmjs.org/@babel%2fhelper-validator-identifier 129ms (cache revalidated)
1848 silly packumentCache full:https://registry.npmjs.org/@babel%2fhelper-validator-identifier set size:116299 disposed:false
1849 silly packumentCache full:https://registry.npmjs.org/@babel%2fhelper-validator-identifier dispose
1850 http fetch GET 200 https://registry.npmjs.org/@babel%2fhelper-globals 128ms (cache revalidated)
1851 silly packumentCache full:https://registry.npmjs.org/@babel%2fhelper-globals set size:15475 disposed:false
1852 http fetch GET 200 https://registry.npmjs.org/@babel%2fhelper-string-parser 127ms (cache revalidated)
1853 silly packumentCache full:https://registry.npmjs.org/@babel%2fhelper-string-parser set size:82028 disposed:false
1854 silly placeDep ROOT @babel/helper-validator-identifier@7.28.5 OK for: @babel/code-frame@7.29.0 want: ^7.28.5
1855 silly placeDep ROOT js-tokens@4.0.0 OK for: @babel/code-frame@7.29.0 want: ^4.0.0
1856 silly placeDep ROOT picocolors@1.1.1 OK for: @babel/code-frame@7.29.0 want: ^1.1.1
1857 silly placeDep ROOT jsesc@3.1.0 OK for: @babel/generator@7.29.1 want: ^3.0.2
1858 silly placeDep ROOT @babel/compat-data@7.29.0 OK for: @babel/helper-compilation-targets@7.28.6 want: ^7.28.6
1859 silly placeDep ROOT @babel/helper-validator-option@7.27.1 OK for: @babel/helper-compilation-targets@7.28.6 want: ^7.27.1
1860 silly placeDep ROOT browserslist@4.28.2 OK for: @babel/helper-compilation-targets@7.28.6 want: ^4.24.0
1861 silly placeDep ROOT lru-cache@5.1.1 OK for: @babel/helper-compilation-targets@7.28.6 want: ^5.1.1
1862 silly fetch manifest baseline-browser-mapping@^2.10.12
1863 silly packumentCache full:https://registry.npmjs.org/baseline-browser-mapping cache-hit
1864 silly fetch manifest caniuse-lite@^1.0.30001782
1865 silly packumentCache full:https://registry.npmjs.org/caniuse-lite cache-miss
1866 silly fetch manifest electron-to-chromium@^1.5.328
1867 silly packumentCache full:https://registry.npmjs.org/electron-to-chromium cache-miss
1868 silly fetch manifest node-releases@^2.0.36
1869 silly packumentCache full:https://registry.npmjs.org/node-releases cache-miss
1870 silly fetch manifest update-browserslist-db@^1.2.3
1871 silly packumentCache full:https://registry.npmjs.org/update-browserslist-db cache-miss
1872 silly fetch manifest yallist@^3.0.2
1873 silly packumentCache full:https://registry.npmjs.org/yallist cache-miss
1874 http fetch GET 200 https://registry.npmjs.org/caniuse-lite 96ms (cache revalidated)
1875 silly packumentCache full:https://registry.npmjs.org/caniuse-lite set size:2289092 disposed:false
1876 http fetch GET 200 https://registry.npmjs.org/yallist 111ms (cache revalidated)
1877 silly packumentCache full:https://registry.npmjs.org/yallist set size:34610 disposed:false
1878 http fetch GET 200 https://registry.npmjs.org/update-browserslist-db 113ms (cache revalidated)
1879 silly packumentCache full:https://registry.npmjs.org/update-browserslist-db set size:62000 disposed:false
1880 http fetch GET 200 https://registry.npmjs.org/node-releases 114ms (cache revalidated)
1881 silly packumentCache full:https://registry.npmjs.org/node-releases set size:273586 disposed:false
1882 http fetch GET 200 https://registry.npmjs.org/electron-to-chromium 127ms (cache revalidated)
1883 silly packumentCache full:https://registry.npmjs.org/electron-to-chromium set size:4769900 disposed:false
1884 silly placeDep ROOT @babel/helper-module-imports@7.28.6 OK for: @babel/helper-module-transforms@7.28.6 want: ^7.28.6
1885 silly placeDep ROOT @babel/helper-globals@7.28.0 OK for: @babel/traverse@7.29.0 want: ^7.28.0
1886 silly placeDep ROOT @babel/helper-string-parser@7.27.1 OK for: @babel/types@7.29.0 want: ^7.27.1
1887 silly fetch manifest browserslist@>= 4.21.0
1888 silly packumentCache full:https://registry.npmjs.org/browserslist cache-hit
1889 silly placeDep ROOT baseline-browser-mapping@2.10.24 OK for: browserslist@4.28.2 want: ^2.10.12
1890 silly placeDep ROOT caniuse-lite@1.0.30001791 OK for: browserslist@4.28.2 want: ^1.0.30001782
1891 silly placeDep ROOT electron-to-chromium@1.5.344 OK for: browserslist@4.28.2 want: ^1.5.328
1892 silly placeDep ROOT node-releases@2.0.38 OK for: browserslist@4.28.2 want: ^2.0.36
1893 silly placeDep ROOT update-browserslist-db@1.2.3 OK for: browserslist@4.28.2 want: ^1.2.3
1894 silly fetch manifest escalade@^3.2.0
1895 silly packumentCache full:https://registry.npmjs.org/escalade cache-miss
1896 http fetch GET 200 https://registry.npmjs.org/escalade 85ms (cache revalidated)
1897 silly packumentCache full:https://registry.npmjs.org/escalade set size:33724 disposed:false
1898 silly placeDep ROOT esrecurse@4.3.0 OK for: eslint-scope@8.4.0 want: ^4.3.0
1899 silly placeDep ROOT acorn@8.16.0 OK for: espree@10.4.0 want: ^8.15.0
1900 silly placeDep ROOT acorn-jsx@5.3.2 OK for: espree@10.4.0 want: ^5.3.2
1901 silly placeDep ROOT @nodelib/fs.stat@2.0.5 OK for: fast-glob@3.3.1 want: ^2.0.2
1902 silly placeDep ROOT @nodelib/fs.walk@1.2.8 OK for: fast-glob@3.3.1 want: ^1.2.3
1903 silly placeDep node_modules/fast-glob glob-parent@5.1.2 OK for: fast-glob@3.3.1 want: ^5.1.2
1904 silly placeDep ROOT merge2@1.4.1 OK for: fast-glob@3.3.1 want: ^1.3.0
1905 silly placeDep ROOT micromatch@4.0.8 OK for: fast-glob@3.3.1 want: ^4.0.4
1906 silly fetch manifest fastq@^1.6.0
1907 silly packumentCache full:https://registry.npmjs.org/fastq cache-miss
1908 silly fetch manifest @nodelib/fs.scandir@2.1.5
1909 silly packumentCache full:https://registry.npmjs.org/@nodelib%2ffs.scandir cache-miss
1910 silly fetch manifest braces@^3.0.3
1911 silly packumentCache full:https://registry.npmjs.org/braces cache-miss
1912 silly fetch manifest picomatch@^2.3.1
1913 silly packumentCache full:https://registry.npmjs.org/picomatch cache-hit
1914 http fetch GET 200 https://registry.npmjs.org/fastq 89ms (cache revalidated)
1915 silly packumentCache full:https://registry.npmjs.org/fastq set size:78301 disposed:false
1916 http fetch GET 200 https://registry.npmjs.org/braces 94ms (cache revalidated)
1917 silly packumentCache full:https://registry.npmjs.org/braces set size:114529 disposed:false
1918 http fetch GET 200 https://registry.npmjs.org/@nodelib%2ffs.scandir 110ms (cache revalidated)
1919 silly packumentCache full:https://registry.npmjs.org/@nodelib%2ffs.scandir set size:49256 disposed:false
1920 silly placeDep ROOT @nodelib/fs.scandir@2.1.5 OK for: @nodelib/fs.walk@1.2.8 want: 2.1.5
1921 silly placeDep ROOT fastq@1.20.1 OK for: @nodelib/fs.walk@1.2.8 want: ^1.6.0
1922 silly fetch manifest run-parallel@^1.1.9
1923 silly packumentCache full:https://registry.npmjs.org/run-parallel cache-miss
1924 silly fetch manifest reusify@^1.0.4
1925 silly packumentCache full:https://registry.npmjs.org/reusify cache-miss
1926 http fetch GET 200 https://registry.npmjs.org/run-parallel 84ms (cache revalidated)
1927 silly packumentCache full:https://registry.npmjs.org/run-parallel set size:35172 disposed:false
1928 http fetch GET 200 https://registry.npmjs.org/reusify 91ms (cache revalidated)
1929 silly packumentCache full:https://registry.npmjs.org/reusify set size:14249 disposed:false
1930 silly placeDep ROOT run-parallel@1.2.0 OK for: @nodelib/fs.scandir@2.1.5 want: ^1.1.9
1931 silly fetch manifest queue-microtask@^1.2.2
1932 silly packumentCache full:https://registry.npmjs.org/queue-microtask cache-miss
1933 http fetch GET 200 https://registry.npmjs.org/queue-microtask 110ms (cache revalidated)
1934 silly packumentCache full:https://registry.npmjs.org/queue-microtask set size:36088 disposed:false
1935 silly placeDep ROOT reusify@1.1.0 OK for: fastq@1.20.1 want: ^1.0.4
1936 silly placeDep ROOT flat-cache@4.0.1 OK for: file-entry-cache@8.0.0 want: ^4.0.0
1937 silly fetch manifest keyv@^4.5.4
1938 silly packumentCache full:https://registry.npmjs.org/keyv cache-miss
1939 silly fetch manifest flatted@^3.2.9
1940 silly packumentCache full:https://registry.npmjs.org/flatted cache-miss
1941 http fetch GET 200 https://registry.npmjs.org/keyv 89ms (cache revalidated)
1942 silly packumentCache full:https://registry.npmjs.org/keyv set size:215840 disposed:false
1943 http fetch GET 200 https://registry.npmjs.org/flatted 93ms (cache revalidated)
1944 silly packumentCache full:https://registry.npmjs.org/flatted set size:137347 disposed:false
1945 silly placeDep ROOT locate-path@6.0.0 OK for: find-up@5.0.0 want: ^6.0.0
1946 silly placeDep ROOT path-exists@4.0.0 OK for: find-up@5.0.0 want: ^4.0.0
1947 silly fetch manifest p-locate@^5.0.0
1948 silly packumentCache full:https://registry.npmjs.org/p-locate cache-miss
1949 http fetch GET 200 https://registry.npmjs.org/p-locate 92ms (cache revalidated)
1950 silly packumentCache full:https://registry.npmjs.org/p-locate set size:22488 disposed:false
1951 silly placeDep ROOT flatted@3.4.2 OK for: flat-cache@4.0.1 want: ^3.2.9
1952 silly placeDep ROOT keyv@4.5.4 OK for: flat-cache@4.0.1 want: ^4.5.4
1953 silly fetch manifest json-buffer@3.0.1
1954 silly packumentCache full:https://registry.npmjs.org/json-buffer cache-miss
1955 http fetch GET 200 https://registry.npmjs.org/json-buffer 110ms (cache revalidated)
1956 silly packumentCache full:https://registry.npmjs.org/json-buffer set size:23474 disposed:false
1957 silly placeDep ROOT functions-have-names@1.2.3 OK for: function.prototype.name@1.1.8 want: ^1.2.3
1958 silly placeDep ROOT dunder-proto@1.0.1 OK for: get-proto@1.0.1 want: ^1.0.1
1959 silly placeDep ROOT resolve-pkg-maps@1.0.0 OK for: get-tsconfig@4.14.0 want: ^1.0.0
1960 silly placeDep ROOT hermes-estree@0.25.1 OK for: hermes-parser@0.25.1 want: 0.25.1
1961 silly placeDep ROOT parent-module@1.0.1 OK for: import-fresh@3.3.1 want: ^1.0.0
1962 silly placeDep ROOT resolve-from@4.0.0 OK for: import-fresh@3.3.1 want: ^4.0.0
1963 silly fetch manifest callsites@^3.0.0
1964 silly packumentCache full:https://registry.npmjs.org/callsites cache-miss
1965 http fetch GET 200 https://registry.npmjs.org/callsites 80ms (cache revalidated)
1966 silly packumentCache full:https://registry.npmjs.org/callsites set size:21349 disposed:false
1967 silly placeDep ROOT side-channel@1.1.0 OK for: internal-slot@1.1.0 want: ^1.1.0
1968 silly fetch manifest side-channel-list@^1.0.0
1969 silly packumentCache full:https://registry.npmjs.org/side-channel-list cache-miss
1970 silly fetch manifest side-channel-map@^1.0.1
1971 silly packumentCache full:https://registry.npmjs.org/side-channel-map cache-miss
1972 silly fetch manifest side-channel-weakmap@^1.0.2
1973 silly packumentCache full:https://registry.npmjs.org/side-channel-weakmap cache-miss
1974 http fetch GET 200 https://registry.npmjs.org/side-channel-map 87ms (cache revalidated)
1975 silly packumentCache full:https://registry.npmjs.org/side-channel-map set size:9126 disposed:false
1976 http fetch GET 200 https://registry.npmjs.org/side-channel-list 90ms (cache revalidated)
1977 silly packumentCache full:https://registry.npmjs.org/side-channel-list set size:9021 disposed:false
1978 http fetch GET 200 https://registry.npmjs.org/side-channel-weakmap 92ms (cache revalidated)
1979 silly packumentCache full:https://registry.npmjs.org/side-channel-weakmap set size:12620 disposed:false
1980 silly placeDep node_modules/is-bun-module semver@7.7.4 OK for: is-bun-module@2.0.0 want: ^7.7.1
1981 silly placeDep ROOT is-extglob@2.1.1 OK for: is-glob@4.0.3 want: ^2.1.1
1982 silly placeDep ROOT set-function-name@2.0.2 OK for: iterator.prototype@1.1.5 want: ^2.0.2
1983 silly placeDep ROOT argparse@2.0.1 OK for: js-yaml@4.1.1 want: ^2.0.1
1984 silly placeDep ROOT json-buffer@3.0.1 OK for: keyv@4.5.4 want: 3.0.1
1985 silly placeDep ROOT language-subtag-registry@0.3.23 OK for: language-tags@1.0.9 want: ^0.3.20
1986 silly placeDep ROOT prelude-ls@1.2.1 OK for: levn@0.4.1 want: ^1.2.1
1987 silly placeDep ROOT type-check@0.4.0 OK for: levn@0.4.1 want: ~0.4.0
1988 silly placeDep ROOT detect-libc@2.1.2 OK for: lightningcss@1.32.0 want: ^2.0.3
1989 silly placeDep ROOT lightningcss-android-arm64@1.32.0 OK for: lightningcss@1.32.0 want: 1.32.0
1990 silly placeDep ROOT lightningcss-darwin-arm64@1.32.0 OK for: lightningcss@1.32.0 want: 1.32.0
1991 silly placeDep ROOT lightningcss-darwin-x64@1.32.0 OK for: lightningcss@1.32.0 want: 1.32.0
1992 silly placeDep ROOT lightningcss-freebsd-x64@1.32.0 OK for: lightningcss@1.32.0 want: 1.32.0
1993 silly placeDep ROOT lightningcss-linux-arm-gnueabihf@1.32.0 OK for: lightningcss@1.32.0 want: 1.32.0
1994 silly placeDep ROOT lightningcss-linux-arm64-gnu@1.32.0 OK for: lightningcss@1.32.0 want: 1.32.0
1995 silly placeDep ROOT lightningcss-linux-arm64-musl@1.32.0 OK for: lightningcss@1.32.0 want: 1.32.0
1996 silly placeDep ROOT lightningcss-linux-x64-gnu@1.32.0 OK for: lightningcss@1.32.0 want: 1.32.0
1997 silly placeDep ROOT lightningcss-linux-x64-musl@1.32.0 OK for: lightningcss@1.32.0 want: 1.32.0
1998 silly placeDep ROOT lightningcss-win32-arm64-msvc@1.32.0 OK for: lightningcss@1.32.0 want: 1.32.0
1999 silly placeDep ROOT lightningcss-win32-x64-msvc@1.32.0 OK for: lightningcss@1.32.0 want: 1.32.0
2000 silly placeDep ROOT p-locate@5.0.0 OK for: locate-path@6.0.0 want: ^5.0.0
2001 silly fetch manifest p-limit@^3.0.2
2002 silly packumentCache full:https://registry.npmjs.org/p-limit cache-miss
2003 http fetch GET 200 https://registry.npmjs.org/p-limit 83ms (cache revalidated)
2004 silly packumentCache full:https://registry.npmjs.org/p-limit set size:61867 disposed:false
2005 silly placeDep ROOT yallist@3.1.1 OK for: lru-cache@5.1.1 want: ^3.0.2
2006 silly placeDep ROOT braces@3.0.3 OK for: micromatch@4.0.8 want: ^3.0.3
2007 silly placeDep ROOT picomatch@2.3.2 OK for: micromatch@4.0.8 want: ^2.3.1
2008 silly fetch manifest fill-range@^7.1.1
2009 silly packumentCache full:https://registry.npmjs.org/fill-range cache-miss
2010 http fetch GET 200 https://registry.npmjs.org/fill-range 90ms (cache revalidated)
2011 silly packumentCache full:https://registry.npmjs.org/fill-range set size:90212 disposed:false
2012 silly placeDep ROOT fill-range@7.1.1 OK for: braces@3.0.3 want: ^7.1.1
2013 silly fetch manifest to-regex-range@^5.0.1
2014 silly packumentCache full:https://registry.npmjs.org/to-regex-range cache-miss
2015 http fetch GET 200 https://registry.npmjs.org/to-regex-range 93ms (cache revalidated)
2016 silly packumentCache full:https://registry.npmjs.org/to-regex-range set size:61569 disposed:false
2017 silly placeDep ROOT to-regex-range@5.0.1 OK for: fill-range@7.1.1 want: ^5.0.1
2018 silly fetch manifest is-number@^7.0.0
2019 silly packumentCache full:https://registry.npmjs.org/is-number cache-miss
2020 http fetch GET 200 https://registry.npmjs.org/is-number 82ms (cache revalidated)
2021 silly packumentCache full:https://registry.npmjs.org/is-number set size:36183 disposed:false
2022 silly placeDep ROOT brace-expansion@1.1.14 OK for: minimatch@3.1.5 want: ^1.1.7
2023 silly fetch manifest concat-map@0.0.1
2024 silly packumentCache full:https://registry.npmjs.org/concat-map cache-miss
2025 silly fetch manifest balanced-match@^1.0.0
2026 silly packumentCache full:https://registry.npmjs.org/balanced-match cache-miss
2027 http fetch GET 200 https://registry.npmjs.org/concat-map 80ms (cache revalidated)
2028 silly packumentCache full:https://registry.npmjs.org/concat-map set size:9290 disposed:false
2029 http fetch GET 200 https://registry.npmjs.org/balanced-match 83ms (cache revalidated)
2030 silly packumentCache full:https://registry.npmjs.org/balanced-match set size:39082 disposed:false
2031 silly placeDep ROOT balanced-match@1.0.2 OK for: brace-expansion@1.1.14 want: ^1.0.0
2032 silly placeDep ROOT concat-map@0.0.1 OK for: brace-expansion@1.1.14 want: 0.0.1
2033 silly fetch manifest react@^18.2.0 || 19.0.0-rc-de68d2f4-20241204 || ^19.0.0
2034 silly packumentCache full:https://registry.npmjs.org/react cache-miss
2035 http fetch GET 200 https://registry.npmjs.org/react 112ms (cache revalidated)
2036 silly packumentCache full:https://registry.npmjs.org/react set size:6629670 disposed:false
2037 silly placeDep ROOT @next/env@16.2.4 OK for: next@16.2.4 want: 16.2.4
2038 silly placeDep ROOT @next/swc-darwin-arm64@16.2.4 OK for: next@16.2.4 want: 16.2.4
2039 silly placeDep ROOT @next/swc-darwin-x64@16.2.4 OK for: next@16.2.4 want: 16.2.4
2040 silly placeDep ROOT @next/swc-linux-arm64-gnu@16.2.4 OK for: next@16.2.4 want: 16.2.4
2041 silly placeDep ROOT @next/swc-linux-arm64-musl@16.2.4 OK for: next@16.2.4 want: 16.2.4
2042 silly placeDep ROOT @next/swc-linux-x64-gnu@16.2.4 OK for: next@16.2.4 want: 16.2.4
2043 silly placeDep ROOT @next/swc-linux-x64-musl@16.2.4 OK for: next@16.2.4 want: 16.2.4
2044 silly placeDep ROOT @next/swc-win32-arm64-msvc@16.2.4 OK for: next@16.2.4 want: 16.2.4
2045 silly placeDep ROOT @next/swc-win32-x64-msvc@16.2.4 OK for: next@16.2.4 want: 16.2.4
2046 silly placeDep ROOT @swc/helpers@0.5.15 OK for: next@16.2.4 want: 0.5.15
2047 silly placeDep node_modules/next postcss@8.4.31 OK for: next@16.2.4 want: 8.4.31
2048 silly placeDep ROOT sharp@0.34.5 OK for: next@16.2.4 want: ^0.34.5
2049 silly placeDep ROOT styled-jsx@5.1.6 OK for: next@16.2.4 want: 5.1.6
2050 silly fetch manifest nanoid@^3.3.6
2051 silly packumentCache full:https://registry.npmjs.org/nanoid cache-hit
2052 silly fetch manifest semver@^7.7.3
2053 silly packumentCache full:https://registry.npmjs.org/semver cache-hit
2054 silly fetch manifest @img/colour@^1.0.0
2055 silly packumentCache full:https://registry.npmjs.org/@img%2fcolour cache-miss
2056 silly fetch manifest @img/sharp-wasm32@0.34.5
2057 silly packumentCache full:https://registry.npmjs.org/@img%2fsharp-wasm32 cache-miss
2058 silly fetch manifest @img/sharp-linux-arm@0.34.5
2059 silly packumentCache full:https://registry.npmjs.org/@img%2fsharp-linux-arm cache-miss
2060 silly fetch manifest @img/sharp-linux-x64@0.34.5
2061 silly packumentCache full:https://registry.npmjs.org/@img%2fsharp-linux-x64 cache-miss
2062 silly fetch manifest @img/sharp-win32-x64@0.34.5
2063 silly packumentCache full:https://registry.npmjs.org/@img%2fsharp-win32-x64 cache-miss
2064 silly fetch manifest @img/sharp-darwin-x64@0.34.5
2065 silly packumentCache full:https://registry.npmjs.org/@img%2fsharp-darwin-x64 cache-miss
2066 silly fetch manifest @img/sharp-win32-ia32@0.34.5
2067 silly packumentCache full:https://registry.npmjs.org/@img%2fsharp-win32-ia32 cache-miss
2068 http fetch GET 200 https://registry.npmjs.org/@img%2fsharp-wasm32 108ms (cache revalidated)
2069 silly packumentCache full:https://registry.npmjs.org/@img%2fsharp-wasm32 set size:69437 disposed:false
2070 silly fetch manifest @img/sharp-linux-arm64@0.34.5
2071 silly packumentCache full:https://registry.npmjs.org/@img%2fsharp-linux-arm64 cache-miss
2072 http fetch GET 200 https://registry.npmjs.org/@img%2fsharp-linux-arm 110ms (cache revalidated)
2073 silly packumentCache full:https://registry.npmjs.org/@img%2fsharp-linux-arm set size:75025 disposed:false
2074 silly fetch manifest @img/sharp-linux-ppc64@0.34.5
2075 silly packumentCache full:https://registry.npmjs.org/@img%2fsharp-linux-ppc64 cache-miss
2076 http fetch GET 200 https://registry.npmjs.org/@img%2fsharp-linux-x64 118ms (cache revalidated)
2077 silly packumentCache full:https://registry.npmjs.org/@img%2fsharp-linux-x64 set size:74659 disposed:false
2078 silly fetch manifest @img/sharp-linux-s390x@0.34.5
2079 silly packumentCache full:https://registry.npmjs.org/@img%2fsharp-linux-s390x cache-miss
2080 http fetch GET 200 https://registry.npmjs.org/@img%2fcolour 124ms (cache revalidated)
2081 silly packumentCache full:https://registry.npmjs.org/@img%2fcolour set size:9701 disposed:false
2082 silly fetch manifest @img/sharp-win32-arm64@0.34.5
2083 silly packumentCache full:https://registry.npmjs.org/@img%2fsharp-win32-arm64 cache-miss
2084 http fetch GET 200 https://registry.npmjs.org/@img%2fsharp-win32-ia32 122ms (cache revalidated)
2085 silly packumentCache full:https://registry.npmjs.org/@img%2fsharp-win32-ia32 set size:73172 disposed:false
2086 silly fetch manifest @img/sharp-darwin-arm64@0.34.5
2087 silly packumentCache full:https://registry.npmjs.org/@img%2fsharp-darwin-arm64 cache-miss
2088 http fetch GET 200 https://registry.npmjs.org/@img%2fsharp-darwin-x64 129ms (cache revalidated)
2089 silly packumentCache full:https://registry.npmjs.org/@img%2fsharp-darwin-x64 set size:75437 disposed:false
2090 silly fetch manifest @img/sharp-linux-riscv64@0.34.5
2091 silly packumentCache full:https://registry.npmjs.org/@img%2fsharp-linux-riscv64 cache-miss
2092 http fetch GET 200 https://registry.npmjs.org/@img%2fsharp-win32-x64 133ms (cache revalidated)
2093 silly packumentCache full:https://registry.npmjs.org/@img%2fsharp-win32-x64 set size:72477 disposed:false
2094 silly fetch manifest @img/sharp-linuxmusl-x64@0.34.5
2095 silly packumentCache full:https://registry.npmjs.org/@img%2fsharp-linuxmusl-x64 cache-miss
2096 http fetch GET 200 https://registry.npmjs.org/@img%2fsharp-linux-ppc64 105ms (cache revalidated)
2097 silly packumentCache full:https://registry.npmjs.org/@img%2fsharp-linux-ppc64 set size:40341 disposed:false
2098 silly fetch manifest @img/sharp-linuxmusl-arm64@0.34.5
2099 silly packumentCache full:https://registry.npmjs.org/@img%2fsharp-linuxmusl-arm64 cache-miss
2100 http fetch GET 200 https://registry.npmjs.org/@img%2fsharp-linux-arm64 113ms (cache revalidated)
2101 silly packumentCache full:https://registry.npmjs.org/@img%2fsharp-linux-arm64 set size:75657 disposed:false
2102 silly fetch manifest @img/sharp-libvips-linux-arm@1.2.4
2103 silly packumentCache full:https://registry.npmjs.org/@img%2fsharp-libvips-linux-arm cache-miss
2104 http fetch GET 200 https://registry.npmjs.org/@img%2fsharp-linux-s390x 110ms (cache revalidated)
2105 silly packumentCache full:https://registry.npmjs.org/@img%2fsharp-linux-s390x set size:73603 disposed:false
2106 silly fetch manifest @img/sharp-libvips-linux-x64@1.2.4
2107 silly packumentCache full:https://registry.npmjs.org/@img%2fsharp-libvips-linux-x64 cache-miss
2108 http fetch GET 200 https://registry.npmjs.org/@img%2fsharp-linux-riscv64 104ms (cache revalidated)
2109 silly packumentCache full:https://registry.npmjs.org/@img%2fsharp-linux-riscv64 set size:17504 disposed:false
2110 silly fetch manifest @img/sharp-libvips-darwin-x64@1.2.4
2111 silly packumentCache full:https://registry.npmjs.org/@img%2fsharp-libvips-darwin-x64 cache-miss
2112 http fetch GET 200 https://registry.npmjs.org/@img%2fsharp-win32-arm64 117ms (cache revalidated)
2113 silly packumentCache full:https://registry.npmjs.org/@img%2fsharp-win32-arm64 set size:32122 disposed:false
2114 silly fetch manifest @img/sharp-libvips-linux-arm64@1.2.4
2115 silly packumentCache full:https://registry.npmjs.org/@img%2fsharp-libvips-linux-arm64 cache-miss
2116 http fetch GET 200 https://registry.npmjs.org/@img%2fsharp-linuxmusl-x64 109ms (cache revalidated)
2117 silly packumentCache full:https://registry.npmjs.org/@img%2fsharp-linuxmusl-x64 set size:75867 disposed:false
2118 silly fetch manifest @img/sharp-libvips-linux-ppc64@1.2.4
2119 silly packumentCache full:https://registry.npmjs.org/@img%2fsharp-libvips-linux-ppc64 cache-miss
2120 http fetch GET 200 https://registry.npmjs.org/@img%2fsharp-darwin-arm64 123ms (cache revalidated)
2121 silly packumentCache full:https://registry.npmjs.org/@img%2fsharp-darwin-arm64 set size:76460 disposed:false
2122 silly fetch manifest @img/sharp-libvips-linux-s390x@1.2.4
2123 silly packumentCache full:https://registry.npmjs.org/@img%2fsharp-libvips-linux-s390x cache-miss
2124 http fetch GET 200 https://registry.npmjs.org/@img%2fsharp-libvips-linux-arm 94ms (cache revalidated)
2125 silly packumentCache full:https://registry.npmjs.org/@img%2fsharp-libvips-linux-arm set size:67087 disposed:false
2126 silly fetch manifest @img/sharp-libvips-darwin-arm64@1.2.4
2127 silly packumentCache full:https://registry.npmjs.org/@img%2fsharp-libvips-darwin-arm64 cache-miss
2128 http fetch GET 200 https://registry.npmjs.org/@img%2fsharp-linuxmusl-arm64 105ms (cache revalidated)
2129 silly packumentCache full:https://registry.npmjs.org/@img%2fsharp-linuxmusl-arm64 set size:76866 disposed:false
2130 silly fetch manifest @img/sharp-libvips-linux-riscv64@1.2.4
2131 silly packumentCache full:https://registry.npmjs.org/@img%2fsharp-libvips-linux-riscv64 cache-miss
2132 http fetch GET 200 https://registry.npmjs.org/@img%2fsharp-libvips-linux-x64 103ms (cache revalidated)
2133 silly packumentCache full:https://registry.npmjs.org/@img%2fsharp-libvips-linux-x64 set size:65113 disposed:false
2134 silly fetch manifest @img/sharp-libvips-linuxmusl-x64@1.2.4
2135 silly packumentCache full:https://registry.npmjs.org/@img%2fsharp-libvips-linuxmusl-x64 cache-miss
2136 http fetch GET 200 https://registry.npmjs.org/@img%2fsharp-libvips-darwin-x64 103ms (cache revalidated)
2137 silly packumentCache full:https://registry.npmjs.org/@img%2fsharp-libvips-darwin-x64 set size:60181 disposed:false
2138 silly fetch manifest @img/sharp-libvips-linuxmusl-arm64@1.2.4
2139 silly packumentCache full:https://registry.npmjs.org/@img%2fsharp-libvips-linuxmusl-arm64 cache-miss
2140 http fetch GET 200 https://registry.npmjs.org/@img%2fsharp-libvips-linux-arm64 113ms (cache revalidated)
2141 silly packumentCache full:https://registry.npmjs.org/@img%2fsharp-libvips-linux-arm64 set size:64016 disposed:false
2142 silly fetch manifest client-only@0.0.1
2143 silly packumentCache full:https://registry.npmjs.org/client-only cache-miss
2144 http fetch GET 200 https://registry.npmjs.org/@img%2fsharp-libvips-linux-s390x 112ms (cache revalidated)
2145 silly packumentCache full:https://registry.npmjs.org/@img%2fsharp-libvips-linux-s390x set size:60203 disposed:false
2146 http fetch GET 200 https://registry.npmjs.org/@img%2fsharp-libvips-linux-ppc64 122ms (cache revalidated)
2147 silly packumentCache full:https://registry.npmjs.org/@img%2fsharp-libvips-linux-ppc64 set size:51223 disposed:false
2148 http fetch GET 200 https://registry.npmjs.org/@img%2fsharp-libvips-darwin-arm64 96ms (cache revalidated)
2149 silly packumentCache full:https://registry.npmjs.org/@img%2fsharp-libvips-darwin-arm64 set size:60863 disposed:false
2150 http fetch GET 200 https://registry.npmjs.org/@img%2fsharp-libvips-linux-riscv64 94ms (cache revalidated)
2151 silly packumentCache full:https://registry.npmjs.org/@img%2fsharp-libvips-linux-riscv64 set size:37238 disposed:false
2152 http fetch GET 200 https://registry.npmjs.org/@img%2fsharp-libvips-linuxmusl-x64 97ms (cache revalidated)
2153 silly packumentCache full:https://registry.npmjs.org/@img%2fsharp-libvips-linuxmusl-x64 set size:62225 disposed:false
2154 http fetch GET 200 https://registry.npmjs.org/@img%2fsharp-libvips-linuxmusl-arm64 98ms (cache revalidated)
2155 silly packumentCache full:https://registry.npmjs.org/@img%2fsharp-libvips-linuxmusl-arm64 set size:62945 disposed:false
2156 http fetch GET 200 https://registry.npmjs.org/client-only 88ms (cache revalidated)
2157 silly packumentCache full:https://registry.npmjs.org/client-only set size:2750 disposed:false
2158 silly placeDep ROOT deep-is@0.1.4 OK for: optionator@0.9.4 want: ^0.1.3
2159 silly placeDep ROOT fast-levenshtein@2.0.6 OK for: optionator@0.9.4 want: ^2.0.6
2160 silly placeDep ROOT word-wrap@1.2.5 OK for: optionator@0.9.4 want: ^1.2.5
2161 silly placeDep ROOT p-limit@3.1.0 OK for: p-locate@5.0.0 want: ^3.0.2
2162 silly fetch manifest yocto-queue@^0.1.0
2163 silly packumentCache full:https://registry.npmjs.org/yocto-queue cache-miss
2164 http fetch GET 200 https://registry.npmjs.org/yocto-queue 86ms (cache revalidated)
2165 silly packumentCache full:https://registry.npmjs.org/yocto-queue set size:20256 disposed:false
2166 silly placeDep ROOT yocto-queue@0.1.0 OK for: p-limit@3.1.0 want: ^0.1.0
2167 silly placeDep ROOT callsites@3.1.0 OK for: parent-module@1.0.1 want: ^3.0.0
2168 silly placeDep ROOT nanoid@3.3.11 OK for: postcss@8.5.12 want: ^3.3.11
2169 silly placeDep ROOT loose-envify@1.4.0 OK for: prop-types@15.8.1 want: ^1.4.0
2170 silly placeDep ROOT object-assign@4.1.1 OK for: prop-types@15.8.1 want: ^4.1.1
2171 silly placeDep ROOT react-is@16.13.1 OK for: prop-types@15.8.1 want: ^16.13.1
2172 silly placeDep ROOT scheduler@0.27.0 OK for: react-dom@19.2.4 want: ^0.27.0
2173 silly placeDep ROOT node-exports-info@1.6.0 OK for: resolve@2.0.0-next.6 want: ^1.6.0
2174 silly placeDep ROOT path-parse@1.0.7 OK for: resolve@2.0.0-next.6 want: ^1.0.7
2175 silly placeDep ROOT supports-preserve-symlinks-flag@1.0.0 OK for: resolve@2.0.0-next.6 want: ^1.0.0
2176 silly placeDep ROOT queue-microtask@1.2.3 OK for: run-parallel@1.2.0 want: ^1.2.2
2177 silly placeDep ROOT isarray@2.0.5 OK for: safe-array-concat@1.1.4 want: ^2.0.5
2178 silly placeDep ROOT @img/colour@1.1.0 OK for: sharp@0.34.5 want: ^1.0.0
2179 silly placeDep ROOT @img/sharp-darwin-arm64@0.34.5 OK for: sharp@0.34.5 want: 0.34.5
2180 silly placeDep ROOT @img/sharp-darwin-x64@0.34.5 OK for: sharp@0.34.5 want: 0.34.5
2181 silly placeDep ROOT @img/sharp-libvips-darwin-arm64@1.2.4 OK for: sharp@0.34.5 want: 1.2.4
2182 silly placeDep ROOT @img/sharp-libvips-darwin-x64@1.2.4 OK for: sharp@0.34.5 want: 1.2.4
2183 silly placeDep ROOT @img/sharp-libvips-linux-arm@1.2.4 OK for: sharp@0.34.5 want: 1.2.4
2184 silly placeDep ROOT @img/sharp-libvips-linux-arm64@1.2.4 OK for: sharp@0.34.5 want: 1.2.4
2185 silly placeDep ROOT @img/sharp-libvips-linux-ppc64@1.2.4 OK for: sharp@0.34.5 want: 1.2.4
2186 silly placeDep ROOT @img/sharp-libvips-linux-riscv64@1.2.4 OK for: sharp@0.34.5 want: 1.2.4
2187 silly placeDep ROOT @img/sharp-libvips-linux-s390x@1.2.4 OK for: sharp@0.34.5 want: 1.2.4
2188 silly placeDep ROOT @img/sharp-libvips-linux-x64@1.2.4 OK for: sharp@0.34.5 want: 1.2.4
2189 silly placeDep ROOT @img/sharp-libvips-linuxmusl-arm64@1.2.4 OK for: sharp@0.34.5 want: 1.2.4
2190 silly placeDep ROOT @img/sharp-libvips-linuxmusl-x64@1.2.4 OK for: sharp@0.34.5 want: 1.2.4
2191 silly placeDep ROOT @img/sharp-linux-arm@0.34.5 OK for: sharp@0.34.5 want: 0.34.5
2192 silly placeDep ROOT @img/sharp-linux-arm64@0.34.5 OK for: sharp@0.34.5 want: 0.34.5
2193 silly placeDep ROOT @img/sharp-linux-ppc64@0.34.5 OK for: sharp@0.34.5 want: 0.34.5
2194 silly placeDep ROOT @img/sharp-linux-riscv64@0.34.5 OK for: sharp@0.34.5 want: 0.34.5
2195 silly placeDep ROOT @img/sharp-linux-s390x@0.34.5 OK for: sharp@0.34.5 want: 0.34.5
2196 silly placeDep ROOT @img/sharp-linux-x64@0.34.5 OK for: sharp@0.34.5 want: 0.34.5
2197 silly placeDep ROOT @img/sharp-linuxmusl-arm64@0.34.5 OK for: sharp@0.34.5 want: 0.34.5
2198 silly placeDep ROOT @img/sharp-linuxmusl-x64@0.34.5 OK for: sharp@0.34.5 want: 0.34.5
2199 silly placeDep ROOT @img/sharp-wasm32@0.34.5 OK for: sharp@0.34.5 want: 0.34.5
2200 silly placeDep ROOT @img/sharp-win32-arm64@0.34.5 OK for: sharp@0.34.5 want: 0.34.5
2201 silly placeDep ROOT @img/sharp-win32-ia32@0.34.5 OK for: sharp@0.34.5 want: 0.34.5
2202 silly placeDep ROOT @img/sharp-win32-x64@0.34.5 OK for: sharp@0.34.5 want: 0.34.5
2203 silly placeDep node_modules/sharp semver@7.7.4 OK for: sharp@0.34.5 want: ^7.7.3
2204 silly fetch manifest @emnapi/runtime@^1.7.0
2205 silly packumentCache full:https://registry.npmjs.org/@emnapi%2fruntime cache-miss
2206 http fetch GET 200 https://registry.npmjs.org/@emnapi%2fruntime 106ms (cache revalidated)
2207 silly packumentCache full:https://registry.npmjs.org/@emnapi%2fruntime set size:108129 disposed:false
2208 silly placeDep ROOT @emnapi/runtime@1.10.0 OK for: @img/sharp-wasm32@0.34.5 want: ^1.7.0
2209 silly placeDep ROOT shebang-regex@3.0.0 OK for: shebang-command@2.0.0 want: ^3.0.0
2210 silly placeDep ROOT side-channel-list@1.0.1 OK for: side-channel@1.1.0 want: ^1.0.0
2211 silly placeDep ROOT side-channel-map@1.0.1 OK for: side-channel@1.1.0 want: ^1.0.1
2212 silly placeDep ROOT side-channel-weakmap@1.0.2 OK for: side-channel@1.1.0 want: ^1.0.2
2213 silly placeDep ROOT client-only@0.0.1 OK for: styled-jsx@5.1.6 want: 0.0.1
2214 silly placeDep ROOT has-flag@4.0.0 OK for: supports-color@7.2.0 want: ^4.0.0
2215 silly placeDep node_modules/tinyglobby fdir@6.5.0 OK for: tinyglobby@0.2.16 want: ^6.5.0
2216 silly placeDep node_modules/tinyglobby picomatch@4.0.4 OK for: fdir@6.5.0 want: ^3 || ^4
2217 silly placeDep ROOT is-number@7.0.0 OK for: to-regex-range@5.0.1 want: ^7.0.0
2218 silly placeDep ROOT @types/json5@0.0.29 OK for: tsconfig-paths@3.15.0 want: ^0.0.29
2219 silly placeDep node_modules/tsconfig-paths json5@1.0.2 OK for: tsconfig-paths@3.15.0 want: ^1.0.2
2220 silly placeDep ROOT minimist@1.2.8 OK for: tsconfig-paths@3.15.0 want: ^1.2.6
2221 silly placeDep ROOT strip-bom@3.0.0 OK for: tsconfig-paths@3.15.0 want: ^3.0.0
2222 silly fetch manifest minimist@^1.2.0
2223 silly packumentCache full:https://registry.npmjs.org/minimist cache-hit
2224 silly placeDep ROOT for-each@0.3.5 OK for: typed-array-byte-length@1.0.3 want: ^0.3.3
2225 silly placeDep ROOT reflect.getprototypeof@1.0.10 OK for: typed-array-byte-offset@1.0.4 want: ^1.0.9
2226 silly fetch manifest which-builtin-type@^1.2.1
2227 silly packumentCache full:https://registry.npmjs.org/which-builtin-type cache-miss
2228 http fetch GET 200 https://registry.npmjs.org/which-builtin-type 86ms (cache revalidated)
2229 silly packumentCache full:https://registry.npmjs.org/which-builtin-type set size:39107 disposed:false
2230 silly placeDep ROOT which-builtin-type@1.2.1 OK for: reflect.getprototypeof@1.0.10 want: ^1.2.1
2231 silly fetch manifest is-async-function@^2.0.0
2232 silly packumentCache full:https://registry.npmjs.org/is-async-function cache-miss
2233 silly fetch manifest is-finalizationregistry@^1.1.0
2234 silly packumentCache full:https://registry.npmjs.org/is-finalizationregistry cache-miss
2235 silly fetch manifest is-generator-function@^1.0.10
2236 silly packumentCache full:https://registry.npmjs.org/is-generator-function cache-miss
2237 silly fetch manifest which-boxed-primitive@^1.1.0
2238 silly packumentCache full:https://registry.npmjs.org/which-boxed-primitive cache-hit
2239 silly fetch manifest which-collection@^1.0.2
2240 silly packumentCache full:https://registry.npmjs.org/which-collection cache-miss
2241 http fetch GET 200 https://registry.npmjs.org/is-generator-function 89ms (cache revalidated)
2242 silly packumentCache full:https://registry.npmjs.org/is-generator-function set size:44643 disposed:false
2243 http fetch GET 200 https://registry.npmjs.org/is-async-function 93ms (cache revalidated)
2244 silly packumentCache full:https://registry.npmjs.org/is-async-function set size:51614 disposed:false
2245 http fetch GET 200 https://registry.npmjs.org/is-finalizationregistry 98ms (cache revalidated)
2246 silly packumentCache full:https://registry.npmjs.org/is-finalizationregistry set size:19800 disposed:false
2247 http fetch GET 200 https://registry.npmjs.org/which-collection 100ms (cache revalidated)
2248 silly packumentCache full:https://registry.npmjs.org/which-collection set size:13607 disposed:false
2249 silly fetch manifest eslint@^8.57.0 || ^9.0.0 || ^10.0.0
2250 silly packumentCache full:https://registry.npmjs.org/eslint cache-miss
2251 http fetch GET 200 https://registry.npmjs.org/eslint 94ms (cache revalidated)
2252 silly packumentCache full:https://registry.npmjs.org/eslint set size:1983515 disposed:false
2253 silly fetch manifest typescript@>=4.8.4 <6.1.0
2254 silly packumentCache full:https://registry.npmjs.org/typescript cache-miss
2255 http fetch GET 200 https://registry.npmjs.org/typescript 153ms (cache revalidated)
2256 silly packumentCache full:https://registry.npmjs.org/typescript set size:15409943 disposed:false
2257 silly placeDep ROOT @typescript-eslint/eslint-plugin@8.59.1 OK for: typescript-eslint@8.59.1 want: 8.59.1
2258 silly placeDep ROOT @typescript-eslint/parser@8.59.1 OK for: @typescript-eslint/eslint-plugin@8.59.1 want: ^8.59.1
2259 silly placeDep ROOT @typescript-eslint/typescript-estree@8.59.1 OK for: typescript-eslint@8.59.1 want: 8.59.1
2260 silly placeDep ROOT @typescript-eslint/utils@8.59.1 OK for: typescript-eslint@8.59.1 want: 8.59.1
2261 silly fetch manifest ignore@^7.0.5
2262 silly packumentCache full:https://registry.npmjs.org/ignore cache-hit
2263 silly fetch manifest ts-api-utils@^2.5.0
2264 silly packumentCache full:https://registry.npmjs.org/ts-api-utils cache-miss
2265 silly fetch manifest @typescript-eslint/type-utils@8.59.1
2266 silly packumentCache full:https://registry.npmjs.org/@typescript-eslint%2ftype-utils cache-miss
2267 silly fetch manifest @typescript-eslint/visitor-keys@8.59.1
2268 silly packumentCache full:https://registry.npmjs.org/@typescript-eslint%2fvisitor-keys cache-miss
2269 silly fetch manifest @typescript-eslint/scope-manager@8.59.1
2270 silly packumentCache full:https://registry.npmjs.org/@typescript-eslint%2fscope-manager cache-miss
2271 silly fetch manifest @typescript-eslint/types@8.59.1
2272 silly packumentCache full:https://registry.npmjs.org/@typescript-eslint%2ftypes cache-miss
2273 silly fetch manifest @typescript-eslint/visitor-keys@8.59.1
2274 silly packumentCache full:https://registry.npmjs.org/@typescript-eslint%2fvisitor-keys cache-miss
2275 silly fetch manifest @typescript-eslint/scope-manager@8.59.1
2276 silly packumentCache full:https://registry.npmjs.org/@typescript-eslint%2fscope-manager cache-miss
2277 http fetch GET 200 https://registry.npmjs.org/ts-api-utils 103ms (cache revalidated)
2278 silly packumentCache full:https://registry.npmjs.org/ts-api-utils set size:226785 disposed:false
2279 silly fetch manifest minimatch@^10.2.2
2280 silly packumentCache full:https://registry.npmjs.org/minimatch cache-hit
2281 silly fetch manifest @typescript-eslint/types@8.59.1
2282 silly packumentCache full:https://registry.npmjs.org/@typescript-eslint%2ftypes cache-miss
2283 http fetch GET 200 https://registry.npmjs.org/@typescript-eslint%2ftype-utils 157ms (cache revalidated)
2284 silly packumentCache full:https://registry.npmjs.org/@typescript-eslint%2ftype-utils set size:9225164 disposed:false
2285 silly fetch manifest @typescript-eslint/visitor-keys@8.59.1
2286 silly packumentCache full:https://registry.npmjs.org/@typescript-eslint%2fvisitor-keys cache-miss
2287 http fetch GET 200 https://registry.npmjs.org/@typescript-eslint%2fscope-manager 238ms (cache revalidated)
2288 silly packumentCache full:https://registry.npmjs.org/@typescript-eslint%2fscope-manager set size:12348792 disposed:false
2289 silly fetch manifest @typescript-eslint/tsconfig-utils@8.59.1
2290 silly packumentCache full:https://registry.npmjs.org/@typescript-eslint%2ftsconfig-utils cache-miss
2291 http fetch GET 200 https://registry.npmjs.org/@typescript-eslint%2fscope-manager 378ms (cache revalidated)
2292 silly packumentCache full:https://registry.npmjs.org/@typescript-eslint%2fscope-manager set size:12348792 disposed:false
2293 silly fetch manifest @typescript-eslint/project-service@8.59.1
2294 silly packumentCache full:https://registry.npmjs.org/@typescript-eslint%2fproject-service cache-miss
2295 http fetch GET 200 https://registry.npmjs.org/@typescript-eslint%2fvisitor-keys 467ms (cache revalidated)
2296 silly packumentCache full:https://registry.npmjs.org/@typescript-eslint%2fvisitor-keys set size:11758650 disposed:false
2297 silly fetch manifest @typescript-eslint/types@8.59.1
2298 silly packumentCache full:https://registry.npmjs.org/@typescript-eslint%2ftypes cache-miss
2299 http fetch GET 200 https://registry.npmjs.org/@typescript-eslint%2fvisitor-keys 593ms (cache revalidated)
2300 silly packumentCache full:https://registry.npmjs.org/@typescript-eslint%2fvisitor-keys set size:11758650 disposed:false
2301 http fetch GET 200 https://registry.npmjs.org/@typescript-eslint%2ftypes 724ms (cache revalidated)
2302 silly packumentCache full:https://registry.npmjs.org/@typescript-eslint%2ftypes set size:12159405 disposed:false
2303 http fetch GET 200 https://registry.npmjs.org/@typescript-eslint%2ftypes 733ms (cache revalidated)
2304 silly packumentCache full:https://registry.npmjs.org/@typescript-eslint%2ftypes set size:12159405 disposed:false
2305 http fetch GET 200 https://registry.npmjs.org/@typescript-eslint%2fproject-service 485ms (cache revalidated)
2306 silly packumentCache full:https://registry.npmjs.org/@typescript-eslint%2fproject-service set size:1241012 disposed:false
2307 http fetch GET 200 https://registry.npmjs.org/@typescript-eslint%2ftsconfig-utils 610ms (cache revalidated)
2308 silly packumentCache full:https://registry.npmjs.org/@typescript-eslint%2ftsconfig-utils set size:1168547 disposed:false
2309 http fetch GET 200 https://registry.npmjs.org/@typescript-eslint%2fvisitor-keys 786ms (cache revalidated)
2310 silly packumentCache full:https://registry.npmjs.org/@typescript-eslint%2fvisitor-keys set size:11758650 disposed:false
2311 http fetch GET 200 https://registry.npmjs.org/@typescript-eslint%2ftypes 593ms (cache revalidated)
2312 silly packumentCache full:https://registry.npmjs.org/@typescript-eslint%2ftypes set size:12159405 disposed:false
2313 silly placeDep ROOT @typescript-eslint/scope-manager@8.59.1 OK for: @typescript-eslint/eslint-plugin@8.59.1 want: 8.59.1
2314 silly placeDep ROOT @typescript-eslint/type-utils@8.59.1 OK for: @typescript-eslint/eslint-plugin@8.59.1 want: 8.59.1
2315 silly placeDep ROOT @typescript-eslint/visitor-keys@8.59.1 OK for: @typescript-eslint/eslint-plugin@8.59.1 want: 8.59.1
2316 silly placeDep node_modules/@typescript-eslint/eslint-plugin ignore@7.0.5 OK for: @typescript-eslint/eslint-plugin@8.59.1 want: ^7.0.5
2317 silly placeDep ROOT ts-api-utils@2.5.0 OK for: @typescript-eslint/eslint-plugin@8.59.1 want: ^2.5.0
2318 silly fetch manifest eslint-visitor-keys@^5.0.0
2319 silly packumentCache full:https://registry.npmjs.org/eslint-visitor-keys cache-hit
2320 silly placeDep ROOT @typescript-eslint/types@8.59.1 OK for: @typescript-eslint/parser@8.59.1 want: 8.59.1
2321 silly placeDep ROOT @typescript-eslint/project-service@8.59.1 OK for: @typescript-eslint/typescript-estree@8.59.1 want: 8.59.1
2322 silly placeDep ROOT @typescript-eslint/tsconfig-utils@8.59.1 OK for: @typescript-eslint/typescript-estree@8.59.1 want: 8.59.1
2323 silly placeDep node_modules/@typescript-eslint/typescript-estree minimatch@10.2.5 OK for: @typescript-eslint/typescript-estree@8.59.1 want: ^10.2.2
2324 silly placeDep node_modules/@typescript-eslint/typescript-estree semver@7.7.4 OK for: @typescript-eslint/typescript-estree@8.59.1 want: ^7.7.3
2325 silly fetch manifest @typescript-eslint/tsconfig-utils@^8.59.1
2326 silly packumentCache full:https://registry.npmjs.org/@typescript-eslint%2ftsconfig-utils cache-miss
2327 silly fetch manifest brace-expansion@^5.0.5
2328 silly packumentCache full:https://registry.npmjs.org/brace-expansion cache-hit
2329 http fetch GET 200 https://registry.npmjs.org/@typescript-eslint%2ftsconfig-utils 111ms (cache revalidated)
2330 silly packumentCache full:https://registry.npmjs.org/@typescript-eslint%2ftsconfig-utils set size:1168547 disposed:false
2331 silly placeDep node_modules/@typescript-eslint/visitor-keys eslint-visitor-keys@5.0.1 OK for: @typescript-eslint/visitor-keys@8.59.1 want: ^5.0.0
2332 silly placeDep ROOT has-bigints@1.1.0 OK for: unbox-primitive@1.1.0 want: ^1.0.2
2333 silly placeDep ROOT which-boxed-primitive@1.1.1 OK for: unbox-primitive@1.1.0 want: ^1.1.1
2334 silly fetch manifest is-bigint@^1.1.0
2335 silly packumentCache full:https://registry.npmjs.org/is-bigint cache-miss
2336 silly fetch manifest is-boolean-object@^1.2.1
2337 silly packumentCache full:https://registry.npmjs.org/is-boolean-object cache-miss
2338 silly fetch manifest is-number-object@^1.1.1
2339 silly packumentCache full:https://registry.npmjs.org/is-number-object cache-miss
2340 http fetch GET 200 https://registry.npmjs.org/is-bigint 92ms (cache revalidated)
2341 silly packumentCache full:https://registry.npmjs.org/is-bigint set size:20283 disposed:false
2342 http fetch GET 200 https://registry.npmjs.org/is-number-object 94ms (cache revalidated)
2343 silly packumentCache full:https://registry.npmjs.org/is-number-object set size:31189 disposed:false
2344 http fetch GET 200 https://registry.npmjs.org/is-boolean-object 97ms (cache revalidated)
2345 silly packumentCache full:https://registry.npmjs.org/is-boolean-object set size:31341 disposed:false
2346 silly placeDep ROOT @unrs/resolver-binding-android-arm-eabi@1.11.1 OK for: unrs-resolver@1.11.1 want: 1.11.1
2347 silly placeDep ROOT @unrs/resolver-binding-android-arm64@1.11.1 OK for: unrs-resolver@1.11.1 want: 1.11.1
2348 silly placeDep ROOT @unrs/resolver-binding-darwin-arm64@1.11.1 OK for: unrs-resolver@1.11.1 want: 1.11.1
2349 silly placeDep ROOT @unrs/resolver-binding-darwin-x64@1.11.1 OK for: unrs-resolver@1.11.1 want: 1.11.1
2350 silly placeDep ROOT @unrs/resolver-binding-freebsd-x64@1.11.1 OK for: unrs-resolver@1.11.1 want: 1.11.1
2351 silly placeDep ROOT @unrs/resolver-binding-linux-arm-gnueabihf@1.11.1 OK for: unrs-resolver@1.11.1 want: 1.11.1
2352 silly placeDep ROOT @unrs/resolver-binding-linux-arm-musleabihf@1.11.1 OK for: unrs-resolver@1.11.1 want: 1.11.1
2353 silly placeDep ROOT @unrs/resolver-binding-linux-arm64-gnu@1.11.1 OK for: unrs-resolver@1.11.1 want: 1.11.1
2354 silly placeDep ROOT @unrs/resolver-binding-linux-arm64-musl@1.11.1 OK for: unrs-resolver@1.11.1 want: 1.11.1
2355 silly placeDep ROOT @unrs/resolver-binding-linux-ppc64-gnu@1.11.1 OK for: unrs-resolver@1.11.1 want: 1.11.1
2356 silly placeDep ROOT @unrs/resolver-binding-linux-riscv64-gnu@1.11.1 OK for: unrs-resolver@1.11.1 want: 1.11.1
2357 silly placeDep ROOT @unrs/resolver-binding-linux-riscv64-musl@1.11.1 OK for: unrs-resolver@1.11.1 want: 1.11.1
2358 silly placeDep ROOT @unrs/resolver-binding-linux-s390x-gnu@1.11.1 OK for: unrs-resolver@1.11.1 want: 1.11.1
2359 silly placeDep ROOT @unrs/resolver-binding-linux-x64-gnu@1.11.1 OK for: unrs-resolver@1.11.1 want: 1.11.1
2360 silly placeDep ROOT @unrs/resolver-binding-linux-x64-musl@1.11.1 OK for: unrs-resolver@1.11.1 want: 1.11.1
2361 silly placeDep ROOT @unrs/resolver-binding-wasm32-wasi@1.11.1 OK for: unrs-resolver@1.11.1 want: 1.11.1
2362 silly placeDep ROOT @unrs/resolver-binding-win32-arm64-msvc@1.11.1 OK for: unrs-resolver@1.11.1 want: 1.11.1
2363 silly placeDep ROOT @unrs/resolver-binding-win32-ia32-msvc@1.11.1 OK for: unrs-resolver@1.11.1 want: 1.11.1
2364 silly placeDep ROOT @unrs/resolver-binding-win32-x64-msvc@1.11.1 OK for: unrs-resolver@1.11.1 want: 1.11.1
2365 silly placeDep ROOT napi-postinstall@0.3.4 OK for: unrs-resolver@1.11.1 want: ^0.3.0
2366 silly fetch manifest @napi-rs/wasm-runtime@^0.2.11
2367 silly packumentCache full:https://registry.npmjs.org/@napi-rs%2fwasm-runtime cache-miss
2368 http fetch GET 200 https://registry.npmjs.org/@napi-rs%2fwasm-runtime 122ms (cache revalidated)
2369 silly packumentCache full:https://registry.npmjs.org/@napi-rs%2fwasm-runtime set size:71273 disposed:false
2370 silly placeDep ROOT @napi-rs/wasm-runtime@0.2.12 OK for: @unrs/resolver-binding-wasm32-wasi@1.11.1 want: ^0.2.11
2371 silly fetch manifest @emnapi/core@^1.4.3
2372 silly packumentCache full:https://registry.npmjs.org/@emnapi%2fcore cache-miss
2373 silly fetch manifest @tybys/wasm-util@^0.10.0
2374 silly packumentCache full:https://registry.npmjs.org/@tybys%2fwasm-util cache-miss
2375 http fetch GET 200 https://registry.npmjs.org/@emnapi%2fcore 104ms (cache revalidated)
2376 silly packumentCache full:https://registry.npmjs.org/@emnapi%2fcore set size:105841 disposed:false
2377 http fetch GET 200 https://registry.npmjs.org/@tybys%2fwasm-util 119ms (cache revalidated)
2378 silly packumentCache full:https://registry.npmjs.org/@tybys%2fwasm-util set size:55410 disposed:false
2379 silly placeDep ROOT @emnapi/core@1.10.0 OK for: @napi-rs/wasm-runtime@0.2.12 want: ^1.4.3
2380 silly placeDep ROOT @tybys/wasm-util@0.10.1 OK for: @napi-rs/wasm-runtime@0.2.12 want: ^0.10.0
2381 silly fetch manifest @emnapi/wasi-threads@1.2.1
2382 silly packumentCache full:https://registry.npmjs.org/@emnapi%2fwasi-threads cache-miss
2383 http fetch GET 200 https://registry.npmjs.org/@emnapi%2fwasi-threads 111ms (cache revalidated)
2384 silly packumentCache full:https://registry.npmjs.org/@emnapi%2fwasi-threads set size:24206 disposed:false
2385 silly placeDep ROOT @emnapi/wasi-threads@1.2.1 OK for: @emnapi/core@1.10.0 want: 1.2.1
2386 silly placeDep ROOT escalade@3.2.0 OK for: update-browserslist-db@1.2.3 want: ^3.2.0
2387 silly placeDep ROOT punycode@2.3.1 OK for: uri-js@4.4.1 want: ^2.1.0
2388 silly placeDep ROOT isexe@2.0.0 OK for: which@2.0.2 want: ^2.0.0
2389 silly placeDep ROOT is-bigint@1.1.0 OK for: which-boxed-primitive@1.1.1 want: ^1.1.0
2390 silly placeDep ROOT is-boolean-object@1.2.2 OK for: which-boxed-primitive@1.1.1 want: ^1.2.1
2391 silly placeDep ROOT is-number-object@1.1.1 OK for: which-boxed-primitive@1.1.1 want: ^1.1.1
2392 silly placeDep ROOT is-async-function@2.1.1 OK for: which-builtin-type@1.2.1 want: ^2.0.0
2393 silly placeDep ROOT is-finalizationregistry@1.1.1 OK for: which-builtin-type@1.2.1 want: ^1.1.0
2394 silly placeDep ROOT is-generator-function@1.1.2 OK for: which-builtin-type@1.2.1 want: ^1.0.10
2395 silly placeDep ROOT which-collection@1.0.2 OK for: which-builtin-type@1.2.1 want: ^1.0.2
2396 silly fetch manifest async-function@^1.0.0
2397 silly packumentCache full:https://registry.npmjs.org/async-function cache-miss
2398 silly fetch manifest generator-function@^2.0.0
2399 silly packumentCache full:https://registry.npmjs.org/generator-function cache-miss
2400 silly fetch manifest is-map@^2.0.3
2401 silly packumentCache full:https://registry.npmjs.org/is-map cache-miss
2402 silly fetch manifest is-weakmap@^2.0.2
2403 silly packumentCache full:https://registry.npmjs.org/is-weakmap cache-miss
2404 silly fetch manifest is-weakset@^2.0.3
2405 silly packumentCache full:https://registry.npmjs.org/is-weakset cache-miss
2406 http fetch GET 200 https://registry.npmjs.org/is-map 103ms (cache revalidated)
2407 silly packumentCache full:https://registry.npmjs.org/is-map set size:18079 disposed:false
2408 http fetch GET 200 https://registry.npmjs.org/async-function 107ms (cache revalidated)
2409 silly packumentCache full:https://registry.npmjs.org/async-function set size:7150 disposed:false
2410 http fetch GET 200 https://registry.npmjs.org/is-weakset 107ms (cache revalidated)
2411 silly packumentCache full:https://registry.npmjs.org/is-weakset set size:21965 disposed:false
2412 http fetch GET 200 https://registry.npmjs.org/is-weakmap 110ms (cache revalidated)
2413 silly packumentCache full:https://registry.npmjs.org/is-weakmap set size:15163 disposed:false
2414 http fetch GET 200 https://registry.npmjs.org/generator-function 116ms (cache revalidated)
2415 silly packumentCache full:https://registry.npmjs.org/generator-function set size:10401 disposed:false
2416 silly placeDep ROOT async-function@1.0.0 OK for: is-async-function@2.1.1 want: ^1.0.0
2417 silly placeDep ROOT generator-function@2.0.1 OK for: is-generator-function@1.1.2 want: ^2.0.0
2418 silly placeDep ROOT is-map@2.0.3 OK for: which-collection@1.0.2 want: ^2.0.3
2419 silly placeDep ROOT is-weakmap@2.0.2 OK for: which-collection@1.0.2 want: ^2.0.2
2420 silly placeDep ROOT is-weakset@2.0.4 OK for: which-collection@1.0.2 want: ^2.0.3
2421 silly placeDep node_modules/@typescript-eslint/typescript-estree brace-expansion@5.0.5 OK for: minimatch@10.2.5 want: ^5.0.5
2422 silly fetch manifest balanced-match@^4.0.2
2423 silly packumentCache full:https://registry.npmjs.org/balanced-match cache-hit
2424 silly placeDep node_modules/@typescript-eslint/typescript-estree balanced-match@4.0.4 OK for: brace-expansion@5.0.5 want: ^4.0.2
2425 silly reify moves {}
2426 http fetch GET 200 https://registry.npmjs.org/is-weakmap/-/is-weakmap-2.0.2.tgz 1773ms (cache revalidated)
2427 http fetch GET 200 https://registry.npmjs.org/is-weakset/-/is-weakset-2.0.4.tgz 1779ms (cache revalidated)
2428 http fetch GET 200 https://registry.npmjs.org/async-function/-/async-function-1.0.0.tgz 1783ms (cache revalidated)
2429 http fetch GET 200 https://registry.npmjs.org/is-generator-function/-/is-generator-function-1.1.2.tgz 1785ms (cache revalidated)
2430 http fetch GET 200 https://registry.npmjs.org/is-map/-/is-map-2.0.3.tgz 1790ms (cache revalidated)
2431 http fetch GET 200 https://registry.npmjs.org/generator-function/-/generator-function-2.0.1.tgz 1795ms (cache revalidated)
2432 http fetch GET 200 https://registry.npmjs.org/which-collection/-/which-collection-1.0.2.tgz 1801ms (cache revalidated)
2433 http fetch GET 200 https://registry.npmjs.org/punycode/-/punycode-2.3.1.tgz 1877ms (cache revalidated)
2434 http fetch GET 200 https://registry.npmjs.org/escalade/-/escalade-3.2.0.tgz 1884ms (cache revalidated)
2435 http fetch GET 200 https://registry.npmjs.org/napi-postinstall/-/napi-postinstall-0.3.4.tgz 1887ms (cache revalidated)
2436 http fetch GET 200 https://registry.npmjs.org/@tybys/wasm-util/-/wasm-util-0.10.1.tgz 1899ms (cache revalidated)
2437 http fetch GET 200 https://registry.npmjs.org/@typescript-eslint/types/-/types-8.59.1.tgz 1979ms (cache revalidated)
2438 http fetch GET 200 https://registry.npmjs.org/@typescript-eslint/tsconfig-utils/-/tsconfig-utils-8.59.1.tgz 1986ms (cache revalidated)
2439 http fetch GET 200 https://registry.npmjs.org/@unrs/resolver-binding-win32-x64-msvc/-/resolver-binding-win32-x64-msvc-1.11.1.tgz 2098ms (cache revalidated)
2440 http fetch GET 200 https://registry.npmjs.org/ts-api-utils/-/ts-api-utils-2.5.0.tgz 2242ms (cache revalidated)
2441 http fetch GET 200 https://registry.npmjs.org/@typescript-eslint/project-service/-/project-service-8.59.1.tgz 2248ms (cache revalidated)
2442 http fetch GET 200 https://registry.npmjs.org/@typescript-eslint/visitor-keys/-/visitor-keys-8.59.1.tgz 2249ms (cache revalidated)
2443 http fetch GET 200 https://registry.npmjs.org/@typescript-eslint/type-utils/-/type-utils-8.59.1.tgz 2259ms (cache revalidated)
2444 http fetch GET 200 https://registry.npmjs.org/@typescript-eslint/scope-manager/-/scope-manager-8.59.1.tgz 2286ms (cache revalidated)
2445 http fetch GET 200 https://registry.npmjs.org/which-boxed-primitive/-/which-boxed-primitive-1.1.1.tgz 2296ms (cache revalidated)
2446 http fetch GET 200 https://registry.npmjs.org/@napi-rs/wasm-runtime/-/wasm-runtime-0.2.12.tgz 2345ms (cache revalidated)
2447 http fetch GET 200 https://registry.npmjs.org/reflect.getprototypeof/-/reflect.getprototypeof-1.0.10.tgz 2494ms (cache revalidated)
2448 http fetch GET 200 https://registry.npmjs.org/@typescript-eslint/utils/-/utils-8.59.1.tgz 2499ms (cache revalidated)
2449 http fetch GET 200 https://registry.npmjs.org/@typescript-eslint/parser/-/parser-8.59.1.tgz 2502ms (cache revalidated)
2450 http fetch GET 200 https://registry.npmjs.org/which-builtin-type/-/which-builtin-type-1.2.1.tgz 2507ms (cache revalidated)
2451 http fetch GET 200 https://registry.npmjs.org/for-each/-/for-each-0.3.5.tgz 2513ms (cache revalidated)
2452 http fetch GET 200 https://registry.npmjs.org/@typescript-eslint/typescript-estree/-/typescript-estree-8.59.1.tgz 2540ms (cache revalidated)
2453 http fetch GET 200 https://registry.npmjs.org/is-boolean-object/-/is-boolean-object-1.2.2.tgz 2552ms (cache revalidated)
2454 http fetch GET 200 https://registry.npmjs.org/is-bigint/-/is-bigint-1.1.0.tgz 2554ms (cache revalidated)
2455 http fetch GET 200 https://registry.npmjs.org/is-number-object/-/is-number-object-1.1.1.tgz 2556ms (cache revalidated)
2456 http fetch GET 200 https://registry.npmjs.org/@typescript-eslint/eslint-plugin/-/eslint-plugin-8.59.1.tgz 2603ms (cache revalidated)
2457 http fetch GET 200 https://registry.npmjs.org/is-async-function/-/is-async-function-2.1.1.tgz 2618ms (cache revalidated)
2458 http fetch GET 200 https://registry.npmjs.org/is-finalizationregistry/-/is-finalizationregistry-1.1.1.tgz 2648ms (cache revalidated)
2459 http fetch GET 200 https://registry.npmjs.org/isexe/-/isexe-2.0.0.tgz 2670ms (cache revalidated)
2460 http fetch GET 200 https://registry.npmjs.org/strip-bom/-/strip-bom-3.0.0.tgz 2670ms (cache revalidated)
2461 http fetch GET 200 https://registry.npmjs.org/minimist/-/minimist-1.2.8.tgz 2673ms (cache revalidated)
2462 http fetch GET 200 https://registry.npmjs.org/@emnapi/wasi-threads/-/wasi-threads-1.2.1.tgz 2695ms (cache revalidated)
2463 http fetch GET 200 https://registry.npmjs.org/client-only/-/client-only-0.0.1.tgz 2691ms (cache revalidated)
2464 http fetch GET 200 https://registry.npmjs.org/@types/json5/-/json5-0.0.29.tgz 2705ms (cache revalidated)
2465 http fetch GET 200 https://registry.npmjs.org/@emnapi/core/-/core-1.10.0.tgz 2726ms (cache revalidated)
2466 http fetch GET 200 https://registry.npmjs.org/@img/sharp-win32-x64/-/sharp-win32-x64-0.34.5.tgz 2920ms (cache revalidated)
2467 http fetch GET 200 https://registry.npmjs.org/is-number/-/is-number-7.0.0.tgz 2939ms (cache revalidated)
2468 http fetch GET 200 https://registry.npmjs.org/side-channel-map/-/side-channel-map-1.0.1.tgz 2940ms (cache revalidated)
2469 http fetch GET 200 https://registry.npmjs.org/side-channel-weakmap/-/side-channel-weakmap-1.0.2.tgz 2944ms (cache revalidated)
2470 http fetch GET 200 https://registry.npmjs.org/@emnapi/runtime/-/runtime-1.10.0.tgz 2951ms (cache revalidated)
2471 http fetch GET 200 https://registry.npmjs.org/isarray/-/isarray-2.0.5.tgz 2952ms (cache revalidated)
2472 http fetch GET 200 https://registry.npmjs.org/shebang-regex/-/shebang-regex-3.0.0.tgz 2953ms (cache revalidated)
2473 http fetch GET 200 https://registry.npmjs.org/node-exports-info/-/node-exports-info-1.6.0.tgz 2956ms (cache revalidated)
2474 http fetch GET 200 https://registry.npmjs.org/supports-preserve-symlinks-flag/-/supports-preserve-symlinks-flag-1.0.0.tgz 2963ms (cache revalidated)
2475 http fetch GET 200 https://registry.npmjs.org/has-flag/-/has-flag-4.0.0.tgz 2965ms (cache revalidated)
2476 http fetch GET 200 https://registry.npmjs.org/queue-microtask/-/queue-microtask-1.2.3.tgz 2968ms (cache revalidated)
2477 http fetch GET 200 https://registry.npmjs.org/has-bigints/-/has-bigints-1.1.0.tgz 2989ms (cache revalidated)
2478 http fetch GET 200 https://registry.npmjs.org/@img/colour/-/colour-1.1.0.tgz 3008ms (cache revalidated)
2479 http fetch GET 200 https://registry.npmjs.org/scheduler/-/scheduler-0.27.0.tgz 3073ms (cache revalidated)
2480 http fetch GET 200 https://registry.npmjs.org/side-channel-list/-/side-channel-list-1.0.1.tgz 3082ms (cache revalidated)
2481 http fetch GET 200 https://registry.npmjs.org/loose-envify/-/loose-envify-1.4.0.tgz 3101ms (cache revalidated)
2482 http fetch GET 200 https://registry.npmjs.org/react-is/-/react-is-16.13.1.tgz 3134ms (cache revalidated)
2483 http fetch GET 200 https://registry.npmjs.org/path-parse/-/path-parse-1.0.7.tgz 3137ms (cache revalidated)
2484 http fetch GET 200 https://registry.npmjs.org/fast-levenshtein/-/fast-levenshtein-2.0.6.tgz 3137ms (cache revalidated)
2485 http fetch GET 200 https://registry.npmjs.org/object-assign/-/object-assign-4.1.1.tgz 3142ms (cache revalidated)
2486 http fetch GET 200 https://registry.npmjs.org/p-limit/-/p-limit-3.1.0.tgz 3186ms (cache revalidated)
2487 http fetch GET 200 https://registry.npmjs.org/yocto-queue/-/yocto-queue-0.1.0.tgz 3216ms (cache revalidated)
2488 http fetch GET 200 https://registry.npmjs.org/concat-map/-/concat-map-0.0.1.tgz 3216ms (cache revalidated)
2489 http fetch GET 200 https://registry.npmjs.org/word-wrap/-/word-wrap-1.2.5.tgz 3219ms (cache revalidated)
2490 http fetch GET 200 https://registry.npmjs.org/sharp/-/sharp-0.34.5.tgz 3226ms (cache revalidated)
2491 http fetch GET 200 https://registry.npmjs.org/deep-is/-/deep-is-0.1.4.tgz 3227ms (cache revalidated)
2492 http fetch GET 200 https://registry.npmjs.org/@swc/helpers/-/helpers-0.5.15.tgz 3281ms (cache revalidated)
2493 http fetch GET 200 https://registry.npmjs.org/callsites/-/callsites-3.1.0.tgz 3405ms (cache revalidated)
2494 http fetch GET 200 https://registry.npmjs.org/brace-expansion/-/brace-expansion-1.1.14.tgz 3405ms (cache revalidated)
2495 http fetch GET 200 https://registry.npmjs.org/braces/-/braces-3.0.3.tgz 3407ms (cache revalidated)
2496 http fetch GET 200 https://registry.npmjs.org/@next/env/-/env-16.2.4.tgz 3412ms (cache revalidated)
2497 http fetch GET 200 https://registry.npmjs.org/nanoid/-/nanoid-3.3.11.tgz 3417ms (cache revalidated)
2498 http fetch GET 200 https://registry.npmjs.org/styled-jsx/-/styled-jsx-5.1.6.tgz 3434ms (cache revalidated)
2499 http fetch GET 200 https://registry.npmjs.org/balanced-match/-/balanced-match-1.0.2.tgz 3435ms (cache revalidated)
2500 http fetch GET 200 https://registry.npmjs.org/@next/swc-win32-x64-msvc/-/swc-win32-x64-msvc-16.2.4.tgz 4334ms (cache revalidated)
2501 http fetch GET 200 https://registry.npmjs.org/fill-range/-/fill-range-7.1.1.tgz 4350ms (cache revalidated)
2502 http fetch GET 200 https://registry.npmjs.org/picomatch/-/picomatch-2.3.2.tgz 4377ms (cache revalidated)
2503 http fetch GET 200 https://registry.npmjs.org/p-locate/-/p-locate-5.0.0.tgz 4388ms (cache revalidated)
2504 http fetch GET 200 https://registry.npmjs.org/json-buffer/-/json-buffer-3.0.1.tgz 4394ms (cache revalidated)
2505 http fetch GET 200 https://registry.npmjs.org/set-function-name/-/set-function-name-2.0.2.tgz 4394ms (cache revalidated)
2506 http fetch GET 200 https://registry.npmjs.org/prelude-ls/-/prelude-ls-1.2.1.tgz 4397ms (cache revalidated)
2507 http fetch GET 200 https://registry.npmjs.org/argparse/-/argparse-2.0.1.tgz 4397ms (cache revalidated)
2508 http fetch GET 200 https://registry.npmjs.org/parent-module/-/parent-module-1.0.1.tgz 4399ms (cache revalidated)
2509 http fetch GET 200 https://registry.npmjs.org/type-check/-/type-check-0.4.0.tgz 4404ms (cache revalidated)
2510 http fetch GET 200 https://registry.npmjs.org/detect-libc/-/detect-libc-2.1.2.tgz 4406ms (cache revalidated)
2511 http fetch GET 200 https://registry.npmjs.org/is-extglob/-/is-extglob-2.1.1.tgz 4404ms (cache revalidated)
2512 http fetch GET 200 https://registry.npmjs.org/side-channel/-/side-channel-1.1.0.tgz 4404ms (cache revalidated)
2513 http fetch GET 200 https://registry.npmjs.org/resolve-pkg-maps/-/resolve-pkg-maps-1.0.0.tgz 4404ms (cache revalidated)
2514 http fetch GET 200 https://registry.npmjs.org/language-subtag-registry/-/language-subtag-registry-0.3.23.tgz 4412ms (cache revalidated)
2515 http fetch GET 200 https://registry.npmjs.org/hermes-estree/-/hermes-estree-0.25.1.tgz 4416ms (cache revalidated)
2516 http fetch GET 200 https://registry.npmjs.org/lightningcss-win32-x64-msvc/-/lightningcss-win32-x64-msvc-1.32.0.tgz 4482ms (cache revalidated)
2517 http fetch GET 200 https://registry.npmjs.org/keyv/-/keyv-4.5.4.tgz 4522ms (cache revalidated)
2518 http fetch GET 200 https://registry.npmjs.org/dunder-proto/-/dunder-proto-1.0.1.tgz 4570ms (cache revalidated)
2519 http fetch GET 200 https://registry.npmjs.org/locate-path/-/locate-path-6.0.0.tgz 4586ms (cache revalidated)
2520 http fetch GET 200 https://registry.npmjs.org/yallist/-/yallist-3.1.1.tgz 4596ms (cache revalidated)
2521 http fetch GET 200 https://registry.npmjs.org/functions-have-names/-/functions-have-names-1.2.3.tgz 4590ms (cache revalidated)
2522 http fetch GET 200 https://registry.npmjs.org/resolve-from/-/resolve-from-4.0.0.tgz 4593ms (cache revalidated)
2523 http fetch GET 200 https://registry.npmjs.org/path-exists/-/path-exists-4.0.0.tgz 4592ms (cache revalidated)
2524 http fetch GET 200 https://registry.npmjs.org/flatted/-/flatted-3.4.2.tgz 4596ms (cache revalidated)
2525 http fetch GET 200 https://registry.npmjs.org/flat-cache/-/flat-cache-4.0.1.tgz 4598ms (cache revalidated)
2526 http fetch GET 200 https://registry.npmjs.org/to-regex-range/-/to-regex-range-5.0.1.tgz 4607ms (cache revalidated)
2527 http fetch GET 200 https://registry.npmjs.org/fastq/-/fastq-1.20.1.tgz 4599ms (cache revalidated)
2528 http fetch GET 200 https://registry.npmjs.org/merge2/-/merge2-1.4.1.tgz 4599ms (cache revalidated)
2529 http fetch GET 200 https://registry.npmjs.org/reusify/-/reusify-1.1.0.tgz 4601ms (cache revalidated)
2530 http fetch GET 200 https://registry.npmjs.org/@nodelib/fs.scandir/-/fs.scandir-2.1.5.tgz 4601ms (cache revalidated)
2531 http fetch GET 200 https://registry.npmjs.org/@nodelib/fs.stat/-/fs.stat-2.0.5.tgz 4616ms (cache revalidated)
2532 http fetch GET 200 https://registry.npmjs.org/update-browserslist-db/-/update-browserslist-db-1.2.3.tgz 4618ms (cache revalidated)
2533 http fetch GET 200 https://registry.npmjs.org/@nodelib/fs.walk/-/fs.walk-1.2.8.tgz 4623ms (cache revalidated)
2534 http fetch GET 200 https://registry.npmjs.org/esrecurse/-/esrecurse-4.3.0.tgz 4632ms (cache revalidated)
2535 http fetch GET 200 https://registry.npmjs.org/acorn-jsx/-/acorn-jsx-5.3.2.tgz 4635ms (cache revalidated)
2536 http fetch GET 200 https://registry.npmjs.org/run-parallel/-/run-parallel-1.2.0.tgz 4638ms (cache revalidated)
2537 http fetch GET 200 https://registry.npmjs.org/acorn/-/acorn-8.16.0.tgz 4639ms (cache revalidated)
2538 http fetch GET 200 https://registry.npmjs.org/electron-to-chromium/-/electron-to-chromium-1.5.344.tgz 4640ms (cache revalidated)
2539 http fetch GET 200 https://registry.npmjs.org/lru-cache/-/lru-cache-5.1.1.tgz 4641ms (cache revalidated)
2540 http fetch GET 200 https://registry.npmjs.org/micromatch/-/micromatch-4.0.8.tgz 4646ms (cache revalidated)
2541 http fetch GET 200 https://registry.npmjs.org/@babel/helper-string-parser/-/helper-string-parser-7.27.1.tgz 4645ms (cache revalidated)
2542 http fetch GET 200 https://registry.npmjs.org/browserslist/-/browserslist-4.28.2.tgz 4645ms (cache revalidated)
2543 http fetch GET 200 https://registry.npmjs.org/@babel/helper-globals/-/helper-globals-7.28.0.tgz 4646ms (cache revalidated)
2544 http fetch GET 200 https://registry.npmjs.org/caniuse-lite/-/caniuse-lite-1.0.30001791.tgz 4675ms (cache revalidated)
2545 http fetch GET 200 https://registry.npmjs.org/@babel/compat-data/-/compat-data-7.29.0.tgz 4695ms (cache revalidated)
2546 http fetch GET 200 https://registry.npmjs.org/@babel/helper-module-imports/-/helper-module-imports-7.28.6.tgz 4728ms (cache revalidated)
2547 http fetch GET 200 https://registry.npmjs.org/node-releases/-/node-releases-2.0.38.tgz 4732ms (cache revalidated)
2548 http fetch GET 200 https://registry.npmjs.org/jsesc/-/jsesc-3.1.0.tgz 4731ms (cache revalidated)
2549 http fetch GET 200 https://registry.npmjs.org/baseline-browser-mapping/-/baseline-browser-mapping-2.10.24.tgz 4843ms (cache revalidated)
2550 http fetch GET 200 https://registry.npmjs.org/js-tokens/-/js-tokens-4.0.0.tgz 4868ms (cache revalidated)
2551 http fetch GET 200 https://registry.npmjs.org/json5/-/json5-2.2.3.tgz 4929ms (cache revalidated)
2552 http fetch GET 200 https://registry.npmjs.org/picocolors/-/picocolors-1.1.1.tgz 4932ms (cache revalidated)
2553 http fetch GET 200 https://registry.npmjs.org/gensync/-/gensync-1.0.0-beta.2.tgz 4933ms (cache revalidated)
2554 http fetch GET 200 https://registry.npmjs.org/convert-source-map/-/convert-source-map-2.0.0.tgz 4935ms (cache revalidated)
2555 http fetch GET 200 https://registry.npmjs.org/@babel/helper-compilation-targets/-/helper-compilation-targets-7.28.6.tgz 4940ms (cache revalidated)
2556 http fetch GET 200 https://registry.npmjs.org/@babel/helper-validator-identifier/-/helper-validator-identifier-7.28.5.tgz 4963ms (cache revalidated)
2557 http fetch GET 200 https://registry.npmjs.org/@babel/generator/-/generator-7.29.1.tgz 4991ms (cache revalidated)
2558 http fetch GET 200 https://registry.npmjs.org/@babel/template/-/template-7.28.6.tgz 4994ms (cache revalidated)
2559 http fetch GET 200 https://registry.npmjs.org/@babel/types/-/types-7.29.0.tgz 5018ms (cache revalidated)
2560 http fetch GET 200 https://registry.npmjs.org/@babel/code-frame/-/code-frame-7.29.0.tgz 5019ms (cache revalidated)
2561 http fetch GET 200 https://registry.npmjs.org/@babel/helpers/-/helpers-7.29.2.tgz 5033ms (cache revalidated)
2562 http fetch GET 200 https://registry.npmjs.org/@babel/traverse/-/traverse-7.29.0.tgz 5043ms (cache revalidated)
2563 http fetch GET 200 https://registry.npmjs.org/@babel/helper-validator-option/-/helper-validator-option-7.27.1.tgz 5046ms (cache revalidated)
2564 http fetch GET 200 https://registry.npmjs.org/prop-types/-/prop-types-15.8.1.tgz 5192ms (cache revalidated)
2565 http fetch GET 200 https://registry.npmjs.org/hermes-parser/-/hermes-parser-0.25.1.tgz 5206ms (cache revalidated)
2566 http fetch GET 200 https://registry.npmjs.org/iterator.prototype/-/iterator.prototype-1.1.5.tgz 5208ms (cache revalidated)
2567 http fetch GET 200 https://registry.npmjs.org/@babel/core/-/core-7.29.0.tgz 5219ms (cache revalidated)
2568 http fetch GET 200 https://registry.npmjs.org/zod-validation-error/-/zod-validation-error-4.0.2.tgz 5222ms (cache revalidated)
2569 http fetch GET 200 https://registry.npmjs.org/@babel/parser/-/parser-7.29.2.tgz 5237ms (cache revalidated)
2570 http fetch GET 200 https://registry.npmjs.org/zod/-/zod-4.3.6.tgz 5278ms (cache revalidated)
2571 http fetch GET 200 https://registry.npmjs.org/string.prototype.matchall/-/string.prototype.matchall-4.0.12.tgz 5324ms (cache revalidated)
2572 http fetch GET 200 https://registry.npmjs.org/estraverse/-/estraverse-5.3.0.tgz 5325ms (cache revalidated)
2573 http fetch GET 200 https://registry.npmjs.org/language-tags/-/language-tags-1.0.9.tgz 5329ms (cache revalidated)
2574 http fetch GET 200 https://registry.npmjs.org/string.prototype.repeat/-/string.prototype.repeat-1.0.0.tgz 5341ms (cache revalidated)
2575 http fetch GET 200 https://registry.npmjs.org/object.entries/-/object.entries-1.1.9.tgz 5344ms (cache revalidated)
2576 http fetch GET 200 https://registry.npmjs.org/es-iterator-helpers/-/es-iterator-helpers-1.3.2.tgz 5352ms (cache revalidated)
2577 http fetch GET 200 https://registry.npmjs.org/string.prototype.includes/-/string.prototype.includes-2.0.1.tgz 5372ms (cache revalidated)
2578 http fetch GET 200 https://registry.npmjs.org/array.prototype.tosorted/-/array.prototype.tosorted-1.1.4.tgz 5375ms (cache revalidated)
2579 http fetch GET 200 https://registry.npmjs.org/damerau-levenshtein/-/damerau-levenshtein-1.0.8.tgz 5629ms (cache revalidated)
2580 http fetch GET 200 https://registry.npmjs.org/array.prototype.findlast/-/array.prototype.findlast-1.2.5.tgz 5636ms (cache revalidated)
2581 http fetch GET 200 https://registry.npmjs.org/axobject-query/-/axobject-query-4.1.0.tgz 5639ms (cache revalidated)
2582 http fetch GET 200 https://registry.npmjs.org/ast-types-flow/-/ast-types-flow-0.0.8.tgz 5646ms (cache revalidated)
2583 http fetch GET 200 https://registry.npmjs.org/emoji-regex/-/emoji-regex-9.2.2.tgz 5651ms (cache revalidated)
2584 http fetch GET 200 https://registry.npmjs.org/is-symbol/-/is-symbol-1.1.1.tgz 5652ms (cache revalidated)
2585 http fetch GET 200 https://registry.npmjs.org/axe-core/-/axe-core-4.11.3.tgz 5681ms (cache revalidated)
2586 http fetch GET 200 https://registry.npmjs.org/jsx-ast-utils/-/jsx-ast-utils-3.3.5.tgz 5772ms (cache revalidated)
2587 http fetch GET 200 https://registry.npmjs.org/has-tostringtag/-/has-tostringtag-1.0.2.tgz 5772ms (cache revalidated)
2588 http fetch GET 200 https://registry.npmjs.org/typed-array-length/-/typed-array-length-1.0.7.tgz 5773ms (cache revalidated)
2589 http fetch GET 200 https://registry.npmjs.org/aria-query/-/aria-query-5.3.2.tgz 5781ms (cache revalidated)
2590 http fetch GET 200 https://registry.npmjs.org/which-typed-array/-/which-typed-array-1.1.20.tgz 5782ms (cache revalidated)
2591 http fetch GET 200 https://registry.npmjs.org/typed-array-byte-offset/-/typed-array-byte-offset-1.0.4.tgz 5783ms (cache revalidated)
2592 http fetch GET 200 https://registry.npmjs.org/possible-typed-array-names/-/possible-typed-array-names-1.1.0.tgz 5786ms (cache revalidated)
2593 http fetch GET 200 https://registry.npmjs.org/unbox-primitive/-/unbox-primitive-1.1.0.tgz 5788ms (cache revalidated)
2594 http fetch GET 200 https://registry.npmjs.org/typed-array-buffer/-/typed-array-buffer-1.0.3.tgz 5859ms (cache revalidated)
2595 http fetch GET 200 https://registry.npmjs.org/set-proto/-/set-proto-1.0.0.tgz 5860ms (cache revalidated)
2596 http fetch GET 200 https://registry.npmjs.org/typed-array-byte-length/-/typed-array-byte-length-1.0.3.tgz 5863ms (cache revalidated)
2597 http fetch GET 200 https://registry.npmjs.org/string.prototype.trim/-/string.prototype.trim-1.2.10.tgz 5866ms (cache revalidated)
2598 http fetch GET 200 https://registry.npmjs.org/is-date-object/-/is-date-object-1.1.0.tgz 5882ms (cache revalidated)
2599 http fetch GET 200 https://registry.npmjs.org/regexp.prototype.flags/-/regexp.prototype.flags-1.5.4.tgz 5880ms (cache revalidated)
2600 http fetch GET 200 https://registry.npmjs.org/stop-iteration-iterator/-/stop-iteration-iterator-1.1.0.tgz 5883ms (cache revalidated)
2601 http fetch GET 200 https://registry.npmjs.org/own-keys/-/own-keys-1.0.1.tgz 6133ms (cache revalidated)
2602 http fetch GET 200 https://registry.npmjs.org/safe-push-apply/-/safe-push-apply-1.0.0.tgz 6135ms (cache revalidated)
2603 http fetch GET 200 https://registry.npmjs.org/safe-array-concat/-/safe-array-concat-1.1.4.tgz 6141ms (cache revalidated)
2604 http fetch GET 200 https://registry.npmjs.org/string.prototype.trimstart/-/string.prototype.trimstart-1.0.8.tgz 6145ms (cache revalidated)
2605 http fetch GET 200 https://registry.npmjs.org/is-typed-array/-/is-typed-array-1.1.15.tgz 6245ms (cache revalidated)
2606 http fetch GET 200 https://registry.npmjs.org/object.assign/-/object.assign-4.1.7.tgz 6248ms (cache revalidated)
2607 http fetch GET 200 https://registry.npmjs.org/is-weakref/-/is-weakref-1.1.1.tgz 6249ms (cache revalidated)
2608 http fetch GET 200 https://registry.npmjs.org/@babel/helper-module-transforms/-/helper-module-transforms-7.28.6.tgz 6273ms (cache revalidated)
2609 http fetch GET 200 https://registry.npmjs.org/object-inspect/-/object-inspect-1.13.4.tgz 6258ms (cache revalidated)
2610 http fetch GET 200 https://registry.npmjs.org/globalthis/-/globalthis-1.0.4.tgz 6253ms (cache revalidated)
2611 http fetch GET 200 https://registry.npmjs.org/is-negative-zero/-/is-negative-zero-2.0.3.tgz 6257ms (cache revalidated)
2612 http fetch GET 200 https://registry.npmjs.org/safe-regex-test/-/safe-regex-test-1.1.0.tgz 6265ms (cache revalidated)
2613 http fetch GET 200 https://registry.npmjs.org/is-array-buffer/-/is-array-buffer-3.0.5.tgz 6259ms (cache revalidated)
2614 http fetch GET 200 https://registry.npmjs.org/is-data-view/-/is-data-view-1.0.2.tgz 6261ms (cache revalidated)
2615 http fetch GET 200 https://registry.npmjs.org/is-regex/-/is-regex-1.2.1.tgz 6268ms (cache revalidated)
2616 http fetch GET 200 https://registry.npmjs.org/is-set/-/is-set-2.0.3.tgz 6321ms (cache revalidated)
2617 http fetch GET 200 https://registry.npmjs.org/get-symbol-description/-/get-symbol-description-1.1.0.tgz 6319ms (cache revalidated)
2618 http fetch GET 200 https://registry.npmjs.org/is-callable/-/is-callable-1.2.7.tgz 6324ms (cache revalidated)
2619 http fetch GET 200 https://registry.npmjs.org/has-symbols/-/has-symbols-1.1.0.tgz 6351ms (cache revalidated)
2620 http fetch GET 200 https://registry.npmjs.org/has-proto/-/has-proto-1.2.0.tgz 6402ms (cache revalidated)
2621 http fetch GET 200 https://registry.npmjs.org/get-proto/-/get-proto-1.0.1.tgz 6403ms (cache revalidated)
2622 http fetch GET 200 https://registry.npmjs.org/is-shared-array-buffer/-/is-shared-array-buffer-1.0.4.tgz 6412ms (cache revalidated)
2623 http fetch GET 200 https://registry.npmjs.org/internal-slot/-/internal-slot-1.1.0.tgz 6410ms (cache revalidated)
2624 http fetch GET 200 https://registry.npmjs.org/function.prototype.name/-/function.prototype.name-1.1.8.tgz 6413ms (cache revalidated)
2625 http fetch GET 200 https://registry.npmjs.org/arraybuffer.prototype.slice/-/arraybuffer.prototype.slice-1.0.4.tgz 6413ms (cache revalidated)
2626 http fetch GET 200 https://registry.npmjs.org/es-to-primitive/-/es-to-primitive-1.3.0.tgz 6420ms (cache revalidated)
2627 http fetch GET 200 https://registry.npmjs.org/data-view-byte-length/-/data-view-byte-length-1.0.2.tgz 6422ms (cache revalidated)
2628 http fetch GET 200 https://registry.npmjs.org/gopd/-/gopd-1.2.0.tgz 6479ms (cache revalidated)
2629 http fetch GET 200 https://registry.npmjs.org/data-view-byte-offset/-/data-view-byte-offset-1.0.1.tgz 6484ms (cache revalidated)
2630 http fetch GET 200 https://registry.npmjs.org/data-view-buffer/-/data-view-buffer-1.0.2.tgz 6485ms (cache revalidated)
2631 http fetch GET 200 https://registry.npmjs.org/has-property-descriptors/-/has-property-descriptors-1.0.2.tgz 6599ms (cache revalidated)
2632 http fetch GET 200 https://registry.npmjs.org/available-typed-arrays/-/available-typed-arrays-1.0.7.tgz 6602ms (cache revalidated)
2633 http fetch GET 200 https://registry.npmjs.org/set-function-length/-/set-function-length-1.2.2.tgz 6602ms (cache revalidated)
2634 http fetch GET 200 https://registry.npmjs.org/es-define-property/-/es-define-property-1.0.1.tgz 6604ms (cache revalidated)
2635 http fetch GET 200 https://registry.npmjs.org/define-data-property/-/define-data-property-1.1.4.tgz 6611ms (cache revalidated)
2636 http fetch GET 200 https://registry.npmjs.org/es-set-tostringtag/-/es-set-tostringtag-2.1.0.tgz 6615ms (cache revalidated)
2637 http fetch GET 200 https://registry.npmjs.org/math-intrinsics/-/math-intrinsics-1.1.0.tgz 6615ms (cache revalidated)
2638 http fetch GET 200 https://registry.npmjs.org/function-bind/-/function-bind-1.1.2.tgz 6620ms (cache revalidated)
2639 http fetch GET 200 https://registry.npmjs.org/object-keys/-/object-keys-1.1.1.tgz 6629ms (cache revalidated)
2640 http fetch GET 200 https://registry.npmjs.org/es-errors/-/es-errors-1.3.0.tgz 6629ms (cache revalidated)
2641 http fetch GET 200 https://registry.npmjs.org/is-string/-/is-string-1.1.1.tgz 6630ms (cache revalidated)
2642 http fetch GET 200 https://registry.npmjs.org/es-abstract/-/es-abstract-1.24.2.tgz 6791ms (cache revalidated)
2643 http fetch GET 200 https://registry.npmjs.org/es-shim-unscopables/-/es-shim-unscopables-1.1.0.tgz 6794ms (cache revalidated)
2644 http fetch GET 200 https://registry.npmjs.org/es-object-atoms/-/es-object-atoms-1.1.1.tgz 6816ms (cache revalidated)
2645 http fetch GET 200 https://registry.npmjs.org/call-bind-apply-helpers/-/call-bind-apply-helpers-1.0.2.tgz 6844ms (cache revalidated)
2646 http fetch GET 200 https://registry.npmjs.org/get-intrinsic/-/get-intrinsic-1.3.0.tgz 6844ms (cache revalidated)
2647 http fetch GET 200 https://registry.npmjs.org/call-bind/-/call-bind-1.0.9.tgz 6846ms (cache revalidated)
2648 http fetch GET 200 https://registry.npmjs.org/string.prototype.trimend/-/string.prototype.trimend-1.0.9.tgz 6848ms (cache revalidated)
2649 http fetch GET 200 https://registry.npmjs.org/object.values/-/object.values-1.2.1.tgz 6882ms (cache revalidated)
2650 http fetch GET 200 https://registry.npmjs.org/call-bound/-/call-bound-1.0.4.tgz 6885ms (cache revalidated)
2651 http fetch GET 200 https://registry.npmjs.org/tsconfig-paths/-/tsconfig-paths-3.15.0.tgz 6892ms (cache revalidated)
2652 http fetch GET 200 https://registry.npmjs.org/doctrine/-/doctrine-2.1.0.tgz 6890ms (cache revalidated)
2653 http fetch GET 200 https://registry.npmjs.org/object.fromentries/-/object.fromentries-2.0.8.tgz 6895ms (cache revalidated)
2654 http fetch GET 200 https://registry.npmjs.org/array.prototype.flat/-/array.prototype.flat-1.3.3.tgz 6894ms (cache revalidated)
2655 http fetch GET 200 https://registry.npmjs.org/semver/-/semver-6.3.1.tgz 6899ms (cache revalidated)
2656 http fetch GET 200 https://registry.npmjs.org/eslint-module-utils/-/eslint-module-utils-2.12.1.tgz 6903ms (cache revalidated)
2657 http fetch GET 200 https://registry.npmjs.org/hasown/-/hasown-2.0.3.tgz 6906ms (cache revalidated)
2658 http fetch GET 200 https://registry.npmjs.org/array.prototype.findlastindex/-/array.prototype.findlastindex-1.2.6.tgz 6904ms (cache revalidated)
2659 http fetch GET 200 https://registry.npmjs.org/object.groupby/-/object.groupby-1.0.3.tgz 6912ms (cache revalidated)
2660 http fetch GET 200 https://registry.npmjs.org/array.prototype.flatmap/-/array.prototype.flatmap-1.3.3.tgz 6911ms (cache revalidated)
2661 http fetch GET 200 https://registry.npmjs.org/array-includes/-/array-includes-3.1.9.tgz 7087ms (cache revalidated)
2662 http fetch GET 200 https://registry.npmjs.org/@nolyfill/is-core-module/-/is-core-module-1.0.39.tgz 7088ms (cache revalidated)
2663 http fetch GET 200 https://registry.npmjs.org/unrs-resolver/-/unrs-resolver-1.11.1.tgz 7089ms (cache revalidated)
2664 http fetch GET 200 https://registry.npmjs.org/tinyglobby/-/tinyglobby-0.2.16.tgz 7175ms (cache revalidated)
2665 http fetch GET 200 https://registry.npmjs.org/is-bun-module/-/is-bun-module-2.0.0.tgz 7178ms (cache revalidated)
2666 http fetch GET 200 https://registry.npmjs.org/fast-glob/-/fast-glob-3.3.1.tgz 7182ms (cache revalidated)
2667 http fetch GET 200 https://registry.npmjs.org/is-core-module/-/is-core-module-2.16.1.tgz 7183ms (cache revalidated)
2668 http fetch GET 200 https://registry.npmjs.org/typescript-eslint/-/typescript-eslint-8.59.1.tgz 7184ms (cache revalidated)
2669 http fetch GET 200 https://registry.npmjs.org/eslint-import-resolver-node/-/eslint-import-resolver-node-0.3.10.tgz 7160ms (cache revalidated)
2670 http fetch GET 200 https://registry.npmjs.org/@rtsao/scc/-/scc-1.1.0.tgz 7191ms (cache revalidated)
2671 http fetch GET 200 https://registry.npmjs.org/eslint-plugin-react/-/eslint-plugin-react-7.37.5.tgz 7213ms (cache revalidated)
2672 http fetch GET 200 https://registry.npmjs.org/eslint-plugin-import/-/eslint-plugin-import-2.32.0.tgz 7203ms (cache revalidated)
2673 http fetch GET 200 https://registry.npmjs.org/@next/eslint-plugin-next/-/eslint-plugin-next-16.2.4.tgz 7206ms (cache revalidated)
2674 http fetch GET 200 https://registry.npmjs.org/get-tsconfig/-/get-tsconfig-4.14.0.tgz 7237ms (cache revalidated)
2675 http fetch GET 200 https://registry.npmjs.org/eslint-plugin-jsx-a11y/-/eslint-plugin-jsx-a11y-6.10.2.tgz 7255ms (cache revalidated)
2676 http fetch GET 200 https://registry.npmjs.org/eslint-import-resolver-typescript/-/eslint-import-resolver-typescript-3.10.1.tgz 7414ms (cache revalidated)
2677 http fetch GET 200 https://registry.npmjs.org/ms/-/ms-2.1.3.tgz 7420ms (cache revalidated)
2678 http fetch GET 200 https://registry.npmjs.org/stable-hash/-/stable-hash-0.0.5.tgz 7452ms (cache revalidated)
2679 http fetch GET 200 https://registry.npmjs.org/path-key/-/path-key-3.1.1.tgz 7422ms (cache revalidated)
2680 http fetch GET 200 https://registry.npmjs.org/shebang-command/-/shebang-command-2.0.0.tgz 7424ms (cache revalidated)
2681 http fetch GET 200 https://registry.npmjs.org/define-properties/-/define-properties-1.2.1.tgz 7466ms (cache revalidated)
2682 http fetch GET 200 https://registry.npmjs.org/supports-color/-/supports-color-7.2.0.tgz 7426ms (cache revalidated)
2683 http fetch GET 200 https://registry.npmjs.org/color-name/-/color-name-1.1.4.tgz 7428ms (cache revalidated)
2684 http fetch GET 200 https://registry.npmjs.org/fast-json-stable-stringify/-/fast-json-stable-stringify-2.1.0.tgz 7429ms (cache revalidated)
2685 http fetch GET 200 https://registry.npmjs.org/eslint-plugin-react-hooks/-/eslint-plugin-react-hooks-7.1.1.tgz 7498ms (cache revalidated)
2686 http fetch GET 200 https://registry.npmjs.org/resolve/-/resolve-2.0.0-next.6.tgz 7508ms (cache revalidated)
2687 http fetch GET 200 https://registry.npmjs.org/color-convert/-/color-convert-2.0.1.tgz 7478ms (cache revalidated)
2688 http fetch GET 200 https://registry.npmjs.org/uri-js/-/uri-js-4.4.1.tgz 7486ms (cache revalidated)
2689 http fetch GET 200 https://registry.npmjs.org/strip-json-comments/-/strip-json-comments-3.1.1.tgz 7490ms (cache revalidated)
2690 http fetch GET 200 https://registry.npmjs.org/@humanfs/types/-/types-0.15.0.tgz 7649ms (cache revalidated)
2691 http fetch GET 200 https://registry.npmjs.org/levn/-/levn-0.4.1.tgz 7787ms (cache revalidated)
2692 http fetch GET 200 https://registry.npmjs.org/import-fresh/-/import-fresh-3.3.1.tgz 7790ms (cache revalidated)
2693 http fetch GET 200 https://registry.npmjs.org/which/-/which-2.0.2.tgz 7805ms (cache revalidated)
2694 http fetch GET 200 https://registry.npmjs.org/optionator/-/optionator-0.9.4.tgz 7801ms (cache revalidated)
2695 http fetch GET 200 https://registry.npmjs.org/js-yaml/-/js-yaml-4.1.1.tgz 7807ms (cache revalidated)
2696 http fetch GET 200 https://registry.npmjs.org/json-schema-traverse/-/json-schema-traverse-0.4.1.tgz 7814ms (cache revalidated)
2697 http fetch GET 200 https://registry.npmjs.org/globals/-/globals-14.0.0.tgz 7813ms (cache revalidated)
2698 http fetch GET 200 https://registry.npmjs.org/minimatch/-/minimatch-3.1.5.tgz 7814ms (cache revalidated)
2699 http fetch GET 200 https://registry.npmjs.org/json-stable-stringify-without-jsonify/-/json-stable-stringify-without-jsonify-1.0.1.tgz 7816ms (cache revalidated)
2700 http fetch GET 200 https://registry.npmjs.org/@eslint/object-schema/-/object-schema-2.1.7.tgz 7821ms (cache revalidated)
2701 http fetch GET 200 https://registry.npmjs.org/imurmurhash/-/imurmurhash-0.1.4.tgz 7827ms (cache revalidated)
2702 http fetch GET 200 https://registry.npmjs.org/lodash.merge/-/lodash.merge-4.6.2.tgz 7831ms (cache revalidated)
2703 http fetch GET 200 https://registry.npmjs.org/@types/json-schema/-/json-schema-7.0.15.tgz 7835ms (cache revalidated)
2704 http fetch GET 200 https://registry.npmjs.org/@humanfs/core/-/core-0.19.2.tgz 7839ms (cache revalidated)
2705 http fetch GET 200 https://registry.npmjs.org/natural-compare/-/natural-compare-1.4.0.tgz 8046ms (cache revalidated)
2706 http fetch GET 200 https://registry.npmjs.org/ignore/-/ignore-5.3.2.tgz 8452ms (cache revalidated)
2707 http fetch GET 200 https://registry.npmjs.org/ansi-styles/-/ansi-styles-4.3.0.tgz 8465ms (cache revalidated)
2708 http fetch GET 200 https://registry.npmjs.org/glob-parent/-/glob-parent-6.0.2.tgz 8463ms (cache revalidated)
2709 http fetch GET 200 https://registry.npmjs.org/is-glob/-/is-glob-4.0.3.tgz 8466ms (cache revalidated)
2710 http fetch GET 200 https://registry.npmjs.org/fast-deep-equal/-/fast-deep-equal-3.1.3.tgz 8467ms (cache revalidated)
2711 http fetch GET 200 https://registry.npmjs.org/find-up/-/find-up-5.0.0.tgz 8469ms (cache revalidated)
2712 http fetch GET 200 https://registry.npmjs.org/espree/-/espree-10.4.0.tgz 8474ms (cache revalidated)
2713 http fetch GET 200 https://registry.npmjs.org/esquery/-/esquery-1.7.0.tgz 8483ms (cache revalidated)
2714 http fetch GET 200 https://registry.npmjs.org/file-entry-cache/-/file-entry-cache-8.0.0.tgz 8492ms (cache revalidated)
2715 http fetch GET 200 https://registry.npmjs.org/esutils/-/esutils-2.0.3.tgz 8494ms (cache revalidated)
2716 http fetch GET 200 https://registry.npmjs.org/eslint-visitor-keys/-/eslint-visitor-keys-4.2.1.tgz 8495ms (cache revalidated)
2717 http fetch GET 200 https://registry.npmjs.org/eslint-scope/-/eslint-scope-8.4.0.tgz 8517ms (cache revalidated)
2718 http fetch GET 200 https://registry.npmjs.org/escape-string-regexp/-/escape-string-regexp-4.0.0.tgz 8527ms (cache revalidated)
2719 http fetch GET 200 https://registry.npmjs.org/cross-spawn/-/cross-spawn-7.0.6.tgz 8529ms (cache revalidated)
2720 http fetch GET 200 https://registry.npmjs.org/debug/-/debug-4.4.3.tgz 8532ms (cache revalidated)
2721 http fetch GET 200 https://registry.npmjs.org/chalk/-/chalk-4.1.2.tgz 8745ms (cache revalidated)
2722 http fetch GET 200 https://registry.npmjs.org/@humanwhocodes/retry/-/retry-0.4.3.tgz 8749ms (cache revalidated)
2723 http fetch GET 200 https://registry.npmjs.org/ajv/-/ajv-6.15.0.tgz 8756ms (cache revalidated)
2724 http fetch GET 200 https://registry.npmjs.org/graceful-fs/-/graceful-fs-4.2.11.tgz 8755ms (cache revalidated)
2725 http fetch GET 200 https://registry.npmjs.org/@humanfs/node/-/node-0.16.8.tgz 8760ms (cache revalidated)
2726 http fetch GET 200 https://registry.npmjs.org/@eslint/plugin-kit/-/plugin-kit-0.4.1.tgz 8763ms (cache revalidated)
2727 http fetch GET 200 https://registry.npmjs.org/@eslint/js/-/js-9.39.4.tgz 8764ms (cache revalidated)
2728 http fetch GET 200 https://registry.npmjs.org/@eslint/eslintrc/-/eslintrc-3.3.5.tgz 8772ms (cache revalidated)
2729 http fetch GET 200 https://registry.npmjs.org/@eslint/config-array/-/config-array-0.21.2.tgz 8774ms (cache revalidated)
2730 http fetch GET 200 https://registry.npmjs.org/@types/estree/-/estree-1.0.8.tgz 8780ms (cache revalidated)
2731 http fetch GET 200 https://registry.npmjs.org/tapable/-/tapable-2.3.3.tgz 8778ms (cache revalidated)
2732 http fetch GET 200 https://registry.npmjs.org/@eslint/core/-/core-0.17.0.tgz 8782ms (cache revalidated)
2733 http fetch GET 200 https://registry.npmjs.org/@eslint/config-helpers/-/config-helpers-0.4.2.tgz 8784ms (cache revalidated)
2734 http fetch GET 200 https://registry.npmjs.org/@humanwhocodes/module-importer/-/module-importer-1.0.1.tgz 8788ms (cache revalidated)
2735 http fetch GET 200 https://registry.npmjs.org/@eslint-community/eslint-utils/-/eslint-utils-4.9.1.tgz 8792ms (cache revalidated)
2736 http fetch GET 200 https://registry.npmjs.org/source-map-js/-/source-map-js-1.2.1.tgz 9266ms (cache revalidated)
2737 http fetch GET 200 https://registry.npmjs.org/@eslint-community/regexpp/-/regexpp-4.12.2.tgz 9272ms (cache revalidated)
2738 http fetch GET 200 https://registry.npmjs.org/csstype/-/csstype-3.2.3.tgz 9281ms (cache revalidated)
2739 http fetch GET 200 https://registry.npmjs.org/postcss/-/postcss-8.5.12.tgz 9282ms (cache revalidated)
2740 http fetch GET 200 https://registry.npmjs.org/magic-string/-/magic-string-0.30.21.tgz 9288ms (cache revalidated)
2741 http fetch GET 200 https://registry.npmjs.org/lightningcss/-/lightningcss-1.32.0.tgz 9297ms (cache revalidated)
2742 http fetch GET 200 https://registry.npmjs.org/jiti/-/jiti-2.6.1.tgz 9331ms (cache revalidated)
2743 http fetch GET 200 https://registry.npmjs.org/@jridgewell/sourcemap-codec/-/sourcemap-codec-1.5.5.tgz 9336ms (cache revalidated)
2744 http fetch GET 200 https://registry.npmjs.org/@jridgewell/gen-mapping/-/gen-mapping-0.3.13.tgz 9339ms (cache revalidated)
2745 http fetch GET 200 https://registry.npmjs.org/@jridgewell/resolve-uri/-/resolve-uri-3.1.2.tgz 9347ms (cache revalidated)
2746 http fetch GET 200 https://registry.npmjs.org/@jridgewell/remapping/-/remapping-2.3.5.tgz 9348ms (cache revalidated)
2747 http fetch GET 200 https://registry.npmjs.org/undici-types/-/undici-types-6.21.0.tgz 9354ms (cache revalidated)
2748 http fetch GET 200 https://registry.npmjs.org/@alloc/quick-lru/-/quick-lru-5.2.0.tgz 9352ms (cache revalidated)
2749 http fetch GET 200 https://registry.npmjs.org/@tailwindcss/oxide-win32-x64-msvc/-/oxide-win32-x64-msvc-4.2.4.tgz 9389ms (cache revalidated)
2750 http fetch GET 200 https://registry.npmjs.org/@tailwindcss/node/-/node-4.2.4.tgz 9393ms (cache revalidated)
2751 http fetch GET 200 https://registry.npmjs.org/tslib/-/tslib-2.8.1.tgz 9559ms (cache revalidated)
2752 http fetch GET 200 https://registry.npmjs.org/enhanced-resolve/-/enhanced-resolve-5.21.0.tgz 9567ms (cache revalidated)
2753 http fetch GET 200 https://registry.npmjs.org/ws/-/ws-8.20.0.tgz 9568ms (cache revalidated)
2754 http fetch GET 200 https://registry.npmjs.org/@types/ws/-/ws-8.18.1.tgz 9571ms (cache revalidated)
2755 http fetch GET 200 https://registry.npmjs.org/iceberg-js/-/iceberg-js-0.8.1.tgz 9573ms (cache revalidated)
2756 http fetch GET 200 https://registry.npmjs.org/typescript/-/typescript-5.9.3.tgz 9730ms (cache revalidated)
2757 http fetch GET 200 https://registry.npmjs.org/react/-/react-19.2.4.tgz 9734ms (cache revalidated)
2758 http fetch GET 200 https://registry.npmjs.org/array-buffer-byte-length/-/array-buffer-byte-length-1.0.2.tgz 9807ms (cache revalidated)
2759 http fetch GET 200 https://registry.npmjs.org/@supabase/storage-js/-/storage-js-2.105.1.tgz 9748ms (cache revalidated)
2760 http fetch GET 200 https://registry.npmjs.org/@supabase/postgrest-js/-/postgrest-js-2.105.1.tgz 9760ms (cache revalidated)
2761 http fetch GET 200 https://registry.npmjs.org/@jridgewell/trace-mapping/-/trace-mapping-0.3.31.tgz 9768ms (cache revalidated)
2762 http fetch GET 200 https://registry.npmjs.org/tailwindcss/-/tailwindcss-4.2.4.tgz 9771ms (cache revalidated)
2763 http fetch GET 200 https://registry.npmjs.org/@types/react-dom/-/react-dom-19.2.3.tgz 9772ms (cache revalidated)
2764 http fetch GET 200 https://registry.npmjs.org/@types/react/-/react-19.2.14.tgz 9776ms (cache revalidated)
2765 http fetch GET 200 https://registry.npmjs.org/next/-/next-16.2.4.tgz 11022ms (cache revalidated)
2766 http fetch GET 200 https://registry.npmjs.org/eslint-visitor-keys/-/eslint-visitor-keys-5.0.1.tgz 11068ms (cache revalidated)
2767 http fetch GET 200 https://registry.npmjs.org/minimatch/-/minimatch-10.2.5.tgz 11072ms (cache revalidated)
2768 http fetch GET 200 https://registry.npmjs.org/ignore/-/ignore-7.0.5.tgz 11075ms (cache revalidated)
2769 http fetch GET 200 https://registry.npmjs.org/@types/node/-/node-20.19.39.tgz 11095ms (cache revalidated)
2770 http fetch GET 200 https://registry.npmjs.org/eslint-config-next/-/eslint-config-next-16.2.4.tgz 11098ms (cache revalidated)
2771 http fetch GET 200 https://registry.npmjs.org/eslint/-/eslint-9.39.4.tgz 11124ms (cache revalidated)
2772 http fetch GET 200 https://registry.npmjs.org/brace-expansion/-/brace-expansion-5.0.5.tgz 11122ms (cache revalidated)
2773 http fetch GET 200 https://registry.npmjs.org/balanced-match/-/balanced-match-4.0.4.tgz 11124ms (cache revalidated)
2774 http fetch GET 200 https://registry.npmjs.org/@tailwindcss/oxide/-/oxide-4.2.4.tgz 11134ms (cache revalidated)
2775 http fetch GET 200 https://registry.npmjs.org/semver/-/semver-7.7.4.tgz 11125ms (cache revalidated)
2776 http fetch GET 200 https://registry.npmjs.org/semver/-/semver-7.7.4.tgz 11128ms (cache revalidated)
2777 http fetch GET 200 https://registry.npmjs.org/json5/-/json5-1.0.2.tgz 11130ms (cache revalidated)
2778 http fetch GET 200 https://registry.npmjs.org/@tailwindcss/postcss/-/postcss-4.2.4.tgz 11136ms (cache revalidated)
2779 http fetch GET 200 https://registry.npmjs.org/debug/-/debug-3.2.7.tgz 11135ms (cache revalidated)
2780 http fetch GET 200 https://registry.npmjs.org/react-dom/-/react-dom-19.2.4.tgz 11178ms (cache revalidated)
2781 http fetch GET 200 https://registry.npmjs.org/semver/-/semver-7.7.4.tgz 11254ms (cache revalidated)
2782 http fetch GET 200 https://registry.npmjs.org/debug/-/debug-3.2.7.tgz 11257ms (cache revalidated)
2783 http fetch GET 200 https://registry.npmjs.org/glob-parent/-/glob-parent-5.1.2.tgz 11260ms (cache revalidated)
2784 http fetch GET 200 https://registry.npmjs.org/fdir/-/fdir-6.5.0.tgz 11263ms (cache revalidated)
2785 http fetch GET 200 https://registry.npmjs.org/debug/-/debug-3.2.7.tgz 11264ms (cache revalidated)
2786 http fetch GET 200 https://registry.npmjs.org/picomatch/-/picomatch-4.0.4.tgz 11268ms (cache revalidated)
2787 http fetch GET 200 https://registry.npmjs.org/postcss/-/postcss-8.4.31.tgz 11270ms (cache revalidated)
2788 http fetch GET 200 https://registry.npmjs.org/eslint-visitor-keys/-/eslint-visitor-keys-3.4.3.tgz 11272ms (cache revalidated)
2789 http fetch GET 200 https://registry.npmjs.org/globals/-/globals-16.4.0.tgz 11273ms (cache revalidated)
2790 http fetch GET 200 https://registry.npmjs.org/@supabase/supabase-js/-/supabase-js-2.105.1.tgz 14590ms (cache miss)
2791 http fetch GET 200 https://registry.npmjs.org/@supabase/functions-js/-/functions-js-2.105.1.tgz 19939ms (cache miss)
2792 http fetch GET 200 https://registry.npmjs.org/@supabase/phoenix/-/phoenix-0.4.1.tgz 22179ms (cache miss)
2793 http fetch GET 200 https://registry.npmjs.org/@supabase/realtime-js/-/realtime-js-2.105.1.tgz 31648ms (cache miss)
2794 http fetch GET 200 https://registry.npmjs.org/@supabase/auth-js/-/auth-js-2.105.1.tgz 35340ms (cache miss)
