0 verbose cli C:\Program Files\nodejs\node.exe C:\Program Files\nodejs\node_modules\npm\bin\npm-cli.js
1 info using npm@11.9.0
2 info using node@v24.14.0
3 silly config load:file:C:\Program Files\nodejs\node_modules\npm\npmrc
4 silly config load:file:C:\Users\Usuario01\TC-ERP\web\.npmrc
5 silly config load:file:C:\Users\Usuario01\.npmrc
6 silly config load:file:C:\Users\Usuario01\AppData\Roaming\npm\etc\npmrc
7 verbose title npm install
8 verbose argv "install" "--cache" ".npm-cache" "--prefer-online" "--no-audit" "--no-fund"
9 verbose logfile logs-max:10 dir:C:\Users\Usuario01\TC-ERP\web\.npm-cache\_logs\2026-04-28T20_38_58_428Z-
10 verbose logfile C:\Users\Usuario01\TC-ERP\web\.npm-cache\_logs\2026-04-28T20_38_58_428Z-debug-0.log
11 silly logfile done cleaning log files
12 silly packumentCache heap:4496293888 maxSize:1124073472 maxEntrySize:562036736
13 silly idealTree buildDeps
14 silly fetch manifest next@16.2.4
15 silly packumentCache full:https://registry.npmjs.org/next cache-miss
16 http fetch GET 200 https://registry.npmjs.org/next 457ms (cache revalidated)
17 silly packumentCache full:https://registry.npmjs.org/next set size:30217715 disposed:false
18 silly fetch manifest @opentelemetry/api@^1.1.0
19 silly packumentCache full:https://registry.npmjs.org/@opentelemetry%2fapi cache-miss
20 http fetch GET 200 https://registry.npmjs.org/@opentelemetry%2fapi 160ms (cache revalidated)
21 silly packumentCache full:https://registry.npmjs.org/@opentelemetry%2fapi set size:272855 disposed:false
22 silly fetch manifest @playwright/test@^1.51.1
23 silly packumentCache full:https://registry.npmjs.org/@playwright%2ftest cache-miss
24 http fetch GET 200 https://registry.npmjs.org/@playwright%2ftest 143ms (cache revalidated)
25 silly packumentCache full:https://registry.npmjs.org/@playwright%2ftest set size:9049688 disposed:false
26 silly fetch manifest babel-plugin-react-compiler@*
27 silly packumentCache full:https://registry.npmjs.org/babel-plugin-react-compiler cache-miss
28 http fetch GET 200 https://registry.npmjs.org/babel-plugin-react-compiler 95ms (cache revalidated)
29 silly packumentCache full:https://registry.npmjs.org/babel-plugin-react-compiler set size:1343735 disposed:false
30 silly fetch manifest react@19.2.4
31 silly packumentCache full:https://registry.npmjs.org/react cache-miss
32 http fetch GET 200 https://registry.npmjs.org/react 118ms (cache revalidated)
33 silly packumentCache full:https://registry.npmjs.org/react set size:6629670 disposed:false
34 silly fetch manifest react-dom@19.2.4
35 silly packumentCache full:https://registry.npmjs.org/react-dom cache-miss
36 http fetch GET 200 https://registry.npmjs.org/react-dom 147ms (cache revalidated)
37 silly packumentCache full:https://registry.npmjs.org/react-dom set size:8832788 disposed:false
38 silly fetch manifest sass@^1.3.0
39 silly packumentCache full:https://registry.npmjs.org/sass cache-miss
40 http fetch GET 200 https://registry.npmjs.org/sass 112ms (cache revalidated)
41 silly packumentCache full:https://registry.npmjs.org/sass set size:726244 disposed:false
42 silly fetch manifest @tailwindcss/postcss@^4
43 silly packumentCache full:https://registry.npmjs.org/@tailwindcss%2fpostcss cache-miss
44 http fetch GET 200 https://registry.npmjs.org/@tailwindcss%2fpostcss 110ms (cache revalidated)
45 silly packumentCache full:https://registry.npmjs.org/@tailwindcss%2fpostcss set size:2144808 disposed:false
46 silly fetch manifest @types/node@^20
47 silly packumentCache full:https://registry.npmjs.org/@types%2fnode cache-miss
48 http fetch GET 200 https://registry.npmjs.org/@types%2fnode 154ms (cache revalidated)
49 silly packumentCache full:https://registry.npmjs.org/@types%2fnode set size:10972342 disposed:false
50 silly fetch manifest @types/react@^19
51 silly packumentCache full:https://registry.npmjs.org/@types%2freact cache-miss
52 http fetch GET 200 https://registry.npmjs.org/@types%2freact 114ms (cache revalidated)
53 silly packumentCache full:https://registry.npmjs.org/@types%2freact set size:2588964 disposed:false
54 silly fetch manifest @types/react-dom@^19
55 silly packumentCache full:https://registry.npmjs.org/@types%2freact-dom cache-miss
56 http fetch GET 200 https://registry.npmjs.org/@types%2freact-dom 94ms (cache revalidated)
57 silly packumentCache full:https://registry.npmjs.org/@types%2freact-dom set size:429026 disposed:false
58 silly fetch manifest eslint@^9
59 silly packumentCache full:https://registry.npmjs.org/eslint cache-miss
60 http fetch GET 200 https://registry.npmjs.org/eslint 90ms (cache revalidated)
61 silly packumentCache full:https://registry.npmjs.org/eslint set size:1983515 disposed:false
62 silly fetch manifest jiti@*
63 silly packumentCache full:https://registry.npmjs.org/jiti cache-miss
64 http fetch GET 200 https://registry.npmjs.org/jiti 100ms (cache revalidated)
65 silly packumentCache full:https://registry.npmjs.org/jiti set size:382310 disposed:false
66 silly fetch manifest eslint-config-next@16.2.4
67 silly packumentCache full:https://registry.npmjs.org/eslint-config-next cache-miss
68 http fetch GET 200 https://registry.npmjs.org/eslint-config-next 114ms (cache revalidated)
69 silly packumentCache full:https://registry.npmjs.org/eslint-config-next set size:6617878 disposed:false
70 silly fetch manifest typescript@^5
71 silly packumentCache full:https://registry.npmjs.org/typescript cache-miss
72 http fetch GET 200 https://registry.npmjs.org/typescript 139ms (cache revalidated)
73 silly packumentCache full:https://registry.npmjs.org/typescript set size:15409943 disposed:false
74 silly fetch manifest tailwindcss@^4
75 silly packumentCache full:https://registry.npmjs.org/tailwindcss cache-miss
76 http fetch GET 200 https://registry.npmjs.org/tailwindcss 158ms (cache revalidated)
77 silly packumentCache full:https://registry.npmjs.org/tailwindcss set size:10396621 disposed:false
78 silly placeDep ROOT @tailwindcss/postcss@4.2.4 OK for: web@0.1.0 want: ^4
79 silly placeDep ROOT @types/node@20.19.39 OK for: web@0.1.0 want: ^20
80 silly placeDep ROOT @types/react@19.2.14 OK for: web@0.1.0 want: ^19
81 silly placeDep ROOT @types/react-dom@19.2.3 OK for: web@0.1.0 want: ^19
82 silly placeDep ROOT eslint@9.39.4 OK for: web@0.1.0 want: ^9
83 silly placeDep ROOT eslint-config-next@16.2.4 OK for: web@0.1.0 want: 16.2.4
84 silly placeDep ROOT next@16.2.4 OK for: web@0.1.0 want: 16.2.4
85 silly placeDep ROOT react@19.2.4 OK for: next@16.2.4 want: ^18.2.0 || 19.0.0-rc-de68d2f4-20241204 || ^19.0.0
86 silly placeDep ROOT react-dom@19.2.4 OK for: next@16.2.4 want: ^18.2.0 || 19.0.0-rc-de68d2f4-20241204 || ^19.0.0
87 silly placeDep ROOT tailwindcss@4.2.4 OK for: web@0.1.0 want: ^4
88 silly placeDep ROOT typescript@5.9.3 OK for: web@0.1.0 want: ^5
89 silly fetch manifest postcss@^8.5.6
90 silly packumentCache full:https://registry.npmjs.org/postcss cache-miss
91 silly fetch manifest tailwindcss@4.2.4
92 silly packumentCache full:https://registry.npmjs.org/tailwindcss cache-miss
93 silly fetch manifest @alloc/quick-lru@^5.2.0
94 silly packumentCache full:https://registry.npmjs.org/@alloc%2fquick-lru cache-miss
95 silly fetch manifest @tailwindcss/node@4.2.4
96 silly packumentCache full:https://registry.npmjs.org/@tailwindcss%2fnode cache-miss
97 silly fetch manifest @tailwindcss/oxide@4.2.4
98 silly packumentCache full:https://registry.npmjs.org/@tailwindcss%2foxide cache-miss
99 silly fetch manifest undici-types@~6.21.0
100 silly packumentCache full:https://registry.npmjs.org/undici-types cache-miss
101 silly fetch manifest csstype@^3.2.2
102 silly packumentCache full:https://registry.npmjs.org/csstype cache-miss
103 http fetch GET 200 https://registry.npmjs.org/@tailwindcss%2fnode 131ms (cache revalidated)
104 silly packumentCache full:https://registry.npmjs.org/@tailwindcss%2fnode set size:2013949 disposed:false
105 silly fetch manifest ajv@^6.14.0
106 silly packumentCache full:https://registry.npmjs.org/ajv cache-miss
107 http fetch GET 200 https://registry.npmjs.org/ajv 111ms (cache revalidated)
108 silly packumentCache full:https://registry.npmjs.org/ajv set size:1142658 disposed:false
109 silly fetch manifest chalk@^4.0.0
110 silly packumentCache full:https://registry.npmjs.org/chalk cache-miss
111 http fetch GET 200 https://registry.npmjs.org/postcss 329ms (cache revalidated)
112 silly packumentCache full:https://registry.npmjs.org/postcss set size:714272 disposed:false
113 silly fetch manifest debug@^4.3.2
114 silly packumentCache full:https://registry.npmjs.org/debug cache-miss
115 http fetch GET 200 https://registry.npmjs.org/tailwindcss 369ms (cache revalidated)
116 silly packumentCache full:https://registry.npmjs.org/tailwindcss set size:10396621 disposed:false
117 silly fetch manifest espree@^10.4.0
118 silly packumentCache full:https://registry.npmjs.org/espree cache-miss
119 http fetch GET 200 https://registry.npmjs.org/undici-types 495ms (cache revalidated)
120 silly packumentCache full:https://registry.npmjs.org/undici-types set size:210150 disposed:false
121 silly fetch manifest ignore@^5.2.0
122 silly packumentCache full:https://registry.npmjs.org/ignore cache-miss
123 http fetch GET 200 https://registry.npmjs.org/@alloc%2fquick-lru 513ms (cache revalidated)
124 silly packumentCache full:https://registry.npmjs.org/@alloc%2fquick-lru set size:7269 disposed:false
125 silly fetch manifest esquery@^1.5.0
126 silly packumentCache full:https://registry.npmjs.org/esquery cache-miss
127 http fetch GET 200 https://registry.npmjs.org/csstype 513ms (cache revalidated)
128 silly packumentCache full:https://registry.npmjs.org/csstype set size:274189 disposed:false
129 silly fetch manifest esutils@^2.0.2
130 silly packumentCache full:https://registry.npmjs.org/esutils cache-miss
131 http fetch GET 200 https://registry.npmjs.org/chalk 253ms (cache revalidated)
132 silly packumentCache full:https://registry.npmjs.org/chalk set size:117861 disposed:false
133 silly fetch manifest find-up@^5.0.0
134 silly packumentCache full:https://registry.npmjs.org/find-up cache-miss
135 http fetch GET 200 https://registry.npmjs.org/@tailwindcss%2foxide 546ms (cache revalidated)
136 silly packumentCache full:https://registry.npmjs.org/@tailwindcss%2foxide set size:4265089 disposed:false
137 silly fetch manifest is-glob@^4.0.0
138 silly packumentCache full:https://registry.npmjs.org/is-glob cache-miss
139 http fetch GET 200 https://registry.npmjs.org/espree 322ms (cache revalidated)
140 silly packumentCache full:https://registry.npmjs.org/espree set size:326080 disposed:false
141 silly fetch manifest minimatch@^3.1.5
142 silly packumentCache full:https://registry.npmjs.org/minimatch cache-miss
143 http fetch GET 200 https://registry.npmjs.org/debug 468ms (cache revalidated)
144 silly packumentCache full:https://registry.npmjs.org/debug set size:195840 disposed:false
145 silly fetch manifest @eslint/js@9.39.4
146 silly packumentCache full:https://registry.npmjs.org/@eslint%2fjs cache-miss
147 http fetch GET 200 https://registry.npmjs.org/ignore 316ms (cache revalidated)
148 silly packumentCache full:https://registry.npmjs.org/ignore set size:237380 disposed:false
149 silly fetch manifest optionator@^0.9.3
150 silly packumentCache full:https://registry.npmjs.org/optionator cache-miss
151 http fetch GET 200 https://registry.npmjs.org/esutils 313ms (cache revalidated)
152 silly packumentCache full:https://registry.npmjs.org/esutils set size:29522 disposed:false
153 silly fetch manifest cross-spawn@^7.0.6
154 silly packumentCache full:https://registry.npmjs.org/cross-spawn cache-miss
155 http fetch GET 200 https://registry.npmjs.org/find-up 311ms (cache revalidated)
156 silly packumentCache full:https://registry.npmjs.org/find-up set size:42620 disposed:false
157 silly fetch manifest glob-parent@^6.0.2
158 silly packumentCache full:https://registry.npmjs.org/glob-parent cache-miss
159 http fetch GET 200 https://registry.npmjs.org/is-glob 220ms (cache revalidated)
160 silly packumentCache full:https://registry.npmjs.org/is-glob set size:40530 disposed:false
161 silly fetch manifest imurmurhash@^0.1.4
162 silly packumentCache full:https://registry.npmjs.org/imurmurhash cache-miss
163 http fetch GET 200 https://registry.npmjs.org/esquery 334ms (cache revalidated)
164 silly packumentCache full:https://registry.npmjs.org/esquery set size:48888 disposed:false
165 silly fetch manifest @eslint/core@^0.17.0
166 silly packumentCache full:https://registry.npmjs.org/@eslint%2fcore cache-miss
167 http fetch GET 200 https://registry.npmjs.org/minimatch 89ms (cache revalidated)
168 silly packumentCache full:https://registry.npmjs.org/minimatch set size:375282 disposed:false
169 silly fetch manifest eslint-scope@^8.4.0
170 silly packumentCache full:https://registry.npmjs.org/eslint-scope cache-miss
171 http fetch GET 200 https://registry.npmjs.org/optionator 115ms (cache revalidated)
172 silly packumentCache full:https://registry.npmjs.org/optionator set size:49651 disposed:false
173 silly fetch manifest lodash.merge@^4.6.2
174 silly packumentCache full:https://registry.npmjs.org/lodash.merge cache-miss
175 http fetch GET 200 https://registry.npmjs.org/imurmurhash 114ms (cache revalidated)
176 silly packumentCache full:https://registry.npmjs.org/imurmurhash set size:35819 disposed:false
177 silly fetch manifest @humanfs/node@^0.16.6
178 silly packumentCache full:https://registry.npmjs.org/@humanfs%2fnode cache-miss
179 http fetch GET 200 https://registry.npmjs.org/cross-spawn 124ms (cache revalidated)
180 silly packumentCache full:https://registry.npmjs.org/cross-spawn set size:109066 disposed:false
181 silly fetch manifest @types/estree@^1.0.6
182 silly packumentCache full:https://registry.npmjs.org/@types%2festree cache-miss
183 http fetch GET 200 https://registry.npmjs.org/glob-parent 125ms (cache revalidated)
184 silly packumentCache full:https://registry.npmjs.org/glob-parent set size:42445 disposed:false
185 silly fetch manifest fast-deep-equal@^3.1.3
186 silly packumentCache full:https://registry.npmjs.org/fast-deep-equal cache-miss
187 http fetch GET 200 https://registry.npmjs.org/@eslint%2fjs 156ms (cache revalidated)
188 silly packumentCache full:https://registry.npmjs.org/@eslint%2fjs set size:140022 disposed:false
189 silly fetch manifest natural-compare@^1.4.0
190 silly packumentCache full:https://registry.npmjs.org/natural-compare cache-miss
191 http fetch GET 200 https://registry.npmjs.org/@eslint%2fcore 133ms (cache revalidated)
192 silly packumentCache full:https://registry.npmjs.org/@eslint%2fcore set size:58023 disposed:false
193 silly fetch manifest @eslint/eslintrc@^3.3.5
194 silly packumentCache full:https://registry.npmjs.org/@eslint%2feslintrc cache-miss
195 http fetch GET 200 https://registry.npmjs.org/eslint-scope 98ms (cache revalidated)
196 silly packumentCache full:https://registry.npmjs.org/eslint-scope set size:98867 disposed:false
197 silly fetch manifest file-entry-cache@^8.0.0
198 silly packumentCache full:https://registry.npmjs.org/file-entry-cache cache-miss
199 http fetch GET 200 https://registry.npmjs.org/lodash.merge 97ms (cache revalidated)
200 silly packumentCache full:https://registry.npmjs.org/lodash.merge set size:78575 disposed:false
201 silly fetch manifest @eslint/plugin-kit@^0.4.1
202 silly packumentCache full:https://registry.npmjs.org/@eslint%2fplugin-kit cache-miss
203 http fetch GET 200 https://registry.npmjs.org/natural-compare 103ms (cache revalidated)
204 silly packumentCache full:https://registry.npmjs.org/natural-compare set size:7852 disposed:false
205 silly fetch manifest eslint-visitor-keys@^4.2.1
206 silly packumentCache full:https://registry.npmjs.org/eslint-visitor-keys cache-miss
207 http fetch GET 200 https://registry.npmjs.org/fast-deep-equal 120ms (cache revalidated)
208 silly packumentCache full:https://registry.npmjs.org/fast-deep-equal set size:48634 disposed:false
209 silly fetch manifest @eslint/config-array@^0.21.2
210 silly packumentCache full:https://registry.npmjs.org/@eslint%2fconfig-array cache-miss
211 http fetch GET 200 https://registry.npmjs.org/@humanfs%2fnode 132ms (cache revalidated)
212 silly packumentCache full:https://registry.npmjs.org/@humanfs%2fnode set size:39629 disposed:false
213 silly fetch manifest @humanwhocodes/retry@^0.4.2
214 silly packumentCache full:https://registry.npmjs.org/@humanwhocodes%2fretry cache-miss
215 http fetch GET 200 https://registry.npmjs.org/@types%2festree 133ms (cache revalidated)
216 silly packumentCache full:https://registry.npmjs.org/@types%2festree set size:74091 disposed:false
217 silly fetch manifest escape-string-regexp@^4.0.0
218 silly packumentCache full:https://registry.npmjs.org/escape-string-regexp cache-miss
219 http fetch GET 200 https://registry.npmjs.org/file-entry-cache 120ms (cache revalidated)
220 silly packumentCache full:https://registry.npmjs.org/file-entry-cache set size:151480 disposed:false
221 silly fetch manifest @eslint/config-helpers@^0.4.2
222 silly packumentCache full:https://registry.npmjs.org/@eslint%2fconfig-helpers cache-miss
223 http fetch GET 200 https://registry.npmjs.org/@eslint%2feslintrc 134ms (cache revalidated)
224 silly packumentCache full:https://registry.npmjs.org/@eslint%2feslintrc set size:168674 disposed:false
225 silly fetch manifest @eslint-community/regexpp@^4.12.1
226 silly packumentCache full:https://registry.npmjs.org/@eslint-community%2fregexpp cache-miss
227 http fetch GET 200 https://registry.npmjs.org/@eslint%2fplugin-kit 112ms (cache revalidated)
228 silly packumentCache full:https://registry.npmjs.org/@eslint%2fplugin-kit set size:73270 disposed:false
229 silly fetch manifest @eslint-community/eslint-utils@^4.8.0
230 silly packumentCache full:https://registry.npmjs.org/@eslint-community%2feslint-utils cache-miss
231 http fetch GET 200 https://registry.npmjs.org/eslint-visitor-keys 119ms (cache revalidated)
232 silly packumentCache full:https://registry.npmjs.org/eslint-visitor-keys set size:69949 disposed:false
233 silly fetch manifest @humanwhocodes/module-importer@^1.0.1
234 silly packumentCache full:https://registry.npmjs.org/@humanwhocodes%2fmodule-importer cache-miss
235 http fetch GET 200 https://registry.npmjs.org/escape-string-regexp 118ms (cache revalidated)
236 silly packumentCache full:https://registry.npmjs.org/escape-string-regexp set size:22244 disposed:false
237 silly fetch manifest json-stable-stringify-without-jsonify@^1.0.1
238 silly packumentCache full:https://registry.npmjs.org/json-stable-stringify-without-jsonify cache-miss
239 http fetch GET 200 https://registry.npmjs.org/@eslint%2fconfig-array 132ms (cache revalidated)
240 silly packumentCache full:https://registry.npmjs.org/@eslint%2fconfig-array set size:74140 disposed:false
241 silly fetch manifest globals@16.4.0
242 silly packumentCache full:https://registry.npmjs.org/globals cache-miss
243 http fetch GET 200 https://registry.npmjs.org/@humanwhocodes%2fretry 136ms (cache revalidated)
244 silly packumentCache full:https://registry.npmjs.org/@humanwhocodes%2fretry set size:42348 disposed:false
245 silly fetch manifest typescript-eslint@^8.46.0
246 silly packumentCache full:https://registry.npmjs.org/typescript-eslint cache-miss
247 http fetch GET 200 https://registry.npmjs.org/@eslint-community%2fregexpp 115ms (cache revalidated)
248 silly packumentCache full:https://registry.npmjs.org/@eslint-community%2fregexpp set size:106609 disposed:false
249 silly fetch manifest eslint-plugin-react@^7.37.0
250 silly packumentCache full:https://registry.npmjs.org/eslint-plugin-react cache-miss
251 http fetch GET 200 https://registry.npmjs.org/@eslint%2fconfig-helpers 135ms (cache revalidated)
252 silly packumentCache full:https://registry.npmjs.org/@eslint%2fconfig-helpers set size:47979 disposed:false
253 silly fetch manifest eslint-plugin-import@^2.32.0
254 silly packumentCache full:https://registry.npmjs.org/eslint-plugin-import cache-miss
255 http fetch GET 200 https://registry.npmjs.org/@eslint-community%2feslint-utils 112ms (cache revalidated)
256 silly packumentCache full:https://registry.npmjs.org/@eslint-community%2feslint-utils set size:93301 disposed:false
257 silly fetch manifest eslint-plugin-jsx-a11y@^6.10.0
258 silly packumentCache full:https://registry.npmjs.org/eslint-plugin-jsx-a11y cache-miss
259 http fetch GET 200 https://registry.npmjs.org/@humanwhocodes%2fmodule-importer 106ms (cache revalidated)
260 silly packumentCache full:https://registry.npmjs.org/@humanwhocodes%2fmodule-importer set size:9516 disposed:false
261 silly fetch manifest @next/eslint-plugin-next@16.2.4
262 silly packumentCache full:https://registry.npmjs.org/@next%2feslint-plugin-next cache-miss
263 http fetch GET 200 https://registry.npmjs.org/json-stable-stringify-without-jsonify 112ms (cache revalidated)
264 silly packumentCache full:https://registry.npmjs.org/json-stable-stringify-without-jsonify set size:5808 disposed:false
265 silly fetch manifest eslint-plugin-react-hooks@^7.0.0
266 silly packumentCache full:https://registry.npmjs.org/eslint-plugin-react-hooks cache-miss
267 http fetch GET 200 https://registry.npmjs.org/globals 118ms (cache revalidated)
268 silly packumentCache full:https://registry.npmjs.org/globals set size:312297 disposed:false
269 silly fetch manifest eslint-import-resolver-node@^0.3.6
270 silly packumentCache full:https://registry.npmjs.org/eslint-import-resolver-node cache-miss
271 http fetch GET 200 https://registry.npmjs.org/typescript-eslint 138ms (cache revalidated)
272 silly packumentCache full:https://registry.npmjs.org/typescript-eslint set size:3891190 disposed:false
273 silly fetch manifest eslint-import-resolver-typescript@^3.5.2
274 silly packumentCache full:https://registry.npmjs.org/eslint-import-resolver-typescript cache-miss
275 http fetch GET 200 https://registry.npmjs.org/eslint-plugin-jsx-a11y 159ms (cache revalidated)
276 silly packumentCache full:https://registry.npmjs.org/eslint-plugin-jsx-a11y set size:280052 disposed:false
277 silly fetch manifest postcss@8.4.31
278 silly packumentCache full:https://registry.npmjs.org/postcss cache-hit
279 silly fetch manifest @next/env@16.2.4
280 silly packumentCache full:https://registry.npmjs.org/@next%2fenv cache-miss
281 http fetch GET 200 https://registry.npmjs.org/eslint-plugin-import 192ms (cache revalidated)
282 silly packumentCache full:https://registry.npmjs.org/eslint-plugin-import set size:484928 disposed:false
283 silly fetch manifest styled-jsx@5.1.6
284 silly packumentCache full:https://registry.npmjs.org/styled-jsx cache-miss
285 http fetch GET 200 https://registry.npmjs.org/@next%2feslint-plugin-next 173ms (cache revalidated)
286 silly packumentCache full:https://registry.npmjs.org/@next%2feslint-plugin-next set size:6719286 disposed:false
287 silly fetch manifest @swc/helpers@0.5.15
288 silly packumentCache full:https://registry.npmjs.org/@swc%2fhelpers cache-miss
289 http fetch GET 200 https://registry.npmjs.org/eslint-import-resolver-node 222ms (cache revalidated)
290 silly packumentCache full:https://registry.npmjs.org/eslint-import-resolver-node set size:37178 disposed:false
291 silly fetch manifest caniuse-lite@^1.0.30001579
292 silly packumentCache full:https://registry.npmjs.org/caniuse-lite cache-miss
293 http fetch GET 200 https://registry.npmjs.org/eslint-plugin-react-hooks 274ms (cache revalidated)
294 silly packumentCache full:https://registry.npmjs.org/eslint-plugin-react-hooks set size:7350721 disposed:false
295 silly fetch manifest baseline-browser-mapping@^2.9.19
296 silly packumentCache full:https://registry.npmjs.org/baseline-browser-mapping cache-miss
297 http fetch GET 200 https://registry.npmjs.org/eslint-import-resolver-typescript 285ms (cache revalidated)
298 silly packumentCache full:https://registry.npmjs.org/eslint-import-resolver-typescript set size:334387 disposed:false
299 silly fetch manifest sharp@^0.34.5
300 silly packumentCache full:https://registry.npmjs.org/sharp cache-miss
301 http fetch GET 200 https://registry.npmjs.org/eslint-plugin-react 474ms (cache revalidated)
302 silly packumentCache full:https://registry.npmjs.org/eslint-plugin-react set size:646827 disposed:false
303 silly fetch manifest @next/swc-darwin-x64@16.2.4
304 silly packumentCache full:https://registry.npmjs.org/@next%2fswc-darwin-x64 cache-miss
305 http fetch GET 200 https://registry.npmjs.org/styled-jsx 317ms (cache revalidated)
306 silly packumentCache full:https://registry.npmjs.org/styled-jsx set size:436113 disposed:false
307 silly fetch manifest @next/swc-darwin-arm64@16.2.4
308 silly packumentCache full:https://registry.npmjs.org/@next%2fswc-darwin-arm64 cache-miss
309 http fetch GET 200 https://registry.npmjs.org/@swc%2fhelpers 238ms (cache revalidated)
310 silly packumentCache full:https://registry.npmjs.org/@swc%2fhelpers set size:726705 disposed:false
311 silly fetch manifest @next/swc-linux-x64-gnu@16.2.4
312 silly packumentCache full:https://registry.npmjs.org/@next%2fswc-linux-x64-gnu cache-miss
313 http fetch GET 200 https://registry.npmjs.org/@next%2fenv 397ms (cache revalidated)
314 silly packumentCache full:https://registry.npmjs.org/@next%2fenv set size:7193070 disposed:false
315 silly fetch manifest @next/swc-linux-x64-musl@16.2.4
316 silly packumentCache full:https://registry.npmjs.org/@next%2fswc-linux-x64-musl cache-miss
317 http fetch GET 200 https://registry.npmjs.org/sharp 214ms (cache revalidated)
318 silly packumentCache full:https://registry.npmjs.org/sharp set size:1072564 disposed:false
319 silly fetch manifest @next/swc-win32-x64-msvc@16.2.4
320 silly packumentCache full:https://registry.npmjs.org/@next%2fswc-win32-x64-msvc cache-miss
321 http fetch GET 200 https://registry.npmjs.org/baseline-browser-mapping 279ms (cache revalidated)
322 silly packumentCache full:https://registry.npmjs.org/baseline-browser-mapping set size:463617 disposed:false
323 silly fetch manifest @next/swc-linux-arm64-gnu@16.2.4
324 silly packumentCache full:https://registry.npmjs.org/@next%2fswc-linux-arm64-gnu cache-miss
325 http fetch GET 200 https://registry.npmjs.org/caniuse-lite 394ms (cache revalidated)
326 silly packumentCache full:https://registry.npmjs.org/caniuse-lite set size:2289092 disposed:false
327 silly fetch manifest @next/swc-linux-arm64-musl@16.2.4
328 silly packumentCache full:https://registry.npmjs.org/@next%2fswc-linux-arm64-musl cache-miss
329 http fetch GET 200 https://registry.npmjs.org/@next%2fswc-darwin-x64 272ms (cache revalidated)
330 silly packumentCache full:https://registry.npmjs.org/@next%2fswc-darwin-x64 set size:5151885 disposed:false
331 silly fetch manifest @next/swc-win32-arm64-msvc@16.2.4
332 silly packumentCache full:https://registry.npmjs.org/@next%2fswc-win32-arm64-msvc cache-miss
333 http fetch GET 200 https://registry.npmjs.org/@next%2fswc-darwin-arm64 280ms (cache revalidated)
334 silly packumentCache full:https://registry.npmjs.org/@next%2fswc-darwin-arm64 set size:5208267 disposed:false
335 silly fetch manifest scheduler@^0.27.0
336 silly packumentCache full:https://registry.npmjs.org/scheduler cache-miss
337 http fetch GET 200 https://registry.npmjs.org/@next%2fswc-linux-x64-musl 252ms (cache revalidated)
338 silly packumentCache full:https://registry.npmjs.org/@next%2fswc-linux-x64-musl set size:5013006 disposed:false
339 http fetch GET 200 https://registry.npmjs.org/@next%2fswc-linux-x64-gnu 378ms (cache revalidated)
340 silly packumentCache full:https://registry.npmjs.org/@next%2fswc-linux-x64-gnu set size:5256884 disposed:false
341 http fetch GET 200 https://registry.npmjs.org/@next%2fswc-linux-arm64-gnu 296ms (cache revalidated)
342 silly packumentCache full:https://registry.npmjs.org/@next%2fswc-linux-arm64-gnu set size:5059863 disposed:false
343 http fetch GET 200 https://registry.npmjs.org/scheduler 194ms (cache revalidated)
344 silly packumentCache full:https://registry.npmjs.org/scheduler set size:5493219 disposed:false
345 http fetch GET 200 https://registry.npmjs.org/@next%2fswc-win32-arm64-msvc 339ms (cache revalidated)
346 silly packumentCache full:https://registry.npmjs.org/@next%2fswc-win32-arm64-msvc set size:5042044 disposed:false
347 http fetch GET 200 https://registry.npmjs.org/@next%2fswc-win32-x64-msvc 498ms (cache revalidated)
348 silly packumentCache full:https://registry.npmjs.org/@next%2fswc-win32-x64-msvc set size:5229072 disposed:false
349 http fetch GET 200 https://registry.npmjs.org/@next%2fswc-linux-arm64-musl 492ms (cache revalidated)
350 silly packumentCache full:https://registry.npmjs.org/@next%2fswc-linux-arm64-musl set size:5077550 disposed:false
351 silly placeDep ROOT @alloc/quick-lru@5.2.0 OK for: @tailwindcss/postcss@4.2.4 want: ^5.2.0
352 silly placeDep ROOT @tailwindcss/node@4.2.4 OK for: @tailwindcss/postcss@4.2.4 want: 4.2.4
353 silly placeDep ROOT @tailwindcss/oxide@4.2.4 OK for: @tailwindcss/postcss@4.2.4 want: 4.2.4
354 silly placeDep ROOT postcss@8.5.12 OK for: @tailwindcss/postcss@4.2.4 want: ^8.5.6
355 silly fetch manifest jiti@^2.6.1
356 silly packumentCache full:https://registry.npmjs.org/jiti cache-hit
357 silly fetch manifest lightningcss@1.32.0
358 silly packumentCache full:https://registry.npmjs.org/lightningcss cache-miss
359 silly fetch manifest magic-string@^0.30.21
360 silly packumentCache full:https://registry.npmjs.org/magic-string cache-miss
361 silly fetch manifest source-map-js@^1.2.1
362 silly packumentCache full:https://registry.npmjs.org/source-map-js cache-miss
363 silly fetch manifest enhanced-resolve@^5.19.0
364 silly packumentCache full:https://registry.npmjs.org/enhanced-resolve cache-miss
365 silly fetch manifest @jridgewell/remapping@^2.3.5
366 silly packumentCache full:https://registry.npmjs.org/@jridgewell%2fremapping cache-miss
367 silly fetch manifest @tailwindcss/oxide-darwin-x64@4.2.4
368 silly packumentCache full:https://registry.npmjs.org/@tailwindcss%2foxide-darwin-x64 cache-miss
369 silly fetch manifest @tailwindcss/oxide-freebsd-x64@4.2.4
370 silly packumentCache full:https://registry.npmjs.org/@tailwindcss%2foxide-freebsd-x64 cache-miss
371 http fetch GET 200 https://registry.npmjs.org/source-map-js 107ms (cache revalidated)
372 silly packumentCache full:https://registry.npmjs.org/source-map-js set size:62640 disposed:false
373 silly fetch manifest @tailwindcss/oxide-wasm32-wasi@4.2.4
374 silly packumentCache full:https://registry.npmjs.org/@tailwindcss%2foxide-wasm32-wasi cache-miss
375 http fetch GET 200 https://registry.npmjs.org/lightningcss 113ms (cache revalidated)
376 silly packumentCache full:https://registry.npmjs.org/lightningcss set size:186753 disposed:false
377 silly fetch manifest @tailwindcss/oxide-darwin-arm64@4.2.4
378 silly packumentCache full:https://registry.npmjs.org/@tailwindcss%2foxide-darwin-arm64 cache-miss
379 http fetch GET 200 https://registry.npmjs.org/magic-string 118ms (cache revalidated)
380 silly packumentCache full:https://registry.npmjs.org/magic-string set size:331817 disposed:false
381 silly fetch manifest @tailwindcss/oxide-android-arm64@4.2.4
382 silly packumentCache full:https://registry.npmjs.org/@tailwindcss%2foxide-android-arm64 cache-miss
383 http fetch GET 200 https://registry.npmjs.org/enhanced-resolve 124ms (cache revalidated)
384 silly packumentCache full:https://registry.npmjs.org/enhanced-resolve set size:406072 disposed:false
385 silly fetch manifest @tailwindcss/oxide-linux-x64-gnu@4.2.4
386 silly packumentCache full:https://registry.npmjs.org/@tailwindcss%2foxide-linux-x64-gnu cache-miss
387 http fetch GET 200 https://registry.npmjs.org/@jridgewell%2fremapping 144ms (cache revalidated)
388 silly packumentCache full:https://registry.npmjs.org/@jridgewell%2fremapping set size:23809 disposed:false
389 silly fetch manifest @tailwindcss/oxide-linux-x64-musl@4.2.4
390 silly packumentCache full:https://registry.npmjs.org/@tailwindcss%2foxide-linux-x64-musl cache-miss
391 http fetch GET 200 https://registry.npmjs.org/@tailwindcss%2foxide-freebsd-x64 152ms (cache revalidated)
392 silly packumentCache full:https://registry.npmjs.org/@tailwindcss%2foxide-freebsd-x64 set size:2698291 disposed:false
393 silly fetch manifest @tailwindcss/oxide-win32-x64-msvc@4.2.4
394 silly packumentCache full:https://registry.npmjs.org/@tailwindcss%2foxide-win32-x64-msvc cache-miss
395 http fetch GET 200 https://registry.npmjs.org/@tailwindcss%2foxide-darwin-x64 187ms (cache revalidated)
396 silly packumentCache full:https://registry.npmjs.org/@tailwindcss%2foxide-darwin-x64 set size:2684740 disposed:false
397 silly fetch manifest @tailwindcss/oxide-linux-arm64-gnu@4.2.4
398 silly packumentCache full:https://registry.npmjs.org/@tailwindcss%2foxide-linux-arm64-gnu cache-miss
399 http fetch GET 200 https://registry.npmjs.org/@tailwindcss%2foxide-darwin-arm64 211ms (cache revalidated)
400 silly packumentCache full:https://registry.npmjs.org/@tailwindcss%2foxide-darwin-arm64 set size:2718196 disposed:false
401 silly fetch manifest @tailwindcss/oxide-linux-arm64-musl@4.2.4
402 silly packumentCache full:https://registry.npmjs.org/@tailwindcss%2foxide-linux-arm64-musl cache-miss
403 http fetch GET 200 https://registry.npmjs.org/@tailwindcss%2foxide-wasm32-wasi 251ms (cache revalidated)
404 silly packumentCache full:https://registry.npmjs.org/@tailwindcss%2foxide-wasm32-wasi set size:1257551 disposed:false
405 silly fetch manifest @tailwindcss/oxide-win32-arm64-msvc@4.2.4
406 silly packumentCache full:https://registry.npmjs.org/@tailwindcss%2foxide-win32-arm64-msvc cache-miss
407 http fetch GET 200 https://registry.npmjs.org/@tailwindcss%2foxide-linux-arm64-gnu 166ms (cache revalidated)
408 silly packumentCache full:https://registry.npmjs.org/@tailwindcss%2foxide-linux-arm64-gnu set size:2764583 disposed:false
409 silly fetch manifest @tailwindcss/oxide-linux-arm-gnueabihf@4.2.4
410 silly packumentCache full:https://registry.npmjs.org/@tailwindcss%2foxide-linux-arm-gnueabihf cache-miss
411 http fetch GET 200 https://registry.npmjs.org/@tailwindcss%2foxide-linux-x64-gnu 299ms (cache revalidated)
412 silly packumentCache full:https://registry.npmjs.org/@tailwindcss%2foxide-linux-x64-gnu set size:2740039 disposed:false
413 silly fetch manifest nanoid@^3.3.11
414 silly packumentCache full:https://registry.npmjs.org/nanoid cache-miss
415 http fetch GET 200 https://registry.npmjs.org/@tailwindcss%2foxide-linux-x64-musl 314ms (cache revalidated)
416 silly packumentCache full:https://registry.npmjs.org/@tailwindcss%2foxide-linux-x64-musl set size:2748147 disposed:false
417 silly fetch manifest picocolors@^1.1.1
418 silly packumentCache full:https://registry.npmjs.org/picocolors cache-miss
419 http fetch GET 200 https://registry.npmjs.org/@tailwindcss%2foxide-android-arm64 376ms (cache revalidated)
420 silly packumentCache full:https://registry.npmjs.org/@tailwindcss%2foxide-android-arm64 set size:1857825 disposed:false
421 http fetch GET 200 https://registry.npmjs.org/@tailwindcss%2foxide-win32-x64-msvc 340ms (cache revalidated)
422 silly packumentCache full:https://registry.npmjs.org/@tailwindcss%2foxide-win32-x64-msvc set size:2722661 disposed:false
423 http fetch GET 200 https://registry.npmjs.org/nanoid 196ms (cache revalidated)
424 silly packumentCache full:https://registry.npmjs.org/nanoid set size:304025 disposed:false
425 http fetch GET 200 https://registry.npmjs.org/@tailwindcss%2foxide-linux-arm64-musl 319ms (cache revalidated)
426 silly packumentCache full:https://registry.npmjs.org/@tailwindcss%2foxide-linux-arm64-musl set size:2774949 disposed:false
427 http fetch GET 200 https://registry.npmjs.org/picocolors 200ms (cache revalidated)
428 silly packumentCache full:https://registry.npmjs.org/picocolors set size:16648 disposed:false
429 http fetch GET 200 https://registry.npmjs.org/@tailwindcss%2foxide-win32-arm64-msvc 325ms (cache revalidated)
430 silly packumentCache full:https://registry.npmjs.org/@tailwindcss%2foxide-win32-arm64-msvc set size:1831626 disposed:false
431 http fetch GET 200 https://registry.npmjs.org/@tailwindcss%2foxide-linux-arm-gnueabihf 305ms (cache revalidated)
432 silly packumentCache full:https://registry.npmjs.org/@tailwindcss%2foxide-linux-arm-gnueabihf set size:2788112 disposed:false
433 silly placeDep ROOT @jridgewell/remapping@2.3.5 OK for: @tailwindcss/node@4.2.4 want: ^2.3.5
434 silly placeDep ROOT enhanced-resolve@5.21.0 OK for: @tailwindcss/node@4.2.4 want: ^5.19.0
435 silly placeDep ROOT jiti@2.6.1 OK for: @tailwindcss/node@4.2.4 want: ^2.6.1
436 silly placeDep ROOT lightningcss@1.32.0 OK for: @tailwindcss/node@4.2.4 want: 1.32.0
437 silly placeDep ROOT magic-string@0.30.21 OK for: @tailwindcss/node@4.2.4 want: ^0.30.21
438 silly placeDep ROOT source-map-js@1.2.1 OK for: @tailwindcss/node@4.2.4 want: ^1.2.1
439 silly fetch manifest @jridgewell/gen-mapping@^0.3.5
440 silly packumentCache full:https://registry.npmjs.org/@jridgewell%2fgen-mapping cache-miss
441 silly fetch manifest @jridgewell/trace-mapping@^0.3.24
442 silly packumentCache full:https://registry.npmjs.org/@jridgewell%2ftrace-mapping cache-miss
443 silly fetch manifest graceful-fs@^4.2.4
444 silly packumentCache full:https://registry.npmjs.org/graceful-fs cache-miss
445 silly fetch manifest tapable@^2.3.3
446 silly packumentCache full:https://registry.npmjs.org/tapable cache-miss
447 silly fetch manifest detect-libc@^2.0.3
448 silly packumentCache full:https://registry.npmjs.org/detect-libc cache-miss
449 silly fetch manifest lightningcss-darwin-x64@1.32.0
450 silly packumentCache full:https://registry.npmjs.org/lightningcss-darwin-x64 cache-miss
451 silly fetch manifest lightningcss-linux-x64-gnu@1.32.0
452 silly packumentCache full:https://registry.npmjs.org/lightningcss-linux-x64-gnu cache-miss
453 http fetch GET 200 https://registry.npmjs.org/graceful-fs 108ms (cache revalidated)
454 silly packumentCache full:https://registry.npmjs.org/graceful-fs set size:124285 disposed:false
455 silly fetch manifest lightningcss-win32-x64-msvc@1.32.0
456 silly packumentCache full:https://registry.npmjs.org/lightningcss-win32-x64-msvc cache-miss
457 http fetch GET 200 https://registry.npmjs.org/lightningcss-linux-x64-gnu 119ms (cache revalidated)
458 silly packumentCache full:https://registry.npmjs.org/lightningcss-linux-x64-gnu set size:80105 disposed:false
459 silly fetch manifest lightningcss-win32-arm64-msvc@1.32.0
460 silly packumentCache full:https://registry.npmjs.org/lightningcss-win32-arm64-msvc cache-miss
461 http fetch GET 200 https://registry.npmjs.org/tapable 124ms (cache revalidated)
462 silly packumentCache full:https://registry.npmjs.org/tapable set size:141233 disposed:false
463 silly fetch manifest lightningcss-darwin-arm64@1.32.0
464 silly packumentCache full:https://registry.npmjs.org/lightningcss-darwin-arm64 cache-miss
465 http fetch GET 200 https://registry.npmjs.org/lightningcss-darwin-x64 126ms (cache revalidated)
466 silly packumentCache full:https://registry.npmjs.org/lightningcss-darwin-x64 set size:78694 disposed:false
467 silly fetch manifest lightningcss-linux-arm64-gnu@1.32.0
468 silly packumentCache full:https://registry.npmjs.org/lightningcss-linux-arm64-gnu cache-miss
469 http fetch GET 200 https://registry.npmjs.org/@jridgewell%2ftrace-mapping 132ms (cache revalidated)
470 silly packumentCache full:https://registry.npmjs.org/@jridgewell%2ftrace-mapping set size:170909 disposed:false
471 silly fetch manifest lightningcss-linux-arm-gnueabihf@1.32.0
472 silly packumentCache full:https://registry.npmjs.org/lightningcss-linux-arm-gnueabihf cache-miss
473 http fetch GET 200 https://registry.npmjs.org/detect-libc 138ms (cache revalidated)
474 silly packumentCache full:https://registry.npmjs.org/detect-libc set size:47861 disposed:false
475 silly fetch manifest lightningcss-linux-arm64-musl@1.32.0
476 silly packumentCache full:https://registry.npmjs.org/lightningcss-linux-arm64-musl cache-miss
477 http fetch GET 200 https://registry.npmjs.org/@jridgewell%2fgen-mapping 146ms (cache revalidated)
478 silly packumentCache full:https://registry.npmjs.org/@jridgewell%2fgen-mapping set size:80719 disposed:false
479 silly fetch manifest lightningcss-linux-x64-musl@1.32.0
480 silly packumentCache full:https://registry.npmjs.org/lightningcss-linux-x64-musl cache-miss
481 http fetch GET 200 https://registry.npmjs.org/lightningcss-win32-x64-msvc 115ms (cache revalidated)
482 silly packumentCache full:https://registry.npmjs.org/lightningcss-win32-x64-msvc set size:79645 disposed:false
483 silly fetch manifest lightningcss-freebsd-x64@1.32.0
484 silly packumentCache full:https://registry.npmjs.org/lightningcss-freebsd-x64 cache-miss
485 http fetch GET 200 https://registry.npmjs.org/lightningcss-win32-arm64-msvc 119ms (cache revalidated)
486 silly packumentCache full:https://registry.npmjs.org/lightningcss-win32-arm64-msvc set size:26629 disposed:false
487 silly fetch manifest lightningcss-android-arm64@1.32.0
488 silly packumentCache full:https://registry.npmjs.org/lightningcss-android-arm64 cache-miss
489 http fetch GET 200 https://registry.npmjs.org/lightningcss-linux-arm64-gnu 116ms (cache revalidated)
490 silly packumentCache full:https://registry.npmjs.org/lightningcss-linux-arm64-gnu set size:80669 disposed:false
491 silly fetch manifest @jridgewell/sourcemap-codec@^1.5.5
492 silly packumentCache full:https://registry.npmjs.org/@jridgewell%2fsourcemap-codec cache-miss
493 http fetch GET 200 https://registry.npmjs.org/lightningcss-linux-arm-gnueabihf 111ms (cache revalidated)
494 silly packumentCache full:https://registry.npmjs.org/lightningcss-linux-arm-gnueabihf set size:80903 disposed:false
495 http fetch GET 200 https://registry.npmjs.org/lightningcss-linux-arm64-musl 110ms (cache revalidated)
496 silly packumentCache full:https://registry.npmjs.org/lightningcss-linux-arm64-musl set size:80887 disposed:false
497 http fetch GET 200 https://registry.npmjs.org/lightningcss-linux-x64-musl 110ms (cache revalidated)
498 silly packumentCache full:https://registry.npmjs.org/lightningcss-linux-x64-musl set size:80313 disposed:false
499 http fetch GET 200 https://registry.npmjs.org/lightningcss-darwin-arm64 131ms (cache revalidated)
500 silly packumentCache full:https://registry.npmjs.org/lightningcss-darwin-arm64 set size:79276 disposed:false
501 http fetch GET 200 https://registry.npmjs.org/lightningcss-freebsd-x64 84ms (cache revalidated)
502 silly packumentCache full:https://registry.npmjs.org/lightningcss-freebsd-x64 set size:42877 disposed:false
503 http fetch GET 200 https://registry.npmjs.org/lightningcss-android-arm64 95ms (cache revalidated)
504 silly packumentCache full:https://registry.npmjs.org/lightningcss-android-arm64 set size:7671 disposed:false
505 http fetch GET 200 https://registry.npmjs.org/@jridgewell%2fsourcemap-codec 107ms (cache revalidated)
506 silly packumentCache full:https://registry.npmjs.org/@jridgewell%2fsourcemap-codec set size:59275 disposed:false
507 silly placeDep ROOT @jridgewell/gen-mapping@0.3.13 OK for: @jridgewell/remapping@2.3.5 want: ^0.3.5
508 silly placeDep ROOT @jridgewell/trace-mapping@0.3.31 OK for: @jridgewell/remapping@2.3.5 want: ^0.3.24
509 silly fetch manifest @jridgewell/sourcemap-codec@^1.5.0
510 silly packumentCache full:https://registry.npmjs.org/@jridgewell%2fsourcemap-codec cache-hit
511 silly fetch manifest @jridgewell/resolve-uri@^3.1.0
512 silly packumentCache full:https://registry.npmjs.org/@jridgewell%2fresolve-uri cache-miss
513 silly fetch manifest @jridgewell/sourcemap-codec@^1.4.14
514 silly packumentCache full:https://registry.npmjs.org/@jridgewell%2fsourcemap-codec cache-hit
515 http fetch GET 200 https://registry.npmjs.org/@jridgewell%2fresolve-uri 100ms (cache revalidated)
516 silly packumentCache full:https://registry.npmjs.org/@jridgewell%2fresolve-uri set size:57361 disposed:false
517 silly placeDep ROOT @jridgewell/sourcemap-codec@1.5.5 OK for: @jridgewell/gen-mapping@0.3.13 want: ^1.5.0
518 silly placeDep ROOT @jridgewell/resolve-uri@3.1.2 OK for: @jridgewell/trace-mapping@0.3.31 want: ^3.1.0
519 silly placeDep ROOT @tailwindcss/oxide-android-arm64@4.2.4 OK for: @tailwindcss/oxide@4.2.4 want: 4.2.4
520 silly placeDep ROOT @tailwindcss/oxide-darwin-arm64@4.2.4 OK for: @tailwindcss/oxide@4.2.4 want: 4.2.4
521 silly placeDep ROOT @tailwindcss/oxide-darwin-x64@4.2.4 OK for: @tailwindcss/oxide@4.2.4 want: 4.2.4
522 silly placeDep ROOT @tailwindcss/oxide-freebsd-x64@4.2.4 OK for: @tailwindcss/oxide@4.2.4 want: 4.2.4
523 silly placeDep ROOT @tailwindcss/oxide-linux-arm-gnueabihf@4.2.4 OK for: @tailwindcss/oxide@4.2.4 want: 4.2.4
524 silly placeDep ROOT @tailwindcss/oxide-linux-arm64-gnu@4.2.4 OK for: @tailwindcss/oxide@4.2.4 want: 4.2.4
525 silly placeDep ROOT @tailwindcss/oxide-linux-arm64-musl@4.2.4 OK for: @tailwindcss/oxide@4.2.4 want: 4.2.4
526 silly placeDep ROOT @tailwindcss/oxide-linux-x64-gnu@4.2.4 OK for: @tailwindcss/oxide@4.2.4 want: 4.2.4
527 silly placeDep ROOT @tailwindcss/oxide-linux-x64-musl@4.2.4 OK for: @tailwindcss/oxide@4.2.4 want: 4.2.4
528 silly placeDep ROOT @tailwindcss/oxide-wasm32-wasi@4.2.4 OK for: @tailwindcss/oxide@4.2.4 want: 4.2.4
529 silly placeDep ROOT @tailwindcss/oxide-win32-arm64-msvc@4.2.4 OK for: @tailwindcss/oxide@4.2.4 want: 4.2.4
530 silly placeDep ROOT @tailwindcss/oxide-win32-x64-msvc@4.2.4 OK for: @tailwindcss/oxide@4.2.4 want: 4.2.4
531 silly placeDep ROOT undici-types@6.21.0 OK for: @types/node@20.19.39 want: ~6.21.0
532 silly placeDep ROOT csstype@3.2.3 OK for: @types/react@19.2.14 want: ^3.2.2
533 silly placeDep ROOT graceful-fs@4.2.11 OK for: enhanced-resolve@5.21.0 want: ^4.2.4
534 silly placeDep ROOT tapable@2.3.3 OK for: enhanced-resolve@5.21.0 want: ^2.3.3
535 silly fetch manifest eslint@^6.0.0 || ^7.0.0 || >=8.0.0
536 silly packumentCache full:https://registry.npmjs.org/eslint cache-miss
537 http fetch GET 200 https://registry.npmjs.org/eslint 99ms (cache revalidated)
538 silly packumentCache full:https://registry.npmjs.org/eslint set size:1983515 disposed:false
539 silly placeDep ROOT @eslint-community/eslint-utils@4.9.1 OK for: eslint@9.39.4 want: ^4.8.0
540 silly placeDep ROOT @eslint-community/regexpp@4.12.2 OK for: eslint@9.39.4 want: ^4.12.1
541 silly placeDep ROOT @eslint/config-array@0.21.2 OK for: eslint@9.39.4 want: ^0.21.2
542 silly placeDep ROOT @eslint/config-helpers@0.4.2 OK for: eslint@9.39.4 want: ^0.4.2
543 silly placeDep ROOT @eslint/core@0.17.0 OK for: eslint@9.39.4 want: ^0.17.0
544 silly placeDep ROOT @eslint/eslintrc@3.3.5 OK for: eslint@9.39.4 want: ^3.3.5
545 silly placeDep ROOT @eslint/js@9.39.4 OK for: eslint@9.39.4 want: 9.39.4
546 silly placeDep ROOT @eslint/plugin-kit@0.4.1 OK for: eslint@9.39.4 want: ^0.4.1
547 silly placeDep ROOT @humanfs/node@0.16.8 OK for: eslint@9.39.4 want: ^0.16.6
548 silly placeDep ROOT @humanwhocodes/module-importer@1.0.1 OK for: eslint@9.39.4 want: ^1.0.1
549 silly placeDep ROOT @humanwhocodes/retry@0.4.3 OK for: eslint@9.39.4 want: ^0.4.2
550 silly placeDep ROOT @types/estree@1.0.8 OK for: eslint@9.39.4 want: ^1.0.6
551 silly placeDep ROOT ajv@6.15.0 OK for: eslint@9.39.4 want: ^6.14.0
552 silly placeDep ROOT chalk@4.1.2 OK for: eslint@9.39.4 want: ^4.0.0
553 silly placeDep ROOT cross-spawn@7.0.6 OK for: eslint@9.39.4 want: ^7.0.6
554 silly placeDep ROOT debug@4.4.3 OK for: eslint@9.39.4 want: ^4.3.2
555 silly placeDep ROOT escape-string-regexp@4.0.0 OK for: eslint@9.39.4 want: ^4.0.0
556 silly placeDep ROOT eslint-scope@8.4.0 OK for: eslint@9.39.4 want: ^8.4.0
557 silly placeDep ROOT eslint-visitor-keys@4.2.1 OK for: eslint@9.39.4 want: ^4.2.1
558 silly placeDep ROOT espree@10.4.0 OK for: eslint@9.39.4 want: ^10.4.0
559 silly placeDep ROOT esquery@1.7.0 OK for: eslint@9.39.4 want: ^1.5.0
560 silly placeDep ROOT esutils@2.0.3 OK for: eslint@9.39.4 want: ^2.0.2
561 silly placeDep ROOT fast-deep-equal@3.1.3 OK for: eslint@9.39.4 want: ^3.1.3
562 silly placeDep ROOT file-entry-cache@8.0.0 OK for: eslint@9.39.4 want: ^8.0.0
563 silly placeDep ROOT find-up@5.0.0 OK for: eslint@9.39.4 want: ^5.0.0
564 silly placeDep ROOT glob-parent@6.0.2 OK for: eslint@9.39.4 want: ^6.0.2
565 silly placeDep ROOT ignore@5.3.2 OK for: eslint@9.39.4 want: ^5.2.0
566 silly placeDep ROOT imurmurhash@0.1.4 OK for: eslint@9.39.4 want: ^0.1.4
567 silly placeDep ROOT is-glob@4.0.3 OK for: eslint@9.39.4 want: ^4.0.0
568 silly placeDep ROOT json-stable-stringify-without-jsonify@1.0.1 OK for: eslint@9.39.4 want: ^1.0.1
569 silly placeDep ROOT lodash.merge@4.6.2 OK for: eslint@9.39.4 want: ^4.6.2
570 silly placeDep ROOT minimatch@3.1.5 OK for: eslint@9.39.4 want: ^3.1.5
571 silly placeDep ROOT natural-compare@1.4.0 OK for: eslint@9.39.4 want: ^1.4.0
572 silly placeDep ROOT optionator@0.9.4 OK for: eslint@9.39.4 want: ^0.9.3
573 silly fetch manifest eslint-visitor-keys@^3.4.3
574 silly packumentCache full:https://registry.npmjs.org/eslint-visitor-keys cache-hit
575 silly fetch manifest debug@^4.3.1
576 silly packumentCache full:https://registry.npmjs.org/debug cache-hit
577 silly fetch manifest @eslint/object-schema@^2.1.7
578 silly packumentCache full:https://registry.npmjs.org/@eslint%2fobject-schema cache-miss
579 silly fetch manifest @types/json-schema@^7.0.15
580 silly packumentCache full:https://registry.npmjs.org/@types%2fjson-schema cache-miss
581 silly fetch manifest espree@^10.0.1
582 silly packumentCache full:https://registry.npmjs.org/espree cache-hit
583 silly fetch manifest globals@^14.0.0
584 silly packumentCache full:https://registry.npmjs.org/globals cache-hit
585 silly fetch manifest import-fresh@^3.2.1
586 silly packumentCache full:https://registry.npmjs.org/import-fresh cache-miss
587 silly fetch manifest js-yaml@^4.1.1
588 silly packumentCache full:https://registry.npmjs.org/js-yaml cache-miss
589 silly fetch manifest strip-json-comments@^3.1.1
590 silly packumentCache full:https://registry.npmjs.org/strip-json-comments cache-miss
591 silly fetch manifest levn@^0.4.1
592 silly packumentCache full:https://registry.npmjs.org/levn cache-miss
593 silly fetch manifest @humanwhocodes/retry@^0.4.0
594 silly packumentCache full:https://registry.npmjs.org/@humanwhocodes%2fretry cache-hit
595 silly fetch manifest @humanfs/core@^0.19.2
596 silly packumentCache full:https://registry.npmjs.org/@humanfs%2fcore cache-miss
597 http fetch GET 200 https://registry.npmjs.org/levn 112ms (cache revalidated)
598 silly packumentCache full:https://registry.npmjs.org/levn set size:28223 disposed:false
599 silly fetch manifest @humanfs/types@^0.15.0
600 silly packumentCache full:https://registry.npmjs.org/@humanfs%2ftypes cache-miss
601 http fetch GET 200 https://registry.npmjs.org/import-fresh 118ms (cache revalidated)
602 silly packumentCache full:https://registry.npmjs.org/import-fresh set size:24604 disposed:false
603 silly fetch manifest uri-js@^4.2.2
604 silly packumentCache full:https://registry.npmjs.org/uri-js cache-miss
605 http fetch GET 200 https://registry.npmjs.org/js-yaml 121ms (cache revalidated)
606 silly packumentCache full:https://registry.npmjs.org/js-yaml set size:152232 disposed:false
607 silly fetch manifest fast-deep-equal@^3.1.1
608 silly packumentCache full:https://registry.npmjs.org/fast-deep-equal cache-hit
609 silly fetch manifest json-schema-traverse@^0.4.1
610 silly packumentCache full:https://registry.npmjs.org/json-schema-traverse cache-miss
611 http fetch GET 200 https://registry.npmjs.org/@types%2fjson-schema 136ms (cache revalidated)
612 silly packumentCache full:https://registry.npmjs.org/@types%2fjson-schema set size:44704 disposed:false
613 silly fetch manifest fast-json-stable-stringify@^2.0.0
614 silly packumentCache full:https://registry.npmjs.org/fast-json-stable-stringify cache-miss
615 http fetch GET 200 https://registry.npmjs.org/strip-json-comments 136ms (cache revalidated)
616 silly packumentCache full:https://registry.npmjs.org/strip-json-comments set size:43569 disposed:false
617 silly fetch manifest ansi-styles@^4.1.0
618 silly packumentCache full:https://registry.npmjs.org/ansi-styles cache-miss
619 http fetch GET 200 https://registry.npmjs.org/@eslint%2fobject-schema 148ms (cache revalidated)
620 silly packumentCache full:https://registry.npmjs.org/@eslint%2fobject-schema set size:38535 disposed:false
621 silly fetch manifest supports-color@^7.1.0
622 silly packumentCache full:https://registry.npmjs.org/supports-color cache-miss
623 http fetch GET 200 https://registry.npmjs.org/@humanfs%2fcore 142ms (cache revalidated)
624 silly packumentCache full:https://registry.npmjs.org/@humanfs%2fcore set size:37261 disposed:false
625 silly fetch manifest which@^2.0.1
626 silly packumentCache full:https://registry.npmjs.org/which cache-miss
627 http fetch GET 200 https://registry.npmjs.org/json-schema-traverse 105ms (cache revalidated)
628 silly packumentCache full:https://registry.npmjs.org/json-schema-traverse set size:23537 disposed:false
629 silly fetch manifest path-key@^3.1.0
630 silly packumentCache full:https://registry.npmjs.org/path-key cache-miss
631 http fetch GET 200 https://registry.npmjs.org/uri-js 125ms (cache revalidated)
632 silly packumentCache full:https://registry.npmjs.org/uri-js set size:42559 disposed:false
633 silly fetch manifest shebang-command@^2.0.0
634 silly packumentCache full:https://registry.npmjs.org/shebang-command cache-miss
635 http fetch GET 200 https://registry.npmjs.org/ansi-styles 108ms (cache revalidated)
636 silly packumentCache full:https://registry.npmjs.org/ansi-styles set size:63233 disposed:false
637 silly fetch manifest ms@^2.1.3
638 silly packumentCache full:https://registry.npmjs.org/ms cache-miss
639 http fetch GET 200 https://registry.npmjs.org/which 104ms (cache revalidated)
640 silly packumentCache full:https://registry.npmjs.org/which set size:67698 disposed:false
641 silly fetch manifest esrecurse@^4.3.0
642 silly packumentCache full:https://registry.npmjs.org/esrecurse cache-miss
643 http fetch GET 200 https://registry.npmjs.org/@humanfs%2ftypes 146ms (cache revalidated)
644 silly packumentCache full:https://registry.npmjs.org/@humanfs%2ftypes set size:19212 disposed:false
645 silly fetch manifest estraverse@^5.2.0
646 silly packumentCache full:https://registry.npmjs.org/estraverse cache-miss
647 http fetch GET 200 https://registry.npmjs.org/fast-json-stable-stringify 131ms (cache revalidated)
648 silly packumentCache full:https://registry.npmjs.org/fast-json-stable-stringify set size:11337 disposed:false
649 silly fetch manifest acorn@^8.15.0
650 silly packumentCache full:https://registry.npmjs.org/acorn cache-miss
651 http fetch GET 200 https://registry.npmjs.org/supports-color 122ms (cache revalidated)
652 silly packumentCache full:https://registry.npmjs.org/supports-color set size:118680 disposed:false
653 silly fetch manifest acorn-jsx@^5.3.2
654 silly packumentCache full:https://registry.npmjs.org/acorn-jsx cache-miss
655 http fetch GET 200 https://registry.npmjs.org/path-key 86ms (cache revalidated)
656 silly packumentCache full:https://registry.npmjs.org/path-key set size:16975 disposed:false
657 silly fetch manifest estraverse@^5.1.0
658 silly packumentCache full:https://registry.npmjs.org/estraverse cache-miss
659 http fetch GET 200 https://registry.npmjs.org/shebang-command 108ms (cache revalidated)
660 silly packumentCache full:https://registry.npmjs.org/shebang-command set size:8525 disposed:false
661 silly fetch manifest flat-cache@^4.0.0
662 silly packumentCache full:https://registry.npmjs.org/flat-cache cache-miss
663 http fetch GET 200 https://registry.npmjs.org/ms 108ms (cache revalidated)
664 silly packumentCache full:https://registry.npmjs.org/ms set size:92208 disposed:false
665 silly fetch manifest locate-path@^6.0.0
666 silly packumentCache full:https://registry.npmjs.org/locate-path cache-miss
667 http fetch GET 200 https://registry.npmjs.org/esrecurse 118ms (cache revalidated)
668 silly packumentCache full:https://registry.npmjs.org/esrecurse set size:29005 disposed:false
669 silly fetch manifest path-exists@^4.0.0
670 silly packumentCache full:https://registry.npmjs.org/path-exists cache-miss
671 http fetch GET 200 https://registry.npmjs.org/acorn 112ms (cache revalidated)
672 silly packumentCache full:https://registry.npmjs.org/acorn set size:379626 disposed:false
673 silly fetch manifest is-glob@^4.0.3
674 silly packumentCache full:https://registry.npmjs.org/is-glob cache-hit
675 silly fetch manifest is-extglob@^2.1.1
676 silly packumentCache full:https://registry.npmjs.org/is-extglob cache-miss
677 http fetch GET 200 https://registry.npmjs.org/acorn-jsx 119ms (cache revalidated)
678 silly packumentCache full:https://registry.npmjs.org/acorn-jsx set size:71068 disposed:false
679 silly fetch manifest brace-expansion@^1.1.7
680 silly packumentCache full:https://registry.npmjs.org/brace-expansion cache-miss
681 http fetch GET 200 https://registry.npmjs.org/estraverse 130ms (cache revalidated)
682 silly packumentCache full:https://registry.npmjs.org/estraverse set size:62412 disposed:false
683 silly fetch manifest prelude-ls@^1.2.1
684 silly packumentCache full:https://registry.npmjs.org/prelude-ls cache-miss
685 http fetch GET 200 https://registry.npmjs.org/estraverse 292ms (cache revalidated)
686 silly packumentCache full:https://registry.npmjs.org/estraverse set size:62412 disposed:false
687 silly packumentCache full:https://registry.npmjs.org/estraverse dispose
688 silly fetch manifest deep-is@^0.1.3
689 silly packumentCache full:https://registry.npmjs.org/deep-is cache-miss
690 http fetch GET 200 https://registry.npmjs.org/locate-path 274ms (cache revalidated)
691 silly packumentCache full:https://registry.npmjs.org/locate-path set size:31329 disposed:false
692 silly fetch manifest word-wrap@^1.2.5
693 silly packumentCache full:https://registry.npmjs.org/word-wrap cache-miss
694 http fetch GET 200 https://registry.npmjs.org/flat-cache 358ms (cache revalidated)
695 silly packumentCache full:https://registry.npmjs.org/flat-cache set size:169582 disposed:false
696 silly fetch manifest type-check@^0.4.0
697 silly packumentCache full:https://registry.npmjs.org/type-check cache-miss
698 http fetch GET 200 https://registry.npmjs.org/is-extglob 349ms (cache revalidated)
699 silly packumentCache full:https://registry.npmjs.org/is-extglob set size:11766 disposed:false
700 silly fetch manifest fast-levenshtein@^2.0.6
701 silly packumentCache full:https://registry.npmjs.org/fast-levenshtein cache-miss
702 http fetch GET 200 https://registry.npmjs.org/brace-expansion 359ms (cache revalidated)
703 silly packumentCache full:https://registry.npmjs.org/brace-expansion set size:65768 disposed:false
704 http fetch GET 200 https://registry.npmjs.org/path-exists 402ms (cache revalidated)
705 silly packumentCache full:https://registry.npmjs.org/path-exists set size:13704 disposed:false
706 http fetch GET 200 https://registry.npmjs.org/prelude-ls 460ms (cache revalidated)
707 silly packumentCache full:https://registry.npmjs.org/prelude-ls set size:25777 disposed:false
708 http fetch GET 200 https://registry.npmjs.org/deep-is 346ms (cache revalidated)
709 silly packumentCache full:https://registry.npmjs.org/deep-is set size:10205 disposed:false
710 http fetch GET 200 https://registry.npmjs.org/word-wrap 331ms (cache revalidated)
711 silly packumentCache full:https://registry.npmjs.org/word-wrap set size:37835 disposed:false
712 http fetch GET 200 https://registry.npmjs.org/fast-levenshtein 229ms (cache revalidated)
713 silly packumentCache full:https://registry.npmjs.org/fast-levenshtein set size:39317 disposed:false
714 http fetch GET 200 https://registry.npmjs.org/type-check 256ms (cache revalidated)
715 silly packumentCache full:https://registry.npmjs.org/type-check set size:21221 disposed:false
716 silly placeDep node_modules/@eslint-community/eslint-utils eslint-visitor-keys@3.4.3 OK for: @eslint-community/eslint-utils@4.9.1 want: ^3.4.3
717 silly placeDep ROOT @eslint/object-schema@2.1.7 OK for: @eslint/config-array@0.21.2 want: ^2.1.7
718 silly placeDep ROOT @types/json-schema@7.0.15 OK for: @eslint/core@0.17.0 want: ^7.0.15
719 silly placeDep ROOT globals@14.0.0 OK for: @eslint/eslintrc@3.3.5 want: ^14.0.0
720 silly placeDep ROOT import-fresh@3.3.1 OK for: @eslint/eslintrc@3.3.5 want: ^3.2.1
721 silly placeDep ROOT js-yaml@4.1.1 OK for: @eslint/eslintrc@3.3.5 want: ^4.1.1
722 silly placeDep ROOT strip-json-comments@3.1.1 OK for: @eslint/eslintrc@3.3.5 want: ^3.1.1
723 silly fetch manifest resolve-from@^4.0.0
724 silly packumentCache full:https://registry.npmjs.org/resolve-from cache-miss
725 silly fetch manifest parent-module@^1.0.0
726 silly packumentCache full:https://registry.npmjs.org/parent-module cache-miss
727 silly fetch manifest argparse@^2.0.1
728 silly packumentCache full:https://registry.npmjs.org/argparse cache-miss
729 http fetch GET 200 https://registry.npmjs.org/resolve-from 105ms (cache revalidated)
730 silly packumentCache full:https://registry.npmjs.org/resolve-from set size:12911 disposed:false
731 http fetch GET 200 https://registry.npmjs.org/argparse 103ms (cache revalidated)
732 silly packumentCache full:https://registry.npmjs.org/argparse set size:49266 disposed:false
733 http fetch GET 200 https://registry.npmjs.org/parent-module 111ms (cache revalidated)
734 silly packumentCache full:https://registry.npmjs.org/parent-module set size:18255 disposed:false
735 silly placeDep ROOT levn@0.4.1 OK for: @eslint/plugin-kit@0.4.1 want: ^0.4.1
736 silly fetch manifest type-check@~0.4.0
737 silly packumentCache full:https://registry.npmjs.org/type-check cache-hit
738 silly placeDep ROOT @humanfs/core@0.19.2 OK for: @humanfs/node@0.16.8 want: ^0.19.2
739 silly placeDep ROOT @humanfs/types@0.15.0 OK for: @humanfs/node@0.16.8 want: ^0.15.0
740 silly placeDep ROOT fast-json-stable-stringify@2.1.0 OK for: ajv@6.15.0 want: ^2.0.0
741 silly placeDep ROOT json-schema-traverse@0.4.1 OK for: ajv@6.15.0 want: ^0.4.1
742 silly placeDep ROOT uri-js@4.4.1 OK for: ajv@6.15.0 want: ^4.2.2
743 silly fetch manifest punycode@^2.1.0
744 silly packumentCache full:https://registry.npmjs.org/punycode cache-miss
745 http fetch GET 200 https://registry.npmjs.org/punycode 109ms (cache revalidated)
746 silly packumentCache full:https://registry.npmjs.org/punycode set size:61278 disposed:false
747 silly placeDep ROOT ansi-styles@4.3.0 OK for: chalk@4.1.2 want: ^4.1.0
748 silly placeDep ROOT supports-color@7.2.0 OK for: chalk@4.1.2 want: ^7.1.0
749 silly fetch manifest color-convert@^2.0.1
750 silly packumentCache full:https://registry.npmjs.org/color-convert cache-miss
751 silly fetch manifest has-flag@^4.0.0
752 silly packumentCache full:https://registry.npmjs.org/has-flag cache-miss
753 http fetch GET 200 https://registry.npmjs.org/color-convert 94ms (cache revalidated)
754 silly packumentCache full:https://registry.npmjs.org/color-convert set size:72663 disposed:false
755 http fetch GET 200 https://registry.npmjs.org/has-flag 111ms (cache revalidated)
756 silly packumentCache full:https://registry.npmjs.org/has-flag set size:15180 disposed:false
757 silly placeDep ROOT color-convert@2.0.1 OK for: ansi-styles@4.3.0 want: ^2.0.1
758 silly fetch manifest color-name@~1.1.4
759 silly packumentCache full:https://registry.npmjs.org/color-name cache-miss
760 http fetch GET 200 https://registry.npmjs.org/color-name 162ms (cache revalidated)
761 silly packumentCache full:https://registry.npmjs.org/color-name set size:19467 disposed:false
762 silly placeDep ROOT color-name@1.1.4 OK for: color-convert@2.0.1 want: ~1.1.4
763 silly placeDep ROOT path-key@3.1.1 OK for: cross-spawn@7.0.6 want: ^3.1.0
764 silly placeDep ROOT shebang-command@2.0.0 OK for: cross-spawn@7.0.6 want: ^2.0.0
765 silly placeDep ROOT which@2.0.2 OK for: cross-spawn@7.0.6 want: ^2.0.1
766 silly fetch manifest shebang-regex@^3.0.0
767 silly packumentCache full:https://registry.npmjs.org/shebang-regex cache-miss
768 silly fetch manifest isexe@^2.0.0
769 silly packumentCache full:https://registry.npmjs.org/isexe cache-miss
770 http fetch GET 200 https://registry.npmjs.org/shebang-regex 97ms (cache revalidated)
771 silly packumentCache full:https://registry.npmjs.org/shebang-regex set size:9763 disposed:false
772 http fetch GET 200 https://registry.npmjs.org/isexe 101ms (cache revalidated)
773 silly packumentCache full:https://registry.npmjs.org/isexe set size:31756 disposed:false
774 silly placeDep ROOT ms@2.1.3 OK for: debug@4.4.3 want: ^2.1.3
775 silly fetch manifest eslint@>=9.0.0
776 silly packumentCache full:https://registry.npmjs.org/eslint cache-miss
777 http fetch GET 200 https://registry.npmjs.org/eslint 96ms (cache revalidated)
778 silly packumentCache full:https://registry.npmjs.org/eslint set size:1983515 disposed:false
779 silly fetch manifest typescript@>=3.3.1
780 silly packumentCache full:https://registry.npmjs.org/typescript cache-miss
781 http fetch GET 200 https://registry.npmjs.org/typescript 152ms (cache revalidated)
782 silly packumentCache full:https://registry.npmjs.org/typescript set size:15409943 disposed:false
783 silly fetch manifest eslint@^3 || ^4 || ^5 || ^6 || ^7 || ^8 || ^9.7
784 silly packumentCache full:https://registry.npmjs.org/eslint cache-miss
785 http fetch GET 200 https://registry.npmjs.org/eslint 102ms (cache revalidated)
786 silly packumentCache full:https://registry.npmjs.org/eslint set size:1983515 disposed:false
787 silly fetch manifest eslint@^2 || ^3 || ^4 || ^5 || ^6 || ^7.2.0 || ^8 || ^9
788 silly packumentCache full:https://registry.npmjs.org/eslint cache-miss
789 http fetch GET 200 https://registry.npmjs.org/eslint 101ms (cache revalidated)
790 silly packumentCache full:https://registry.npmjs.org/eslint set size:1983515 disposed:false
791 silly fetch manifest eslint@^3 || ^4 || ^5 || ^6 || ^7 || ^8 || ^9
792 silly packumentCache full:https://registry.npmjs.org/eslint cache-miss
793 http fetch GET 200 https://registry.npmjs.org/eslint 96ms (cache revalidated)
794 silly packumentCache full:https://registry.npmjs.org/eslint set size:1983515 disposed:false
795 silly fetch manifest eslint-plugin-import-x@*
796 silly packumentCache full:https://registry.npmjs.org/eslint-plugin-import-x cache-miss
797 http fetch GET 200 https://registry.npmjs.org/eslint-plugin-import-x 91ms (cache revalidated)
798 silly packumentCache full:https://registry.npmjs.org/eslint-plugin-import-x set size:270770 disposed:false
799 silly fetch manifest @typescript-eslint/utils@^8.56.0
800 silly packumentCache full:https://registry.npmjs.org/@typescript-eslint%2futils cache-miss
801 http fetch GET 200 https://registry.npmjs.org/@typescript-eslint%2futils 164ms (cache revalidated)
802 silly packumentCache full:https://registry.npmjs.org/@typescript-eslint%2futils set size:10049998 disposed:false
803 silly placeDep ROOT @next/eslint-plugin-next@16.2.4 OK for: eslint-config-next@16.2.4 want: 16.2.4
804 silly placeDep ROOT eslint-import-resolver-node@0.3.10 OK for: eslint-config-next@16.2.4 want: ^0.3.6
805 silly placeDep ROOT eslint-import-resolver-typescript@3.10.1 OK for: eslint-config-next@16.2.4 want: ^3.5.2
806 silly placeDep ROOT eslint-plugin-import@2.32.0 OK for: eslint-config-next@16.2.4 want: ^2.32.0
807 silly placeDep ROOT eslint-plugin-jsx-a11y@6.10.2 OK for: eslint-config-next@16.2.4 want: ^6.10.0
808 silly placeDep ROOT eslint-plugin-react@7.37.5 OK for: eslint-config-next@16.2.4 want: ^7.37.0
809 silly placeDep ROOT eslint-plugin-react-hooks@7.1.1 OK for: eslint-config-next@16.2.4 want: ^7.0.0
810 silly placeDep node_modules/eslint-config-next globals@16.4.0 OK for: eslint-config-next@16.2.4 want: 16.4.0
811 silly placeDep ROOT typescript-eslint@8.59.1 OK for: eslint-config-next@16.2.4 want: ^8.46.0
812 silly fetch manifest fast-glob@3.3.1
813 silly packumentCache full:https://registry.npmjs.org/fast-glob cache-miss
814 silly fetch manifest debug@^3.2.7
815 silly packumentCache full:https://registry.npmjs.org/debug cache-hit
816 silly fetch manifest is-core-module@^2.16.1
817 silly packumentCache full:https://registry.npmjs.org/is-core-module cache-miss
818 silly fetch manifest resolve@^2.0.0-next.6
819 silly packumentCache full:https://registry.npmjs.org/resolve cache-miss
820 silly fetch manifest tinyglobby@^0.2.13
821 silly packumentCache full:https://registry.npmjs.org/tinyglobby cache-miss
822 silly fetch manifest stable-hash@^0.0.5
823 silly packumentCache full:https://registry.npmjs.org/stable-hash cache-miss
824 silly fetch manifest get-tsconfig@^4.10.0
825 silly packumentCache full:https://registry.npmjs.org/get-tsconfig cache-miss
826 silly fetch manifest is-bun-module@^2.0.0
827 silly packumentCache full:https://registry.npmjs.org/is-bun-module cache-miss
828 http fetch GET 200 https://registry.npmjs.org/tinyglobby 101ms (cache revalidated)
829 silly packumentCache full:https://registry.npmjs.org/tinyglobby set size:52660 disposed:false
830 silly fetch manifest unrs-resolver@^1.6.2
831 silly packumentCache full:https://registry.npmjs.org/unrs-resolver cache-miss
832 http fetch GET 200 https://registry.npmjs.org/is-core-module 108ms (cache revalidated)
833 silly packumentCache full:https://registry.npmjs.org/is-core-module set size:71788 disposed:false
834 silly fetch manifest @nolyfill/is-core-module@1.0.39
835 silly packumentCache full:https://registry.npmjs.org/@nolyfill%2fis-core-module cache-miss
836 http fetch GET 200 https://registry.npmjs.org/is-bun-module 114ms (cache revalidated)
837 silly packumentCache full:https://registry.npmjs.org/is-bun-module set size:19768 disposed:false
838 silly fetch manifest @rtsao/scc@^1.1.0
839 silly packumentCache full:https://registry.npmjs.org/@rtsao%2fscc cache-miss
840 http fetch GET 200 https://registry.npmjs.org/resolve 119ms (cache revalidated)
841 silly packumentCache full:https://registry.npmjs.org/resolve set size:252941 disposed:false
842 silly fetch manifest array-includes@^3.1.9
843 silly packumentCache full:https://registry.npmjs.org/array-includes cache-miss
844 http fetch GET 200 https://registry.npmjs.org/stable-hash 125ms (cache revalidated)
845 silly packumentCache full:https://registry.npmjs.org/stable-hash set size:18359 disposed:false
846 silly fetch manifest array.prototype.findlastindex@^1.2.6
847 silly packumentCache full:https://registry.npmjs.org/array.prototype.findlastindex cache-miss
848 http fetch GET 200 https://registry.npmjs.org/get-tsconfig 127ms (cache revalidated)
849 silly packumentCache full:https://registry.npmjs.org/get-tsconfig set size:125877 disposed:false
850 silly fetch manifest array.prototype.flat@^1.3.3
851 silly packumentCache full:https://registry.npmjs.org/array.prototype.flat cache-miss
852 http fetch GET 200 https://registry.npmjs.org/fast-glob 133ms (cache revalidated)
853 silly packumentCache full:https://registry.npmjs.org/fast-glob set size:220556 disposed:false
854 silly fetch manifest array.prototype.flatmap@^1.3.3
855 silly packumentCache full:https://registry.npmjs.org/array.prototype.flatmap cache-miss
856 http fetch GET 200 https://registry.npmjs.org/unrs-resolver 116ms (cache revalidated)
857 silly packumentCache full:https://registry.npmjs.org/unrs-resolver set size:142730 disposed:false
858 silly fetch manifest doctrine@^2.1.0
859 silly packumentCache full:https://registry.npmjs.org/doctrine cache-miss
860 http fetch GET 200 https://registry.npmjs.org/array-includes 107ms (cache revalidated)
861 silly packumentCache full:https://registry.npmjs.org/array-includes set size:77143 disposed:false
862 silly fetch manifest eslint-module-utils@^2.12.1
863 silly packumentCache full:https://registry.npmjs.org/eslint-module-utils cache-miss
864 http fetch GET 200 https://registry.npmjs.org/array.prototype.flat 105ms (cache revalidated)
865 silly packumentCache full:https://registry.npmjs.org/array.prototype.flat set size:38327 disposed:false
866 silly fetch manifest hasown@^2.0.2
867 silly packumentCache full:https://registry.npmjs.org/hasown cache-miss
868 http fetch GET 200 https://registry.npmjs.org/array.prototype.flatmap 104ms (cache revalidated)
869 silly packumentCache full:https://registry.npmjs.org/array.prototype.flatmap set size:51458 disposed:false
870 silly fetch manifest object.fromentries@^2.0.8
871 silly packumentCache full:https://registry.npmjs.org/object.fromentries cache-miss
872 http fetch GET 200 https://registry.npmjs.org/@nolyfill%2fis-core-module 134ms (cache revalidated)
873 silly packumentCache full:https://registry.npmjs.org/@nolyfill%2fis-core-module set size:10461 disposed:false
874 silly fetch manifest object.groupby@^1.0.3
875 silly packumentCache full:https://registry.npmjs.org/object.groupby cache-miss
876 http fetch GET 200 https://registry.npmjs.org/array.prototype.findlastindex 118ms (cache revalidated)
877 silly packumentCache full:https://registry.npmjs.org/array.prototype.findlastindex set size:44828 disposed:false
878 silly fetch manifest object.values@^1.2.1
879 silly packumentCache full:https://registry.npmjs.org/object.values cache-miss
880 http fetch GET 200 https://registry.npmjs.org/@rtsao%2fscc 132ms (cache revalidated)
881 silly packumentCache full:https://registry.npmjs.org/@rtsao%2fscc set size:6332 disposed:false
882 silly fetch manifest semver@^6.3.1
883 silly packumentCache full:https://registry.npmjs.org/semver cache-miss
884 http fetch GET 200 https://registry.npmjs.org/doctrine 101ms (cache revalidated)
885 silly packumentCache full:https://registry.npmjs.org/doctrine set size:64052 disposed:false
886 silly fetch manifest string.prototype.trimend@^1.0.9
887 silly packumentCache full:https://registry.npmjs.org/string.prototype.trimend cache-miss
888 http fetch GET 200 https://registry.npmjs.org/eslint-module-utils 96ms (cache revalidated)
889 silly packumentCache full:https://registry.npmjs.org/eslint-module-utils set size:77496 disposed:false
890 silly fetch manifest tsconfig-paths@^3.15.0
891 silly packumentCache full:https://registry.npmjs.org/tsconfig-paths cache-miss
892 http fetch GET 200 https://registry.npmjs.org/hasown 99ms (cache revalidated)
893 silly packumentCache full:https://registry.npmjs.org/hasown set size:15429 disposed:false
894 silly fetch manifest aria-query@^5.3.2
895 silly packumentCache full:https://registry.npmjs.org/aria-query cache-miss
896 http fetch GET 200 https://registry.npmjs.org/object.values 101ms (cache revalidated)
897 silly packumentCache full:https://registry.npmjs.org/object.values set size:49009 disposed:false
898 silly fetch manifest array-includes@^3.1.8
899 silly packumentCache full:https://registry.npmjs.org/array-includes cache-hit
900 silly fetch manifest array.prototype.flatmap@^1.3.2
901 silly packumentCache full:https://registry.npmjs.org/array.prototype.flatmap cache-hit
902 silly fetch manifest ast-types-flow@^0.0.8
903 silly packumentCache full:https://registry.npmjs.org/ast-types-flow cache-miss
904 http fetch GET 200 https://registry.npmjs.org/object.fromentries 110ms (cache revalidated)
905 silly packumentCache full:https://registry.npmjs.org/object.fromentries set size:37686 disposed:false
906 silly fetch manifest axe-core@^4.10.0
907 silly packumentCache full:https://registry.npmjs.org/axe-core cache-miss
908 http fetch GET 200 https://registry.npmjs.org/semver 106ms (cache revalidated)
909 silly packumentCache full:https://registry.npmjs.org/semver set size:229571 disposed:false
910 silly fetch manifest axobject-query@^4.1.0
911 silly packumentCache full:https://registry.npmjs.org/axobject-query cache-miss
912 http fetch GET 200 https://registry.npmjs.org/object.groupby 123ms (cache revalidated)
913 silly packumentCache full:https://registry.npmjs.org/object.groupby set size:15504 disposed:false
914 silly fetch manifest damerau-levenshtein@^1.0.8
915 silly packumentCache full:https://registry.npmjs.org/damerau-levenshtein cache-miss
916 http fetch GET 200 https://registry.npmjs.org/string.prototype.trimend 99ms (cache revalidated)
917 silly packumentCache full:https://registry.npmjs.org/string.prototype.trimend set size:41090 disposed:false
918 silly fetch manifest emoji-regex@^9.2.2
919 silly packumentCache full:https://registry.npmjs.org/emoji-regex cache-miss
920 http fetch GET 200 https://registry.npmjs.org/tsconfig-paths 110ms (cache revalidated)
921 silly packumentCache full:https://registry.npmjs.org/tsconfig-paths set size:192565 disposed:false
922 silly fetch manifest jsx-ast-utils@^3.3.5
923 silly packumentCache full:https://registry.npmjs.org/jsx-ast-utils cache-miss
924 http fetch GET 200 https://registry.npmjs.org/aria-query 110ms (cache revalidated)
925 silly packumentCache full:https://registry.npmjs.org/aria-query set size:98864 disposed:false
926 silly fetch manifest language-tags@^1.0.9
927 silly packumentCache full:https://registry.npmjs.org/language-tags cache-miss
928 http fetch GET 200 https://registry.npmjs.org/axobject-query 100ms (cache revalidated)
929 silly packumentCache full:https://registry.npmjs.org/axobject-query set size:75032 disposed:false
930 silly fetch manifest safe-regex-test@^1.0.3
931 silly packumentCache full:https://registry.npmjs.org/safe-regex-test cache-miss
932 http fetch GET 200 https://registry.npmjs.org/ast-types-flow 113ms (cache revalidated)
933 silly packumentCache full:https://registry.npmjs.org/ast-types-flow set size:15144 disposed:false
934 silly fetch manifest string.prototype.includes@^2.0.1
935 silly packumentCache full:https://registry.npmjs.org/string.prototype.includes cache-miss
936 http fetch GET 200 https://registry.npmjs.org/damerau-levenshtein 107ms (cache revalidated)
937 silly packumentCache full:https://registry.npmjs.org/damerau-levenshtein set size:23390 disposed:false
938 silly fetch manifest array.prototype.findlast@^1.2.5
939 silly packumentCache full:https://registry.npmjs.org/array.prototype.findlast cache-miss
940 http fetch GET 200 https://registry.npmjs.org/axe-core 144ms (cache revalidated)
941 silly packumentCache full:https://registry.npmjs.org/axe-core set size:9294346 disposed:false
942 silly fetch manifest array.prototype.tosorted@^1.1.4
943 silly packumentCache full:https://registry.npmjs.org/array.prototype.tosorted cache-miss
944 http fetch GET 200 https://registry.npmjs.org/language-tags 172ms (cache revalidated)
945 silly packumentCache full:https://registry.npmjs.org/language-tags set size:38675 disposed:false
946 silly fetch manifest es-iterator-helpers@^1.2.1
947 silly packumentCache full:https://registry.npmjs.org/es-iterator-helpers cache-miss
948 http fetch GET 200 https://registry.npmjs.org/emoji-regex 203ms (cache revalidated)
949 silly packumentCache full:https://registry.npmjs.org/emoji-regex set size:89064 disposed:false
950 silly fetch manifest estraverse@^5.3.0
951 silly packumentCache full:https://registry.npmjs.org/estraverse cache-hit
952 silly fetch manifest jsx-ast-utils@^2.4.1 || ^3.0.0
953 silly packumentCache full:https://registry.npmjs.org/jsx-ast-utils cache-miss
954 http fetch GET 200 https://registry.npmjs.org/jsx-ast-utils 189ms (cache revalidated)
955 silly packumentCache full:https://registry.npmjs.org/jsx-ast-utils set size:115998 disposed:false
956 silly fetch manifest object.entries@^1.1.9
957 silly packumentCache full:https://registry.npmjs.org/object.entries cache-miss
958 http fetch GET 200 https://registry.npmjs.org/string.prototype.includes 264ms (cache revalidated)
959 silly packumentCache full:https://registry.npmjs.org/string.prototype.includes set size:10217 disposed:false
960 silly fetch manifest prop-types@^15.8.1
961 silly packumentCache full:https://registry.npmjs.org/prop-types cache-miss
962 http fetch GET 200 https://registry.npmjs.org/safe-regex-test 270ms (cache revalidated)
963 silly packumentCache full:https://registry.npmjs.org/safe-regex-test set size:17412 disposed:false
964 silly fetch manifest resolve@^2.0.0-next.5
965 silly packumentCache full:https://registry.npmjs.org/resolve cache-hit
966 silly fetch manifest string.prototype.matchall@^4.0.12
967 silly packumentCache full:https://registry.npmjs.org/string.prototype.matchall cache-miss
968 http fetch GET 200 https://registry.npmjs.org/jsx-ast-utils 108ms (cache revalidated)
969 silly packumentCache full:https://registry.npmjs.org/jsx-ast-utils set size:115998 disposed:false
970 silly packumentCache full:https://registry.npmjs.org/jsx-ast-utils dispose
971 silly fetch manifest string.prototype.repeat@^1.0.0
972 silly packumentCache full:https://registry.npmjs.org/string.prototype.repeat cache-miss
973 http fetch GET 200 https://registry.npmjs.org/array.prototype.findlast 266ms (cache revalidated)
974 silly packumentCache full:https://registry.npmjs.org/array.prototype.findlast set size:40323 disposed:false
975 silly fetch manifest zod@^3.25.0 || ^4.0.0
976 silly packumentCache full:https://registry.npmjs.org/zod cache-miss
977 http fetch GET 200 https://registry.npmjs.org/array.prototype.tosorted 142ms (cache revalidated)
978 silly packumentCache full:https://registry.npmjs.org/array.prototype.tosorted set size:24661 disposed:false
979 silly fetch manifest @babel/core@^7.24.4
980 silly packumentCache full:https://registry.npmjs.org/@babel%2fcore cache-miss
981 http fetch GET 200 https://registry.npmjs.org/object.entries 122ms (cache revalidated)
982 silly packumentCache full:https://registry.npmjs.org/object.entries set size:50037 disposed:false
983 silly fetch manifest @babel/parser@^7.24.4
984 silly packumentCache full:https://registry.npmjs.org/@babel%2fparser cache-miss
985 http fetch GET 200 https://registry.npmjs.org/es-iterator-helpers 135ms (cache revalidated)
986 silly packumentCache full:https://registry.npmjs.org/es-iterator-helpers set size:258484 disposed:false
987 silly fetch manifest hermes-parser@^0.25.1
988 silly packumentCache full:https://registry.npmjs.org/hermes-parser cache-miss
989 http fetch GET 200 https://registry.npmjs.org/prop-types 162ms (cache revalidated)
990 silly packumentCache full:https://registry.npmjs.org/prop-types set size:76747 disposed:false
991 silly fetch manifest zod-validation-error@^3.5.0 || ^4.0.0
992 silly packumentCache full:https://registry.npmjs.org/zod-validation-error cache-miss
993 http fetch GET 200 https://registry.npmjs.org/string.prototype.repeat 157ms (cache revalidated)
994 silly packumentCache full:https://registry.npmjs.org/string.prototype.repeat set size:8608 disposed:false
995 silly fetch manifest @typescript-eslint/utils@8.59.1
996 silly packumentCache full:https://registry.npmjs.org/@typescript-eslint%2futils cache-miss
997 http fetch GET 200 https://registry.npmjs.org/string.prototype.matchall 166ms (cache revalidated)
998 silly packumentCache full:https://registry.npmjs.org/string.prototype.matchall set size:63239 disposed:false
999 silly fetch manifest @typescript-eslint/parser@8.59.1
1000 silly packumentCache full:https://registry.npmjs.org/@typescript-eslint%2fparser cache-miss
1001 http fetch GET 200 https://registry.npmjs.org/@babel%2fcore 165ms (cache revalidated)
1002 silly packumentCache full:https://registry.npmjs.org/@babel%2fcore set size:760113 disposed:false
1003 silly fetch manifest @typescript-eslint/eslint-plugin@8.59.1
1004 silly packumentCache full:https://registry.npmjs.org/@typescript-eslint%2feslint-plugin cache-miss
1005 http fetch GET 200 https://registry.npmjs.org/zod 197ms (cache revalidated)
1006 silly packumentCache full:https://registry.npmjs.org/zod set size:3489329 disposed:false
1007 silly fetch manifest @typescript-eslint/typescript-estree@8.59.1
1008 silly packumentCache full:https://registry.npmjs.org/@typescript-eslint%2ftypescript-estree cache-miss
1009 http fetch GET 200 https://registry.npmjs.org/hermes-parser 240ms (cache revalidated)
1010 silly packumentCache full:https://registry.npmjs.org/hermes-parser set size:167528 disposed:false
1011 http fetch GET 200 https://registry.npmjs.org/@babel%2fparser 266ms (cache revalidated)
1012 silly packumentCache full:https://registry.npmjs.org/@babel%2fparser set size:718758 disposed:false
1013 http fetch GET 200 https://registry.npmjs.org/zod-validation-error 179ms (cache revalidated)
1014 silly packumentCache full:https://registry.npmjs.org/zod-validation-error set size:178465 disposed:false
1015 http fetch GET 200 https://registry.npmjs.org/@typescript-eslint%2futils 226ms (cache revalidated)
1016 silly packumentCache full:https://registry.npmjs.org/@typescript-eslint%2futils set size:10049998 disposed:false
1017 http fetch GET 200 https://registry.npmjs.org/@typescript-eslint%2fparser 323ms (cache revalidated)
1018 silly packumentCache full:https://registry.npmjs.org/@typescript-eslint%2fparser set size:15103556 disposed:false
1019 http fetch GET 200 https://registry.npmjs.org/@typescript-eslint%2ftypescript-estree 441ms (cache revalidated)
1020 silly packumentCache full:https://registry.npmjs.org/@typescript-eslint%2ftypescript-estree set size:16295421 disposed:false
1021 http fetch GET 200 https://registry.npmjs.org/@typescript-eslint%2feslint-plugin 632ms (cache revalidated)
1022 silly packumentCache full:https://registry.npmjs.org/@typescript-eslint%2feslint-plugin set size:17813095 disposed:false
1023 silly placeDep ROOT fast-glob@3.3.1 OK for: @next/eslint-plugin-next@16.2.4 want: 3.3.1
1024 silly fetch manifest merge2@^1.3.0
1025 silly packumentCache full:https://registry.npmjs.org/merge2 cache-miss
1026 silly fetch manifest micromatch@^4.0.4
1027 silly packumentCache full:https://registry.npmjs.org/micromatch cache-miss
1028 silly fetch manifest glob-parent@^5.1.2
1029 silly packumentCache full:https://registry.npmjs.org/glob-parent cache-hit
1030 silly fetch manifest @nodelib/fs.stat@^2.0.2
1031 silly packumentCache full:https://registry.npmjs.org/@nodelib%2ffs.stat cache-miss
1032 silly fetch manifest @nodelib/fs.walk@^1.2.3
1033 silly packumentCache full:https://registry.npmjs.org/@nodelib%2ffs.walk cache-miss
1034 http fetch GET 200 https://registry.npmjs.org/merge2 94ms (cache revalidated)
1035 silly packumentCache full:https://registry.npmjs.org/merge2 set size:46159 disposed:false
1036 http fetch GET 200 https://registry.npmjs.org/micromatch 95ms (cache revalidated)
1037 silly packumentCache full:https://registry.npmjs.org/micromatch set size:240630 disposed:false
1038 http fetch GET 200 https://registry.npmjs.org/@nodelib%2ffs.stat 109ms (cache revalidated)
1039 silly packumentCache full:https://registry.npmjs.org/@nodelib%2ffs.stat set size:36993 disposed:false
1040 http fetch GET 200 https://registry.npmjs.org/@nodelib%2ffs.walk 110ms (cache revalidated)
1041 silly packumentCache full:https://registry.npmjs.org/@nodelib%2ffs.walk set size:41589 disposed:false
1042 silly placeDep node_modules/eslint-import-resolver-node debug@3.2.7 OK for: eslint-import-resolver-node@0.3.10 want: ^3.2.7
1043 silly placeDep ROOT is-core-module@2.16.1 OK for: eslint-import-resolver-node@0.3.10 want: ^2.16.1
1044 silly placeDep ROOT resolve@2.0.0-next.6 OK for: eslint-import-resolver-node@0.3.10 want: ^2.0.0-next.6
1045 silly fetch manifest es-errors@^1.3.0
1046 silly packumentCache full:https://registry.npmjs.org/es-errors cache-miss
1047 silly fetch manifest path-parse@^1.0.7
1048 silly packumentCache full:https://registry.npmjs.org/path-parse cache-miss
1049 silly fetch manifest object-keys@^1.1.1
1050 silly packumentCache full:https://registry.npmjs.org/object-keys cache-miss
1051 silly fetch manifest node-exports-info@^1.6.0
1052 silly packumentCache full:https://registry.npmjs.org/node-exports-info cache-miss
1053 silly fetch manifest supports-preserve-symlinks-flag@^1.0.0
1054 silly packumentCache full:https://registry.npmjs.org/supports-preserve-symlinks-flag cache-miss
1055 http fetch GET 200 https://registry.npmjs.org/node-exports-info 91ms (cache revalidated)
1056 silly packumentCache full:https://registry.npmjs.org/node-exports-info set size:58723 disposed:false
1057 http fetch GET 200 https://registry.npmjs.org/path-parse 95ms (cache revalidated)
1058 silly packumentCache full:https://registry.npmjs.org/path-parse set size:14523 disposed:false
1059 http fetch GET 200 https://registry.npmjs.org/supports-preserve-symlinks-flag 96ms (cache revalidated)
1060 silly packumentCache full:https://registry.npmjs.org/supports-preserve-symlinks-flag set size:6802 disposed:false
1061 http fetch GET 200 https://registry.npmjs.org/object-keys 99ms (cache revalidated)
1062 silly packumentCache full:https://registry.npmjs.org/object-keys set size:67744 disposed:false
1063 http fetch GET 200 https://registry.npmjs.org/es-errors 104ms (cache revalidated)
1064 silly packumentCache full:https://registry.npmjs.org/es-errors set size:16918 disposed:false
1065 silly placeDep ROOT @nolyfill/is-core-module@1.0.39 OK for: eslint-import-resolver-typescript@3.10.1 want: 1.0.39
1066 silly placeDep ROOT get-tsconfig@4.14.0 OK for: eslint-import-resolver-typescript@3.10.1 want: ^4.10.0
1067 silly placeDep ROOT is-bun-module@2.0.0 OK for: eslint-import-resolver-typescript@3.10.1 want: ^2.0.0
1068 silly placeDep ROOT stable-hash@0.0.5 OK for: eslint-import-resolver-typescript@3.10.1 want: ^0.0.5
1069 silly placeDep ROOT tinyglobby@0.2.16 OK for: eslint-import-resolver-typescript@3.10.1 want: ^0.2.13
1070 silly placeDep ROOT unrs-resolver@1.11.1 OK for: eslint-import-resolver-typescript@3.10.1 want: ^1.6.2
1071 silly fetch manifest resolve-pkg-maps@^1.0.0
1072 silly packumentCache full:https://registry.npmjs.org/resolve-pkg-maps cache-miss
1073 silly fetch manifest semver@^7.7.1
1074 silly packumentCache full:https://registry.npmjs.org/semver cache-hit
1075 silly fetch manifest fdir@^6.5.0
1076 silly packumentCache full:https://registry.npmjs.org/fdir cache-miss
1077 silly fetch manifest picomatch@^4.0.4
1078 silly packumentCache full:https://registry.npmjs.org/picomatch cache-miss
1079 silly fetch manifest napi-postinstall@^0.3.0
1080 silly packumentCache full:https://registry.npmjs.org/napi-postinstall cache-miss
1081 silly fetch manifest @unrs/resolver-binding-win32-x64-msvc@1.11.1
1082 silly packumentCache full:https://registry.npmjs.org/@unrs%2fresolver-binding-win32-x64-msvc cache-miss
1083 silly fetch manifest @unrs/resolver-binding-win32-arm64-msvc@1.11.1
1084 silly packumentCache full:https://registry.npmjs.org/@unrs%2fresolver-binding-win32-arm64-msvc cache-miss
1085 silly fetch manifest @unrs/resolver-binding-win32-ia32-msvc@1.11.1
1086 silly packumentCache full:https://registry.npmjs.org/@unrs%2fresolver-binding-win32-ia32-msvc cache-miss
1087 http fetch GET 200 https://registry.npmjs.org/fdir 93ms (cache revalidated)
1088 silly packumentCache full:https://registry.npmjs.org/fdir set size:136182 disposed:false
1089 silly fetch manifest @unrs/resolver-binding-linux-x64-gnu@1.11.1
1090 silly packumentCache full:https://registry.npmjs.org/@unrs%2fresolver-binding-linux-x64-gnu cache-miss
1091 http fetch GET 200 https://registry.npmjs.org/picomatch 97ms (cache revalidated)
1092 silly packumentCache full:https://registry.npmjs.org/picomatch set size:126376 disposed:false
1093 silly fetch manifest @unrs/resolver-binding-linux-x64-musl@1.11.1
1094 silly packumentCache full:https://registry.npmjs.org/@unrs%2fresolver-binding-linux-x64-musl cache-miss
1095 http fetch GET 200 https://registry.npmjs.org/napi-postinstall 102ms (cache revalidated)
1096 silly packumentCache full:https://registry.npmjs.org/napi-postinstall set size:41400 disposed:false
1097 silly fetch manifest @unrs/resolver-binding-freebsd-x64@1.11.1
1098 silly packumentCache full:https://registry.npmjs.org/@unrs%2fresolver-binding-freebsd-x64 cache-miss
1099 http fetch GET 200 https://registry.npmjs.org/resolve-pkg-maps 109ms (cache revalidated)
1100 silly packumentCache full:https://registry.npmjs.org/resolve-pkg-maps set size:11615 disposed:false
1101 silly fetch manifest @unrs/resolver-binding-android-arm64@1.11.1
1102 silly packumentCache full:https://registry.npmjs.org/@unrs%2fresolver-binding-android-arm64 cache-miss
1103 http fetch GET 200 https://registry.npmjs.org/@unrs%2fresolver-binding-win32-arm64-msvc 111ms (cache revalidated)
1104 silly packumentCache full:https://registry.npmjs.org/@unrs%2fresolver-binding-win32-arm64-msvc set size:59292 disposed:false
1105 silly fetch manifest @unrs/resolver-binding-linux-arm64-gnu@1.11.1
1106 silly packumentCache full:https://registry.npmjs.org/@unrs%2fresolver-binding-linux-arm64-gnu cache-miss
1107 http fetch GET 200 https://registry.npmjs.org/@unrs%2fresolver-binding-win32-x64-msvc 114ms (cache revalidated)
1108 silly packumentCache full:https://registry.npmjs.org/@unrs%2fresolver-binding-win32-x64-msvc set size:58760 disposed:false
1109 silly fetch manifest @unrs/resolver-binding-linux-arm64-musl@1.11.1
1110 silly packumentCache full:https://registry.npmjs.org/@unrs%2fresolver-binding-linux-arm64-musl cache-miss
1111 http fetch GET 200 https://registry.npmjs.org/@unrs%2fresolver-binding-win32-ia32-msvc 119ms (cache revalidated)
1112 silly packumentCache full:https://registry.npmjs.org/@unrs%2fresolver-binding-win32-ia32-msvc set size:59023 disposed:false
1113 silly fetch manifest @unrs/resolver-binding-android-arm-eabi@1.11.1
1114 silly packumentCache full:https://registry.npmjs.org/@unrs%2fresolver-binding-android-arm-eabi cache-miss
1115 http fetch GET 200 https://registry.npmjs.org/@unrs%2fresolver-binding-linux-x64-musl 111ms (cache revalidated)
1116 silly packumentCache full:https://registry.npmjs.org/@unrs%2fresolver-binding-linux-x64-musl set size:59364 disposed:false
1117 silly fetch manifest @unrs/resolver-binding-linux-arm-gnueabihf@1.11.1
1118 silly packumentCache full:https://registry.npmjs.org/@unrs%2fresolver-binding-linux-arm-gnueabihf cache-miss
1119 http fetch GET 200 https://registry.npmjs.org/@unrs%2fresolver-binding-linux-x64-gnu 122ms (cache revalidated)
1120 silly packumentCache full:https://registry.npmjs.org/@unrs%2fresolver-binding-linux-x64-gnu set size:59167 disposed:false
1121 silly fetch manifest @unrs/resolver-binding-linux-arm-musleabihf@1.11.1
1122 silly packumentCache full:https://registry.npmjs.org/@unrs%2fresolver-binding-linux-arm-musleabihf cache-miss
1123 http fetch GET 200 https://registry.npmjs.org/@unrs%2fresolver-binding-linux-arm64-musl 113ms (cache revalidated)
1124 silly packumentCache full:https://registry.npmjs.org/@unrs%2fresolver-binding-linux-arm64-musl set size:59889 disposed:false
1125 silly fetch manifest @unrs/resolver-binding-linux-ppc64-gnu@1.11.1
1126 silly packumentCache full:https://registry.npmjs.org/@unrs%2fresolver-binding-linux-ppc64-gnu cache-miss
1127 http fetch GET 200 https://registry.npmjs.org/@unrs%2fresolver-binding-android-arm64 125ms (cache revalidated)
1128 silly packumentCache full:https://registry.npmjs.org/@unrs%2fresolver-binding-android-arm64 set size:12351 disposed:false
1129 silly fetch manifest @unrs/resolver-binding-linux-riscv64-gnu@1.11.1
1130 silly packumentCache full:https://registry.npmjs.org/@unrs%2fresolver-binding-linux-riscv64-gnu cache-miss
1131 http fetch GET 200 https://registry.npmjs.org/@unrs%2fresolver-binding-android-arm-eabi 118ms (cache revalidated)
1132 silly packumentCache full:https://registry.npmjs.org/@unrs%2fresolver-binding-android-arm-eabi set size:12473 disposed:false
1133 silly fetch manifest @unrs/resolver-binding-linux-riscv64-musl@1.11.1
1134 silly packumentCache full:https://registry.npmjs.org/@unrs%2fresolver-binding-linux-riscv64-musl cache-miss
1135 http fetch GET 200 https://registry.npmjs.org/@unrs%2fresolver-binding-linux-arm64-gnu 134ms (cache revalidated)
1136 silly packumentCache full:https://registry.npmjs.org/@unrs%2fresolver-binding-linux-arm64-gnu set size:59697 disposed:false
1137 silly fetch manifest @unrs/resolver-binding-linux-s390x-gnu@1.11.1
1138 silly packumentCache full:https://registry.npmjs.org/@unrs%2fresolver-binding-linux-s390x-gnu cache-miss
1139 http fetch GET 200 https://registry.npmjs.org/@unrs%2fresolver-binding-freebsd-x64 151ms (cache revalidated)
1140 silly packumentCache full:https://registry.npmjs.org/@unrs%2fresolver-binding-freebsd-x64 set size:58172 disposed:false
1141 silly fetch manifest @unrs/resolver-binding-darwin-x64@1.11.1
1142 silly packumentCache full:https://registry.npmjs.org/@unrs%2fresolver-binding-darwin-x64 cache-miss
1143 http fetch GET 200 https://registry.npmjs.org/@unrs%2fresolver-binding-linux-arm-gnueabihf 129ms (cache revalidated)
1144 silly packumentCache full:https://registry.npmjs.org/@unrs%2fresolver-binding-linux-arm-gnueabihf set size:59902 disposed:false
1145 silly fetch manifest @unrs/resolver-binding-darwin-arm64@1.11.1
1146 silly packumentCache full:https://registry.npmjs.org/@unrs%2fresolver-binding-darwin-arm64 cache-miss
1147 http fetch GET 200 https://registry.npmjs.org/@unrs%2fresolver-binding-linux-arm-musleabihf 121ms (cache revalidated)
1148 silly packumentCache full:https://registry.npmjs.org/@unrs%2fresolver-binding-linux-arm-musleabihf set size:60135 disposed:false
1149 silly fetch manifest @unrs/resolver-binding-wasm32-wasi@1.11.1
1150 silly packumentCache full:https://registry.npmjs.org/@unrs%2fresolver-binding-wasm32-wasi cache-miss
1151 http fetch GET 200 https://registry.npmjs.org/@unrs%2fresolver-binding-linux-ppc64-gnu 122ms (cache revalidated)
1152 silly packumentCache full:https://registry.npmjs.org/@unrs%2fresolver-binding-linux-ppc64-gnu set size:59704 disposed:false
1153 http fetch GET 200 https://registry.npmjs.org/@unrs%2fresolver-binding-linux-riscv64-gnu 122ms (cache revalidated)
1154 silly packumentCache full:https://registry.npmjs.org/@unrs%2fresolver-binding-linux-riscv64-gnu set size:50987 disposed:false
1155 http fetch GET 200 https://registry.npmjs.org/@unrs%2fresolver-binding-linux-riscv64-musl 117ms (cache revalidated)
1156 silly packumentCache full:https://registry.npmjs.org/@unrs%2fresolver-binding-linux-riscv64-musl set size:40293 disposed:false
1157 http fetch GET 200 https://registry.npmjs.org/@unrs%2fresolver-binding-darwin-x64 109ms (cache revalidated)
1158 silly packumentCache full:https://registry.npmjs.org/@unrs%2fresolver-binding-darwin-x64 set size:57901 disposed:false
1159 http fetch GET 200 https://registry.npmjs.org/@unrs%2fresolver-binding-linux-s390x-gnu 121ms (cache revalidated)
1160 silly packumentCache full:https://registry.npmjs.org/@unrs%2fresolver-binding-linux-s390x-gnu set size:59697 disposed:false
1161 http fetch GET 200 https://registry.npmjs.org/@unrs%2fresolver-binding-darwin-arm64 103ms (cache revalidated)
1162 silly packumentCache full:https://registry.npmjs.org/@unrs%2fresolver-binding-darwin-arm64 set size:58434 disposed:false
1163 http fetch GET 200 https://registry.npmjs.org/@unrs%2fresolver-binding-wasm32-wasi 101ms (cache revalidated)
1164 silly packumentCache full:https://registry.npmjs.org/@unrs%2fresolver-binding-wasm32-wasi set size:61704 disposed:false
1165 silly placeDep ROOT @rtsao/scc@1.1.0 OK for: eslint-plugin-import@2.32.0 want: ^1.1.0
1166 silly placeDep ROOT array-includes@3.1.9 OK for: eslint-plugin-import@2.32.0 want: ^3.1.9
1167 silly placeDep ROOT array.prototype.findlastindex@1.2.6 OK for: eslint-plugin-import@2.32.0 want: ^1.2.6
1168 silly placeDep ROOT array.prototype.flat@1.3.3 OK for: eslint-plugin-import@2.32.0 want: ^1.3.3
1169 silly placeDep ROOT array.prototype.flatmap@1.3.3 OK for: eslint-plugin-import@2.32.0 want: ^1.3.3
1170 silly placeDep node_modules/eslint-plugin-import debug@3.2.7 OK for: eslint-plugin-import@2.32.0 want: ^3.2.7
1171 silly placeDep ROOT doctrine@2.1.0 OK for: eslint-plugin-import@2.32.0 want: ^2.1.0
1172 silly placeDep ROOT eslint-module-utils@2.12.1 OK for: eslint-plugin-import@2.32.0 want: ^2.12.1
1173 silly placeDep ROOT hasown@2.0.3 OK for: eslint-plugin-import@2.32.0 want: ^2.0.2
1174 silly placeDep ROOT object.fromentries@2.0.8 OK for: eslint-plugin-import@2.32.0 want: ^2.0.8
1175 silly placeDep ROOT object.groupby@1.0.3 OK for: eslint-plugin-import@2.32.0 want: ^1.0.3
1176 silly placeDep ROOT object.values@1.2.1 OK for: eslint-plugin-import@2.32.0 want: ^1.2.1
1177 silly placeDep ROOT semver@6.3.1 OK for: eslint-plugin-import@2.32.0 want: ^6.3.1
1178 silly placeDep ROOT string.prototype.trimend@1.0.9 OK for: eslint-plugin-import@2.32.0 want: ^1.0.9
1179 silly placeDep ROOT tsconfig-paths@3.15.0 OK for: eslint-plugin-import@2.32.0 want: ^3.15.0
1180 silly fetch manifest call-bind@^1.0.8
1181 silly packumentCache full:https://registry.npmjs.org/call-bind cache-miss
1182 silly fetch manifest call-bound@^1.0.4
1183 silly packumentCache full:https://registry.npmjs.org/call-bound cache-miss
1184 silly fetch manifest define-properties@^1.2.1
1185 silly packumentCache full:https://registry.npmjs.org/define-properties cache-miss
1186 silly fetch manifest es-abstract@^1.24.0
1187 silly packumentCache full:https://registry.npmjs.org/es-abstract cache-miss
1188 silly fetch manifest es-object-atoms@^1.1.1
1189 silly packumentCache full:https://registry.npmjs.org/es-object-atoms cache-miss
1190 silly fetch manifest get-intrinsic@^1.3.0
1191 silly packumentCache full:https://registry.npmjs.org/get-intrinsic cache-miss
1192 silly fetch manifest is-string@^1.1.1
1193 silly packumentCache full:https://registry.npmjs.org/is-string cache-miss
1194 http fetch GET 200 https://registry.npmjs.org/call-bind 92ms (cache revalidated)
1195 silly packumentCache full:https://registry.npmjs.org/call-bind set size:32985 disposed:false
1196 silly fetch manifest math-intrinsics@^1.1.0
1197 silly packumentCache full:https://registry.npmjs.org/math-intrinsics cache-miss
1198 http fetch GET 200 https://registry.npmjs.org/es-object-atoms 101ms (cache revalidated)
1199 silly packumentCache full:https://registry.npmjs.org/es-object-atoms set size:15304 disposed:false
1200 silly fetch manifest call-bound@^1.0.4
1201 silly packumentCache full:https://registry.npmjs.org/call-bound cache-miss
1202 http fetch GET 200 https://registry.npmjs.org/es-abstract 103ms (cache revalidated)
1203 silly packumentCache full:https://registry.npmjs.org/es-abstract set size:384124 disposed:false
1204 silly fetch manifest define-properties@^1.2.1
1205 silly packumentCache full:https://registry.npmjs.org/define-properties cache-miss
1206 http fetch GET 200 https://registry.npmjs.org/define-properties 114ms (cache revalidated)
1207 silly packumentCache full:https://registry.npmjs.org/define-properties set size:31491 disposed:false
1208 silly fetch manifest es-abstract@^1.23.9
1209 silly packumentCache full:https://registry.npmjs.org/es-abstract cache-hit
1210 silly fetch manifest es-shim-unscopables@^1.1.0
1211 silly packumentCache full:https://registry.npmjs.org/es-shim-unscopables cache-miss
1212 http fetch GET 200 https://registry.npmjs.org/call-bound 118ms (cache revalidated)
1213 silly packumentCache full:https://registry.npmjs.org/call-bound set size:15317 disposed:false
1214 silly fetch manifest es-abstract@^1.23.5
1215 silly packumentCache full:https://registry.npmjs.org/es-abstract cache-hit
1216 silly fetch manifest es-shim-unscopables@^1.0.2
1217 silly packumentCache full:https://registry.npmjs.org/es-shim-unscopables cache-miss
1218 http fetch GET 200 https://registry.npmjs.org/is-string 122ms (cache revalidated)
1219 silly packumentCache full:https://registry.npmjs.org/is-string set size:29636 disposed:false
1220 silly fetch manifest es-shim-unscopables@^1.0.2
1221 silly packumentCache full:https://registry.npmjs.org/es-shim-unscopables cache-miss
1222 http fetch GET 200 https://registry.npmjs.org/get-intrinsic 129ms (cache revalidated)
1223 silly packumentCache full:https://registry.npmjs.org/get-intrinsic set size:60985 disposed:false
1224 silly fetch manifest function-bind@^1.1.2
1225 silly packumentCache full:https://registry.npmjs.org/function-bind cache-miss
1226 http fetch GET 200 https://registry.npmjs.org/math-intrinsics 115ms (cache revalidated)
1227 silly packumentCache full:https://registry.npmjs.org/math-intrinsics set size:9265 disposed:false
1228 silly fetch manifest call-bind@^1.0.7
1229 silly packumentCache full:https://registry.npmjs.org/call-bind cache-hit
1230 silly fetch manifest es-abstract@^1.23.2
1231 silly packumentCache full:https://registry.npmjs.org/es-abstract cache-hit
1232 silly fetch manifest es-object-atoms@^1.0.0
1233 silly packumentCache full:https://registry.npmjs.org/es-object-atoms cache-hit
1234 silly fetch manifest call-bound@^1.0.3
1235 silly packumentCache full:https://registry.npmjs.org/call-bound cache-hit
1236 silly fetch manifest call-bound@^1.0.2
1237 silly packumentCache full:https://registry.npmjs.org/call-bound cache-hit
1238 silly fetch manifest json5@^1.0.2
1239 silly packumentCache full:https://registry.npmjs.org/json5 cache-miss
1240 http fetch GET 200 https://registry.npmjs.org/define-properties 111ms (cache revalidated)
1241 silly packumentCache full:https://registry.npmjs.org/define-properties set size:31491 disposed:false
1242 silly packumentCache full:https://registry.npmjs.org/define-properties dispose
1243 silly fetch manifest minimist@^1.2.6
1244 silly packumentCache full:https://registry.npmjs.org/minimist cache-miss
1245 http fetch GET 200 https://registry.npmjs.org/call-bound 119ms (cache revalidated)
1246 silly packumentCache full:https://registry.npmjs.org/call-bound set size:15317 disposed:false
1247 silly packumentCache full:https://registry.npmjs.org/call-bound dispose
1248 silly fetch manifest strip-bom@^3.0.0
1249 silly packumentCache full:https://registry.npmjs.org/strip-bom cache-miss
1250 http fetch GET 200 https://registry.npmjs.org/es-shim-unscopables 121ms (cache revalidated)
1251 silly packumentCache full:https://registry.npmjs.org/es-shim-unscopables set size:13965 disposed:false
1252 silly fetch manifest @types/json5@^0.0.29
1253 silly packumentCache full:https://registry.npmjs.org/@types%2fjson5 cache-miss
1254 http fetch GET 200 https://registry.npmjs.org/es-shim-unscopables 132ms (cache revalidated)
1255 silly packumentCache full:https://registry.npmjs.org/es-shim-unscopables set size:13965 disposed:false
1256 silly packumentCache full:https://registry.npmjs.org/es-shim-unscopables dispose
1257 http fetch GET 200 https://registry.npmjs.org/function-bind 118ms (cache revalidated)
1258 silly packumentCache full:https://registry.npmjs.org/function-bind set size:15733 disposed:false
1259 http fetch GET 200 https://registry.npmjs.org/es-shim-unscopables 132ms (cache revalidated)
1260 silly packumentCache full:https://registry.npmjs.org/es-shim-unscopables set size:13965 disposed:true
1261 silly packumentCache full:https://registry.npmjs.org/es-shim-unscopables dispose
1262 http fetch GET 200 https://registry.npmjs.org/json5 90ms (cache revalidated)
1263 silly packumentCache full:https://registry.npmjs.org/json5 set size:86136 disposed:false
1264 http fetch GET 200 https://registry.npmjs.org/minimist 92ms (cache revalidated)
1265 silly packumentCache full:https://registry.npmjs.org/minimist set size:77063 disposed:false
1266 http fetch GET 200 https://registry.npmjs.org/strip-bom 93ms (cache revalidated)
1267 silly packumentCache full:https://registry.npmjs.org/strip-bom set size:19359 disposed:false
1268 http fetch GET 200 https://registry.npmjs.org/@types%2fjson5 95ms (cache revalidated)
1269 silly packumentCache full:https://registry.npmjs.org/@types%2fjson5 set size:19581 disposed:false
1270 silly placeDep ROOT call-bind@1.0.9 OK for: array-includes@3.1.9 want: ^1.0.8
1271 silly placeDep ROOT call-bound@1.0.4 OK for: array-includes@3.1.9 want: ^1.0.4
1272 silly placeDep ROOT define-properties@1.2.1 OK for: array-includes@3.1.9 want: ^1.2.1
1273 silly placeDep ROOT es-abstract@1.24.2 OK for: array-includes@3.1.9 want: ^1.24.0
1274 silly placeDep ROOT es-object-atoms@1.1.1 OK for: array-includes@3.1.9 want: ^1.1.1
1275 silly placeDep ROOT get-intrinsic@1.3.0 OK for: array-includes@3.1.9 want: ^1.3.0
1276 silly placeDep ROOT is-string@1.1.1 OK for: array-includes@3.1.9 want: ^1.1.1
1277 silly placeDep ROOT math-intrinsics@1.1.0 OK for: array-includes@3.1.9 want: ^1.1.0
1278 silly fetch manifest call-bind-apply-helpers@^1.0.2
1279 silly packumentCache full:https://registry.npmjs.org/call-bind-apply-helpers cache-miss
1280 silly fetch manifest es-define-property@^1.0.1
1281 silly packumentCache full:https://registry.npmjs.org/es-define-property cache-miss
1282 silly fetch manifest set-function-length@^1.2.2
1283 silly packumentCache full:https://registry.npmjs.org/set-function-length cache-miss
1284 silly fetch manifest call-bind-apply-helpers@^1.0.2
1285 silly packumentCache full:https://registry.npmjs.org/call-bind-apply-helpers cache-miss
1286 silly fetch manifest define-data-property@^1.0.1
1287 silly packumentCache full:https://registry.npmjs.org/define-data-property cache-miss
1288 silly fetch manifest has-property-descriptors@^1.0.0
1289 silly packumentCache full:https://registry.npmjs.org/has-property-descriptors cache-miss
1290 silly fetch manifest array-buffer-byte-length@^1.0.2
1291 silly packumentCache full:https://registry.npmjs.org/array-buffer-byte-length cache-miss
1292 http fetch GET 200 https://registry.npmjs.org/es-define-property 98ms (cache revalidated)
1293 silly packumentCache full:https://registry.npmjs.org/es-define-property set size:8542 disposed:false
1294 silly fetch manifest arraybuffer.prototype.slice@^1.0.4
1295 silly packumentCache full:https://registry.npmjs.org/arraybuffer.prototype.slice cache-miss
1296 http fetch GET 200 https://registry.npmjs.org/call-bind-apply-helpers 105ms (cache revalidated)
1297 silly packumentCache full:https://registry.npmjs.org/call-bind-apply-helpers set size:12744 disposed:false
1298 silly fetch manifest available-typed-arrays@^1.0.7
1299 silly packumentCache full:https://registry.npmjs.org/available-typed-arrays cache-miss
1300 http fetch GET 200 https://registry.npmjs.org/define-data-property 106ms (cache revalidated)
1301 silly packumentCache full:https://registry.npmjs.org/define-data-property set size:28048 disposed:false
1302 silly fetch manifest data-view-buffer@^1.0.2
1303 silly packumentCache full:https://registry.npmjs.org/data-view-buffer cache-miss
1304 http fetch GET 200 https://registry.npmjs.org/call-bind-apply-helpers 111ms (cache revalidated)
1305 silly packumentCache full:https://registry.npmjs.org/call-bind-apply-helpers set size:12744 disposed:false
1306 silly packumentCache full:https://registry.npmjs.org/call-bind-apply-helpers dispose
1307 silly fetch manifest data-view-byte-length@^1.0.2
1308 silly packumentCache full:https://registry.npmjs.org/data-view-byte-length cache-miss
1309 http fetch GET 200 https://registry.npmjs.org/has-property-descriptors 112ms (cache revalidated)
1310 silly packumentCache full:https://registry.npmjs.org/has-property-descriptors set size:12452 disposed:false
1311 silly fetch manifest data-view-byte-offset@^1.0.1
1312 silly packumentCache full:https://registry.npmjs.org/data-view-byte-offset cache-miss
1313 http fetch GET 200 https://registry.npmjs.org/array-buffer-byte-length 114ms (cache revalidated)
1314 silly packumentCache full:https://registry.npmjs.org/array-buffer-byte-length set size:13099 disposed:false
1315 silly fetch manifest es-set-tostringtag@^2.1.0
1316 silly packumentCache full:https://registry.npmjs.org/es-set-tostringtag cache-miss
1317 http fetch GET 200 https://registry.npmjs.org/set-function-length 119ms (cache revalidated)
1318 silly packumentCache full:https://registry.npmjs.org/set-function-length set size:24261 disposed:false
1319 silly fetch manifest es-to-primitive@^1.3.0
1320 silly packumentCache full:https://registry.npmjs.org/es-to-primitive cache-miss
1321 http fetch GET 200 https://registry.npmjs.org/arraybuffer.prototype.slice 100ms (cache revalidated)
1322 silly packumentCache full:https://registry.npmjs.org/arraybuffer.prototype.slice set size:20917 disposed:false
1323 silly fetch manifest function.prototype.name@^1.1.8
1324 silly packumentCache full:https://registry.npmjs.org/function.prototype.name cache-miss
1325 http fetch GET 200 https://registry.npmjs.org/data-view-buffer 108ms (cache revalidated)
1326 silly packumentCache full:https://registry.npmjs.org/data-view-buffer set size:11789 disposed:false
1327 silly fetch manifest get-proto@^1.0.1
1328 silly packumentCache full:https://registry.npmjs.org/get-proto cache-miss
1329 http fetch GET 200 https://registry.npmjs.org/available-typed-arrays 113ms (cache revalidated)
1330 silly packumentCache full:https://registry.npmjs.org/available-typed-arrays set size:31390 disposed:false
1331 silly fetch manifest get-symbol-description@^1.1.0
1332 silly packumentCache full:https://registry.npmjs.org/get-symbol-description cache-miss
1333 http fetch GET 200 https://registry.npmjs.org/es-to-primitive 101ms (cache revalidated)
1334 silly packumentCache full:https://registry.npmjs.org/es-to-primitive set size:22465 disposed:false
1335 silly fetch manifest globalthis@^1.0.4
1336 silly packumentCache full:https://registry.npmjs.org/globalthis cache-miss
1337 http fetch GET 200 https://registry.npmjs.org/data-view-byte-length 115ms (cache revalidated)
1338 silly packumentCache full:https://registry.npmjs.org/data-view-byte-length set size:12269 disposed:false
1339 silly fetch manifest gopd@^1.2.0
1340 silly packumentCache full:https://registry.npmjs.org/gopd cache-miss
1341 http fetch GET 200 https://registry.npmjs.org/es-set-tostringtag 112ms (cache revalidated)
1342 silly packumentCache full:https://registry.npmjs.org/es-set-tostringtag set size:22094 disposed:false
1343 silly fetch manifest has-property-descriptors@^1.0.2
1344 silly packumentCache full:https://registry.npmjs.org/has-property-descriptors cache-hit
1345 silly fetch manifest has-proto@^1.2.0
1346 silly packumentCache full:https://registry.npmjs.org/has-proto cache-miss
1347 http fetch GET 200 https://registry.npmjs.org/data-view-byte-offset 120ms (cache revalidated)
1348 silly packumentCache full:https://registry.npmjs.org/data-view-byte-offset set size:9200 disposed:false
1349 silly fetch manifest has-symbols@^1.1.0
1350 silly packumentCache full:https://registry.npmjs.org/has-symbols cache-miss
1351 http fetch GET 200 https://registry.npmjs.org/function.prototype.name 113ms (cache revalidated)
1352 silly packumentCache full:https://registry.npmjs.org/function.prototype.name set size:44756 disposed:false
1353 silly fetch manifest internal-slot@^1.1.0
1354 silly packumentCache full:https://registry.npmjs.org/internal-slot cache-miss
1355 http fetch GET 200 https://registry.npmjs.org/get-symbol-description 107ms (cache revalidated)
1356 silly packumentCache full:https://registry.npmjs.org/get-symbol-description set size:15540 disposed:false
1357 silly fetch manifest is-array-buffer@^3.0.5
1358 silly packumentCache full:https://registry.npmjs.org/is-array-buffer cache-miss
1359 http fetch GET 200 https://registry.npmjs.org/globalthis 107ms (cache revalidated)
1360 silly packumentCache full:https://registry.npmjs.org/globalthis set size:22522 disposed:false
1361 silly fetch manifest is-callable@^1.2.7
1362 silly packumentCache full:https://registry.npmjs.org/is-callable cache-miss
1363 http fetch GET 200 https://registry.npmjs.org/get-proto 116ms (cache revalidated)
1364 silly packumentCache full:https://registry.npmjs.org/get-proto set size:8300 disposed:false
1365 silly fetch manifest is-data-view@^1.0.2
1366 silly packumentCache full:https://registry.npmjs.org/is-data-view cache-miss
1367 http fetch GET 200 https://registry.npmjs.org/has-symbols 100ms (cache revalidated)
1368 silly packumentCache full:https://registry.npmjs.org/has-symbols set size:21550 disposed:false
1369 silly fetch manifest is-negative-zero@^2.0.3
1370 silly packumentCache full:https://registry.npmjs.org/is-negative-zero cache-miss
1371 http fetch GET 200 https://registry.npmjs.org/has-proto 112ms (cache revalidated)
1372 silly packumentCache full:https://registry.npmjs.org/has-proto set size:21527 disposed:false
1373 silly fetch manifest is-regex@^1.2.1
1374 silly packumentCache full:https://registry.npmjs.org/is-regex cache-miss
1375 http fetch GET 200 https://registry.npmjs.org/gopd 120ms (cache revalidated)
1376 silly packumentCache full:https://registry.npmjs.org/gopd set size:11458 disposed:false
1377 silly fetch manifest is-set@^2.0.3
1378 silly packumentCache full:https://registry.npmjs.org/is-set cache-miss
1379 http fetch GET 200 https://registry.npmjs.org/internal-slot 101ms (cache revalidated)
1380 silly packumentCache full:https://registry.npmjs.org/internal-slot set size:30267 disposed:false
1381 silly fetch manifest is-shared-array-buffer@^1.0.4
1382 silly packumentCache full:https://registry.npmjs.org/is-shared-array-buffer cache-miss
1383 http fetch GET 200 https://registry.npmjs.org/is-callable 101ms (cache revalidated)
1384 silly packumentCache full:https://registry.npmjs.org/is-callable set size:66606 disposed:false
1385 silly fetch manifest is-typed-array@^1.1.15
1386 silly packumentCache full:https://registry.npmjs.org/is-typed-array cache-miss
1387 http fetch GET 200 https://registry.npmjs.org/is-array-buffer 113ms (cache revalidated)
1388 silly packumentCache full:https://registry.npmjs.org/is-array-buffer set size:33562 disposed:false
1389 silly fetch manifest is-weakref@^1.1.1
1390 silly packumentCache full:https://registry.npmjs.org/is-weakref cache-miss
1391 http fetch GET 200 https://registry.npmjs.org/is-set 99ms (cache revalidated)
1392 silly packumentCache full:https://registry.npmjs.org/is-set set size:16614 disposed:false
1393 silly fetch manifest object-inspect@^1.13.4
1394 silly packumentCache full:https://registry.npmjs.org/object-inspect cache-miss
1395 http fetch GET 200 https://registry.npmjs.org/is-data-view 115ms (cache revalidated)
1396 silly packumentCache full:https://registry.npmjs.org/is-data-view set size:13756 disposed:false
1397 silly fetch manifest object.assign@^4.1.7
1398 silly packumentCache full:https://registry.npmjs.org/object.assign cache-miss
1399 http fetch GET 200 https://registry.npmjs.org/is-regex 111ms (cache revalidated)
1400 silly packumentCache full:https://registry.npmjs.org/is-regex set size:42924 disposed:false
1401 silly fetch manifest own-keys@^1.0.1
1402 silly packumentCache full:https://registry.npmjs.org/own-keys cache-miss
1403 http fetch GET 200 https://registry.npmjs.org/is-negative-zero 121ms (cache revalidated)
1404 silly packumentCache full:https://registry.npmjs.org/is-negative-zero set size:22152 disposed:false
1405 silly fetch manifest regexp.prototype.flags@^1.5.4
1406 silly packumentCache full:https://registry.npmjs.org/regexp.prototype.flags cache-miss
1407 http fetch GET 200 https://registry.npmjs.org/is-shared-array-buffer 84ms (cache revalidated)
1408 silly packumentCache full:https://registry.npmjs.org/is-shared-array-buffer set size:19880 disposed:false
1409 silly fetch manifest safe-array-concat@^1.1.3
1410 silly packumentCache full:https://registry.npmjs.org/safe-array-concat cache-miss
1411 http fetch GET 200 https://registry.npmjs.org/is-typed-array 103ms (cache revalidated)
1412 silly packumentCache full:https://registry.npmjs.org/is-typed-array set size:79965 disposed:false
1413 silly fetch manifest safe-push-apply@^1.0.0
1414 silly packumentCache full:https://registry.npmjs.org/safe-push-apply cache-miss
1415 http fetch GET 200 https://registry.npmjs.org/is-weakref 103ms (cache revalidated)
1416 silly packumentCache full:https://registry.npmjs.org/is-weakref set size:18473 disposed:false
1417 silly fetch manifest safe-regex-test@^1.1.0
1418 silly packumentCache full:https://registry.npmjs.org/safe-regex-test cache-hit
1419 silly fetch manifest set-proto@^1.0.0
1420 silly packumentCache full:https://registry.npmjs.org/set-proto cache-miss
1421 http fetch GET 200 https://registry.npmjs.org/object-inspect 107ms (cache revalidated)
1422 silly packumentCache full:https://registry.npmjs.org/object-inspect set size:101912 disposed:false
1423 silly fetch manifest stop-iteration-iterator@^1.1.0
1424 silly packumentCache full:https://registry.npmjs.org/stop-iteration-iterator cache-miss
1425 http fetch GET 200 https://registry.npmjs.org/object.assign 110ms (cache revalidated)
1426 silly packumentCache full:https://registry.npmjs.org/object.assign set size:85907 disposed:false
1427 silly fetch manifest string.prototype.trim@^1.2.10
1428 silly packumentCache full:https://registry.npmjs.org/string.prototype.trim cache-miss
1429 http fetch GET 200 https://registry.npmjs.org/own-keys 107ms (cache revalidated)
1430 silly packumentCache full:https://registry.npmjs.org/own-keys set size:8735 disposed:false
1431 silly fetch manifest string.prototype.trimstart@^1.0.8
1432 silly packumentCache full:https://registry.npmjs.org/string.prototype.trimstart cache-miss
1433 http fetch GET 200 https://registry.npmjs.org/regexp.prototype.flags 109ms (cache revalidated)
1434 silly packumentCache full:https://registry.npmjs.org/regexp.prototype.flags set size:60621 disposed:false
1435 silly fetch manifest typed-array-buffer@^1.0.3
1436 silly packumentCache full:https://registry.npmjs.org/typed-array-buffer cache-miss
1437 http fetch GET 200 https://registry.npmjs.org/safe-array-concat 84ms (cache revalidated)
1438 silly packumentCache full:https://registry.npmjs.org/safe-array-concat set size:25516 disposed:false
1439 silly fetch manifest typed-array-byte-length@^1.0.3
1440 silly packumentCache full:https://registry.npmjs.org/typed-array-byte-length cache-miss
1441 http fetch GET 200 https://registry.npmjs.org/safe-push-apply 98ms (cache revalidated)
1442 silly packumentCache full:https://registry.npmjs.org/safe-push-apply set size:5759 disposed:false
1443 silly fetch manifest typed-array-byte-offset@^1.0.4
1444 silly packumentCache full:https://registry.npmjs.org/typed-array-byte-offset cache-miss
1445 http fetch GET 200 https://registry.npmjs.org/set-proto 103ms (cache revalidated)
1446 silly packumentCache full:https://registry.npmjs.org/set-proto set size:5334 disposed:false
1447 silly fetch manifest typed-array-length@^1.0.7
1448 silly packumentCache full:https://registry.npmjs.org/typed-array-length cache-miss
1449 http fetch GET 200 https://registry.npmjs.org/stop-iteration-iterator 105ms (cache revalidated)
1450 silly packumentCache full:https://registry.npmjs.org/stop-iteration-iterator set size:9160 disposed:false
1451 silly fetch manifest unbox-primitive@^1.1.0
1452 silly packumentCache full:https://registry.npmjs.org/unbox-primitive cache-miss
1453 http fetch GET 200 https://registry.npmjs.org/string.prototype.trim 101ms (cache revalidated)
1454 silly packumentCache full:https://registry.npmjs.org/string.prototype.trim set size:54116 disposed:false
1455 silly fetch manifest which-typed-array@^1.1.19
1456 silly packumentCache full:https://registry.npmjs.org/which-typed-array cache-miss
1457 http fetch GET 200 https://registry.npmjs.org/string.prototype.trimstart 101ms (cache revalidated)
1458 silly packumentCache full:https://registry.npmjs.org/string.prototype.trimstart set size:38291 disposed:false
1459 silly fetch manifest has-tostringtag@^1.0.2
1460 silly packumentCache full:https://registry.npmjs.org/has-tostringtag cache-miss
1461 http fetch GET 200 https://registry.npmjs.org/typed-array-buffer 105ms (cache revalidated)
1462 silly packumentCache full:https://registry.npmjs.org/typed-array-buffer set size:14045 disposed:false
1463 http fetch GET 200 https://registry.npmjs.org/typed-array-byte-length 91ms (cache revalidated)
1464 silly packumentCache full:https://registry.npmjs.org/typed-array-byte-length set size:18382 disposed:false
1465 http fetch GET 200 https://registry.npmjs.org/typed-array-byte-offset 81ms (cache revalidated)
1466 silly packumentCache full:https://registry.npmjs.org/typed-array-byte-offset set size:21714 disposed:false
1467 http fetch GET 200 https://registry.npmjs.org/typed-array-length 99ms (cache revalidated)
1468 silly packumentCache full:https://registry.npmjs.org/typed-array-length set size:32113 disposed:false
1469 http fetch GET 200 https://registry.npmjs.org/which-typed-array 97ms (cache revalidated)
1470 silly packumentCache full:https://registry.npmjs.org/which-typed-array set size:93605 disposed:false
1471 http fetch GET 200 https://registry.npmjs.org/unbox-primitive 107ms (cache revalidated)
1472 silly packumentCache full:https://registry.npmjs.org/unbox-primitive set size:15669 disposed:false
1473 http fetch GET 200 https://registry.npmjs.org/has-tostringtag 100ms (cache revalidated)
1474 silly packumentCache full:https://registry.npmjs.org/has-tostringtag set size:13945 disposed:false
1475 silly placeDep ROOT es-errors@1.3.0 OK for: array.prototype.findlastindex@1.2.6 want: ^1.3.0
1476 silly placeDep ROOT es-shim-unscopables@1.1.0 OK for: array.prototype.findlastindex@1.2.6 want: ^1.1.0
1477 silly placeDep ROOT call-bind-apply-helpers@1.0.2 OK for: call-bind@1.0.9 want: ^1.0.2
1478 silly placeDep ROOT es-define-property@1.0.1 OK for: call-bind@1.0.9 want: ^1.0.1
1479 silly placeDep ROOT set-function-length@1.2.2 OK for: call-bind@1.0.9 want: ^1.2.2
1480 silly fetch manifest define-data-property@^1.1.4
1481 silly packumentCache full:https://registry.npmjs.org/define-data-property cache-hit
1482 silly fetch manifest gopd@^1.0.1
1483 silly packumentCache full:https://registry.npmjs.org/gopd cache-hit
1484 silly placeDep ROOT function-bind@1.1.2 OK for: call-bind-apply-helpers@1.0.2 want: ^1.1.2
1485 silly placeDep ROOT define-data-property@1.1.4 OK for: define-properties@1.2.1 want: ^1.0.1
1486 silly placeDep ROOT has-property-descriptors@1.0.2 OK for: define-properties@1.2.1 want: ^1.0.0
1487 silly placeDep ROOT object-keys@1.1.1 OK for: define-properties@1.2.1 want: ^1.1.1
1488 silly placeDep ROOT gopd@1.2.0 OK for: define-data-property@1.1.4 want: ^1.0.1
1489 silly placeDep ROOT array-buffer-byte-length@1.0.2 OK for: es-abstract@1.24.2 want: ^1.0.2
1490 silly placeDep ROOT arraybuffer.prototype.slice@1.0.4 OK for: es-abstract@1.24.2 want: ^1.0.4
1491 silly placeDep ROOT available-typed-arrays@1.0.7 OK for: es-abstract@1.24.2 want: ^1.0.7
1492 silly placeDep ROOT data-view-buffer@1.0.2 OK for: es-abstract@1.24.2 want: ^1.0.2
1493 silly placeDep ROOT data-view-byte-length@1.0.2 OK for: es-abstract@1.24.2 want: ^1.0.2
1494 silly placeDep ROOT data-view-byte-offset@1.0.1 OK for: es-abstract@1.24.2 want: ^1.0.1
1495 silly placeDep ROOT es-set-tostringtag@2.1.0 OK for: es-abstract@1.24.2 want: ^2.1.0
1496 silly placeDep ROOT es-to-primitive@1.3.0 OK for: es-abstract@1.24.2 want: ^1.3.0
1497 silly placeDep ROOT function.prototype.name@1.1.8 OK for: es-abstract@1.24.2 want: ^1.1.8
1498 silly placeDep ROOT get-proto@1.0.1 OK for: es-abstract@1.24.2 want: ^1.0.1
1499 silly placeDep ROOT get-symbol-description@1.1.0 OK for: es-abstract@1.24.2 want: ^1.1.0
1500 silly placeDep ROOT globalthis@1.0.4 OK for: es-abstract@1.24.2 want: ^1.0.4
1501 silly placeDep ROOT has-proto@1.2.0 OK for: es-abstract@1.24.2 want: ^1.2.0
1502 silly placeDep ROOT has-symbols@1.1.0 OK for: es-abstract@1.24.2 want: ^1.1.0
1503 silly placeDep ROOT internal-slot@1.1.0 OK for: es-abstract@1.24.2 want: ^1.1.0
1504 silly placeDep ROOT is-array-buffer@3.0.5 OK for: es-abstract@1.24.2 want: ^3.0.5
1505 silly placeDep ROOT is-callable@1.2.7 OK for: es-abstract@1.24.2 want: ^1.2.7
1506 silly placeDep ROOT is-data-view@1.0.2 OK for: es-abstract@1.24.2 want: ^1.0.2
1507 silly placeDep ROOT is-negative-zero@2.0.3 OK for: es-abstract@1.24.2 want: ^2.0.3
1508 silly placeDep ROOT is-regex@1.2.1 OK for: es-abstract@1.24.2 want: ^1.2.1
1509 silly placeDep ROOT is-set@2.0.3 OK for: es-abstract@1.24.2 want: ^2.0.3
1510 silly placeDep ROOT is-shared-array-buffer@1.0.4 OK for: es-abstract@1.24.2 want: ^1.0.4
1511 silly placeDep ROOT is-typed-array@1.1.15 OK for: es-abstract@1.24.2 want: ^1.1.15
1512 silly placeDep ROOT is-weakref@1.1.1 OK for: es-abstract@1.24.2 want: ^1.1.1
1513 silly placeDep ROOT object-inspect@1.13.4 OK for: es-abstract@1.24.2 want: ^1.13.4
1514 silly placeDep ROOT object.assign@4.1.7 OK for: es-abstract@1.24.2 want: ^4.1.7
1515 silly placeDep ROOT own-keys@1.0.1 OK for: es-abstract@1.24.2 want: ^1.0.1
1516 silly placeDep ROOT regexp.prototype.flags@1.5.4 OK for: es-abstract@1.24.2 want: ^1.5.4
1517 silly placeDep ROOT safe-array-concat@1.1.4 OK for: es-abstract@1.24.2 want: ^1.1.3
1518 silly placeDep ROOT safe-push-apply@1.0.0 OK for: es-abstract@1.24.2 want: ^1.0.0
1519 silly placeDep ROOT safe-regex-test@1.1.0 OK for: es-abstract@1.24.2 want: ^1.1.0
1520 silly placeDep ROOT set-proto@1.0.0 OK for: es-abstract@1.24.2 want: ^1.0.0
1521 silly placeDep ROOT stop-iteration-iterator@1.1.0 OK for: es-abstract@1.24.2 want: ^1.1.0
1522 silly placeDep ROOT string.prototype.trim@1.2.10 OK for: es-abstract@1.24.2 want: ^1.2.10
1523 silly placeDep ROOT string.prototype.trimstart@1.0.8 OK for: es-abstract@1.24.2 want: ^1.0.8
1524 silly placeDep ROOT typed-array-buffer@1.0.3 OK for: es-abstract@1.24.2 want: ^1.0.3
1525 silly placeDep ROOT typed-array-byte-length@1.0.3 OK for: es-abstract@1.24.2 want: ^1.0.3
1526 silly placeDep ROOT typed-array-byte-offset@1.0.4 OK for: es-abstract@1.24.2 want: ^1.0.4
1527 silly placeDep ROOT typed-array-length@1.0.7 OK for: es-abstract@1.24.2 want: ^1.0.7
1528 silly placeDep ROOT unbox-primitive@1.1.0 OK for: es-abstract@1.24.2 want: ^1.1.0
1529 silly placeDep ROOT which-typed-array@1.1.20 OK for: es-abstract@1.24.2 want: ^1.1.19
1530 silly fetch manifest is-array-buffer@^3.0.4
1531 silly packumentCache full:https://registry.npmjs.org/is-array-buffer cache-hit
1532 silly fetch manifest possible-typed-array-names@^1.0.0
1533 silly packumentCache full:https://registry.npmjs.org/possible-typed-array-names cache-miss
1534 silly fetch manifest is-data-view@^1.0.1
1535 silly packumentCache full:https://registry.npmjs.org/is-data-view cache-hit
1536 silly fetch manifest is-date-object@^1.0.5
1537 silly packumentCache full:https://registry.npmjs.org/is-date-object cache-miss
1538 silly fetch manifest is-symbol@^1.0.4
1539 silly packumentCache full:https://registry.npmjs.org/is-symbol cache-miss
1540 silly fetch manifest functions-have-names@^1.2.3
1541 silly packumentCache full:https://registry.npmjs.org/functions-have-names cache-miss
1542 silly fetch manifest dunder-proto@^1.0.1
1543 silly packumentCache full:https://registry.npmjs.org/dunder-proto cache-miss
1544 silly fetch manifest dunder-proto@^1.0.0
1545 silly packumentCache full:https://registry.npmjs.org/dunder-proto cache-miss
1546 silly fetch manifest side-channel@^1.1.0
1547 silly packumentCache full:https://registry.npmjs.org/side-channel cache-miss
1548 http fetch GET 200 https://registry.npmjs.org/is-date-object 104ms (cache revalidated)
1549 silly packumentCache full:https://registry.npmjs.org/is-date-object set size:25050 disposed:false
1550 silly fetch manifest is-typed-array@^1.1.13
1551 silly packumentCache full:https://registry.npmjs.org/is-typed-array cache-hit
1552 silly fetch manifest which-typed-array@^1.1.16
1553 silly packumentCache full:https://registry.npmjs.org/which-typed-array cache-hit
1554 silly fetch manifest set-function-name@^2.0.2
1555 silly packumentCache full:https://registry.npmjs.org/set-function-name cache-miss
1556 http fetch GET 200 https://registry.npmjs.org/functions-have-names 108ms (cache revalidated)
1557 silly packumentCache full:https://registry.npmjs.org/functions-have-names set size:24196 disposed:false
1558 silly fetch manifest isarray@^2.0.5
1559 silly packumentCache full:https://registry.npmjs.org/isarray cache-miss
1560 http fetch GET 200 https://registry.npmjs.org/dunder-proto 108ms (cache revalidated)
1561 silly packumentCache full:https://registry.npmjs.org/dunder-proto set size:8256 disposed:false
1562 silly fetch manifest isarray@^2.0.5
1563 silly packumentCache full:https://registry.npmjs.org/isarray cache-miss
1564 http fetch GET 200 https://registry.npmjs.org/is-symbol 112ms (cache revalidated)
1565 silly packumentCache full:https://registry.npmjs.org/is-symbol set size:22675 disposed:false
1566 silly fetch manifest for-each@^0.3.3
1567 silly packumentCache full:https://registry.npmjs.org/for-each cache-miss
1568 http fetch GET 200 https://registry.npmjs.org/possible-typed-array-names 118ms (cache revalidated)
1569 silly packumentCache full:https://registry.npmjs.org/possible-typed-array-names set size:9167 disposed:false
1570 silly fetch manifest for-each@^0.3.3
1571 silly packumentCache full:https://registry.npmjs.org/for-each cache-miss
1572 http fetch GET 200 https://registry.npmjs.org/dunder-proto 119ms (cache revalidated)
1573 silly packumentCache full:https://registry.npmjs.org/dunder-proto set size:8256 disposed:false
1574 silly packumentCache full:https://registry.npmjs.org/dunder-proto dispose
1575 silly fetch manifest reflect.getprototypeof@^1.0.9
1576 silly packumentCache full:https://registry.npmjs.org/reflect.getprototypeof cache-miss
1577 http fetch GET 200 https://registry.npmjs.org/side-channel 121ms (cache revalidated)
1578 silly packumentCache full:https://registry.npmjs.org/side-channel set size:24660 disposed:false
1579 silly fetch manifest for-each@^0.3.3
1580 silly packumentCache full:https://registry.npmjs.org/for-each cache-miss
1581 http fetch GET 200 https://registry.npmjs.org/isarray 103ms (cache revalidated)
1582 silly packumentCache full:https://registry.npmjs.org/isarray set size:17392 disposed:false
1583 silly fetch manifest reflect.getprototypeof@^1.0.6
1584 silly packumentCache full:https://registry.npmjs.org/reflect.getprototypeof cache-miss
1585 http fetch GET 200 https://registry.npmjs.org/set-function-name 114ms (cache revalidated)
1586 silly packumentCache full:https://registry.npmjs.org/set-function-name set size:13766 disposed:false
1587 silly fetch manifest has-bigints@^1.0.2
1588 silly packumentCache full:https://registry.npmjs.org/has-bigints cache-miss
1589 http fetch GET 200 https://registry.npmjs.org/for-each 121ms (cache revalidated)
1590 silly packumentCache full:https://registry.npmjs.org/for-each set size:14327 disposed:false
1591 silly fetch manifest which-boxed-primitive@^1.1.1
1592 silly packumentCache full:https://registry.npmjs.org/which-boxed-primitive cache-miss
1593 http fetch GET 200 https://registry.npmjs.org/for-each 120ms (cache revalidated)
1594 silly packumentCache full:https://registry.npmjs.org/for-each set size:14327 disposed:false
1595 silly packumentCache full:https://registry.npmjs.org/for-each dispose
1596 silly fetch manifest for-each@^0.3.5
1597 silly packumentCache full:https://registry.npmjs.org/for-each cache-hit
1598 http fetch GET 200 https://registry.npmjs.org/isarray 130ms (cache revalidated)
1599 silly packumentCache full:https://registry.npmjs.org/isarray set size:17392 disposed:false
1600 silly packumentCache full:https://registry.npmjs.org/isarray dispose
1601 http fetch GET 200 https://registry.npmjs.org/for-each 114ms (cache revalidated)
1602 silly packumentCache full:https://registry.npmjs.org/for-each set size:14327 disposed:true
1603 silly packumentCache full:https://registry.npmjs.org/for-each dispose
1604 http fetch GET 200 https://registry.npmjs.org/reflect.getprototypeof 118ms (cache revalidated)
1605 silly packumentCache full:https://registry.npmjs.org/reflect.getprototypeof set size:44083 disposed:false
1606 http fetch GET 200 https://registry.npmjs.org/reflect.getprototypeof 109ms (cache revalidated)
1607 silly packumentCache full:https://registry.npmjs.org/reflect.getprototypeof set size:44083 disposed:false
1608 silly packumentCache full:https://registry.npmjs.org/reflect.getprototypeof dispose
1609 http fetch GET 200 https://registry.npmjs.org/has-bigints 108ms (cache revalidated)
1610 silly packumentCache full:https://registry.npmjs.org/has-bigints set size:14176 disposed:false
1611 http fetch GET 200 https://registry.npmjs.org/which-boxed-primitive 100ms (cache revalidated)
1612 silly packumentCache full:https://registry.npmjs.org/which-boxed-primitive set size:19407 disposed:false
1613 silly placeDep ROOT possible-typed-array-names@1.1.0 OK for: available-typed-arrays@1.0.7 want: ^1.0.0
1614 silly placeDep ROOT has-tostringtag@1.0.2 OK for: es-set-tostringtag@2.1.0 want: ^1.0.2
1615 silly placeDep ROOT is-date-object@1.1.0 OK for: es-to-primitive@1.3.0 want: ^1.0.5
1616 silly placeDep ROOT is-symbol@1.1.1 OK for: es-to-primitive@1.3.0 want: ^1.0.4
1617 silly placeDep node_modules/eslint-module-utils debug@3.2.7 OK for: eslint-module-utils@2.12.1 want: ^3.2.7
1618 silly placeDep ROOT aria-query@5.3.2 OK for: eslint-plugin-jsx-a11y@6.10.2 want: ^5.3.2
1619 silly placeDep ROOT ast-types-flow@0.0.8 OK for: eslint-plugin-jsx-a11y@6.10.2 want: ^0.0.8
1620 silly placeDep ROOT axe-core@4.11.3 OK for: eslint-plugin-jsx-a11y@6.10.2 want: ^4.10.0
1621 silly placeDep ROOT axobject-query@4.1.0 OK for: eslint-plugin-jsx-a11y@6.10.2 want: ^4.1.0
1622 silly placeDep ROOT damerau-levenshtein@1.0.8 OK for: eslint-plugin-jsx-a11y@6.10.2 want: ^1.0.8
1623 silly placeDep ROOT emoji-regex@9.2.2 OK for: eslint-plugin-jsx-a11y@6.10.2 want: ^9.2.2
1624 silly placeDep ROOT jsx-ast-utils@3.3.5 OK for: eslint-plugin-jsx-a11y@6.10.2 want: ^3.3.5
1625 silly placeDep ROOT language-tags@1.0.9 OK for: eslint-plugin-jsx-a11y@6.10.2 want: ^1.0.9
1626 silly placeDep ROOT string.prototype.includes@2.0.1 OK for: eslint-plugin-jsx-a11y@6.10.2 want: ^2.0.1
1627 silly fetch manifest language-subtag-registry@^0.3.20
1628 silly packumentCache full:https://registry.npmjs.org/language-subtag-registry cache-miss
1629 http fetch GET 200 https://registry.npmjs.org/language-subtag-registry 92ms (cache revalidated)
1630 silly packumentCache full:https://registry.npmjs.org/language-subtag-registry set size:46437 disposed:false
1631 silly placeDep ROOT array.prototype.findlast@1.2.5 OK for: eslint-plugin-react@7.37.5 want: ^1.2.5
1632 silly placeDep ROOT array.prototype.tosorted@1.1.4 OK for: eslint-plugin-react@7.37.5 want: ^1.1.4
1633 silly placeDep ROOT es-iterator-helpers@1.3.2 OK for: eslint-plugin-react@7.37.5 want: ^1.2.1
1634 silly placeDep ROOT estraverse@5.3.0 OK for: eslint-plugin-react@7.37.5 want: ^5.3.0
1635 silly placeDep ROOT object.entries@1.1.9 OK for: eslint-plugin-react@7.37.5 want: ^1.1.9
1636 silly placeDep ROOT prop-types@15.8.1 OK for: eslint-plugin-react@7.37.5 want: ^15.8.1
1637 silly placeDep ROOT string.prototype.matchall@4.0.12 OK for: eslint-plugin-react@7.37.5 want: ^4.0.12
1638 silly placeDep ROOT string.prototype.repeat@1.0.0 OK for: eslint-plugin-react@7.37.5 want: ^1.0.0
1639 silly fetch manifest iterator.prototype@^1.1.5
1640 silly packumentCache full:https://registry.npmjs.org/iterator.prototype cache-miss
1641 silly fetch manifest loose-envify@^1.4.0
1642 silly packumentCache full:https://registry.npmjs.org/loose-envify cache-miss
1643 silly fetch manifest object-assign@^4.1.1
1644 silly packumentCache full:https://registry.npmjs.org/object-assign cache-miss
1645 silly fetch manifest react-is@^16.13.1
1646 silly packumentCache full:https://registry.npmjs.org/react-is cache-miss
1647 http fetch GET 200 https://registry.npmjs.org/loose-envify 91ms (cache revalidated)
1648 silly packumentCache full:https://registry.npmjs.org/loose-envify set size:12559 disposed:false
1649 http fetch GET 200 https://registry.npmjs.org/iterator.prototype 98ms (cache revalidated)
1650 silly packumentCache full:https://registry.npmjs.org/iterator.prototype set size:26870 disposed:false
1651 http fetch GET 200 https://registry.npmjs.org/object-assign 100ms (cache revalidated)
1652 silly packumentCache full:https://registry.npmjs.org/object-assign set size:28988 disposed:false
1653 http fetch GET 200 https://registry.npmjs.org/react-is 113ms (cache revalidated)
1654 silly packumentCache full:https://registry.npmjs.org/react-is set size:5364656 disposed:false
1655 silly placeDep ROOT iterator.prototype@1.1.5 OK for: es-iterator-helpers@1.3.2 want: ^1.1.5
1656 silly placeDep ROOT @babel/core@7.29.0 OK for: eslint-plugin-react-hooks@7.1.1 want: ^7.24.4
1657 silly placeDep ROOT @babel/parser@7.29.2 OK for: eslint-plugin-react-hooks@7.1.1 want: ^7.24.4
1658 silly placeDep ROOT hermes-parser@0.25.1 OK for: eslint-plugin-react-hooks@7.1.1 want: ^0.25.1
1659 silly placeDep ROOT zod@4.3.6 OK for: eslint-plugin-react-hooks@7.1.1 want: ^3.25.0 || ^4.0.0
1660 silly placeDep ROOT zod-validation-error@4.0.2 OK for: eslint-plugin-react-hooks@7.1.1 want: ^3.5.0 || ^4.0.0
1661 silly fetch manifest json5@^2.2.3
1662 silly packumentCache full:https://registry.npmjs.org/json5 cache-hit
1663 silly fetch manifest gensync@^1.0.0-beta.2
1664 silly packumentCache full:https://registry.npmjs.org/gensync cache-miss
1665 silly fetch manifest @babel/types@^7.29.0
1666 silly packumentCache full:https://registry.npmjs.org/@babel%2ftypes cache-miss
1667 silly fetch manifest @babel/parser@^7.29.0
1668 silly packumentCache full:https://registry.npmjs.org/@babel%2fparser cache-hit
1669 silly fetch manifest @babel/helpers@^7.28.6
1670 silly packumentCache full:https://registry.npmjs.org/@babel%2fhelpers cache-miss
1671 silly fetch manifest @babel/template@^7.28.6
1672 silly packumentCache full:https://registry.npmjs.org/@babel%2ftemplate cache-miss
1673 silly fetch manifest @babel/traverse@^7.29.0
1674 silly packumentCache full:https://registry.npmjs.org/@babel%2ftraverse cache-miss
1675 silly fetch manifest @babel/generator@^7.29.0
1676 silly packumentCache full:https://registry.npmjs.org/@babel%2fgenerator cache-miss
1677 silly fetch manifest @babel/code-frame@^7.29.0
1678 silly packumentCache full:https://registry.npmjs.org/@babel%2fcode-frame cache-miss
1679 http fetch GET 200 https://registry.npmjs.org/gensync 107ms (cache revalidated)
1680 silly packumentCache full:https://registry.npmjs.org/gensync set size:15068 disposed:false
1681 silly fetch manifest convert-source-map@^2.0.0
1682 silly packumentCache full:https://registry.npmjs.org/convert-source-map cache-miss
1683 http fetch GET 200 https://registry.npmjs.org/@babel%2ftypes 115ms (cache revalidated)
1684 silly packumentCache full:https://registry.npmjs.org/@babel%2ftypes set size:487885 disposed:false
1685 silly fetch manifest @babel/helper-module-transforms@^7.28.6
1686 silly packumentCache full:https://registry.npmjs.org/@babel%2fhelper-module-transforms cache-miss
1687 http fetch GET 200 https://registry.npmjs.org/@babel%2fhelpers 142ms (cache revalidated)
1688 silly packumentCache full:https://registry.npmjs.org/@babel%2fhelpers set size:388224 disposed:false
1689 silly fetch manifest @babel/helper-compilation-targets@^7.28.6
1690 silly packumentCache full:https://registry.npmjs.org/@babel%2fhelper-compilation-targets cache-miss
1691 http fetch GET 200 https://registry.npmjs.org/@babel%2ftemplate 150ms (cache revalidated)
1692 silly packumentCache full:https://registry.npmjs.org/@babel%2ftemplate set size:227169 disposed:false
1693 silly fetch manifest hermes-estree@0.25.1
1694 silly packumentCache full:https://registry.npmjs.org/hermes-estree cache-miss
1695 http fetch GET 200 https://registry.npmjs.org/@babel%2fgenerator 152ms (cache revalidated)
1696 silly packumentCache full:https://registry.npmjs.org/@babel%2fgenerator set size:507107 disposed:false
1697 http fetch GET 200 https://registry.npmjs.org/@babel%2fcode-frame 156ms (cache revalidated)
1698 silly packumentCache full:https://registry.npmjs.org/@babel%2fcode-frame set size:196196 disposed:false
1699 http fetch GET 200 https://registry.npmjs.org/@babel%2ftraverse 164ms (cache revalidated)
1700 silly packumentCache full:https://registry.npmjs.org/@babel%2ftraverse set size:548722 disposed:false
1701 http fetch GET 200 https://registry.npmjs.org/convert-source-map 147ms (cache revalidated)
1702 silly packumentCache full:https://registry.npmjs.org/convert-source-map set size:66997 disposed:false
1703 http fetch GET 200 https://registry.npmjs.org/hermes-estree 108ms (cache revalidated)
1704 silly packumentCache full:https://registry.npmjs.org/hermes-estree set size:127958 disposed:false
1705 http fetch GET 200 https://registry.npmjs.org/@babel%2fhelper-module-transforms 136ms (cache revalidated)
1706 silly packumentCache full:https://registry.npmjs.org/@babel%2fhelper-module-transforms set size:333553 disposed:false
1707 http fetch GET 200 https://registry.npmjs.org/@babel%2fhelper-compilation-targets 126ms (cache revalidated)
1708 silly packumentCache full:https://registry.npmjs.org/@babel%2fhelper-compilation-targets set size:218757 disposed:false
1709 silly fetch manifest @babel/core@^7.0.0
1710 silly packumentCache full:https://registry.npmjs.org/@babel%2fcore cache-hit
1711 silly placeDep ROOT @babel/code-frame@7.29.0 OK for: @babel/core@7.29.0 want: ^7.29.0
1712 silly placeDep ROOT @babel/generator@7.29.1 OK for: @babel/core@7.29.0 want: ^7.29.0
1713 silly placeDep ROOT @babel/helper-compilation-targets@7.28.6 OK for: @babel/core@7.29.0 want: ^7.28.6
1714 silly placeDep ROOT @babel/helper-module-transforms@7.28.6 OK for: @babel/core@7.29.0 want: ^7.28.6
1715 silly placeDep ROOT @babel/helpers@7.29.2 OK for: @babel/core@7.29.0 want: ^7.28.6
1716 silly placeDep ROOT @babel/template@7.28.6 OK for: @babel/core@7.29.0 want: ^7.28.6
1717 silly placeDep ROOT @babel/traverse@7.29.0 OK for: @babel/core@7.29.0 want: ^7.29.0
1718 silly placeDep ROOT @babel/types@7.29.0 OK for: @babel/core@7.29.0 want: ^7.29.0
1719 silly placeDep ROOT convert-source-map@2.0.0 OK for: @babel/core@7.29.0 want: ^2.0.0
1720 silly placeDep ROOT gensync@1.0.0-beta.2 OK for: @babel/core@7.29.0 want: ^1.0.0-beta.2
1721 silly placeDep ROOT json5@2.2.3 OK for: @babel/core@7.29.0 want: ^2.2.3
1722 silly fetch manifest js-tokens@^4.0.0
1723 silly packumentCache full:https://registry.npmjs.org/js-tokens cache-miss
1724 silly fetch manifest @babel/helper-validator-identifier@^7.28.5
1725 silly packumentCache full:https://registry.npmjs.org/@babel%2fhelper-validator-identifier cache-miss
1726 silly fetch manifest jsesc@^3.0.2
1727 silly packumentCache full:https://registry.npmjs.org/jsesc cache-miss
1728 silly fetch manifest lru-cache@^5.1.1
1729 silly packumentCache full:https://registry.npmjs.org/lru-cache cache-miss
1730 silly fetch manifest browserslist@^4.24.0
1731 silly packumentCache full:https://registry.npmjs.org/browserslist cache-miss
1732 silly fetch manifest @babel/compat-data@^7.28.6
1733 silly packumentCache full:https://registry.npmjs.org/@babel%2fcompat-data cache-miss
1734 silly fetch manifest @babel/helper-validator-option@^7.27.1
1735 silly packumentCache full:https://registry.npmjs.org/@babel%2fhelper-validator-option cache-miss
1736 http fetch GET 200 https://registry.npmjs.org/js-tokens 99ms (cache revalidated)
1737 silly packumentCache full:https://registry.npmjs.org/js-tokens set size:41947 disposed:false
1738 silly fetch manifest @babel/traverse@^7.28.6
1739 silly packumentCache full:https://registry.npmjs.org/@babel%2ftraverse cache-hit
1740 silly fetch manifest @babel/helper-module-imports@^7.28.6
1741 silly packumentCache full:https://registry.npmjs.org/@babel%2fhelper-module-imports cache-miss
1742 http fetch GET 200 https://registry.npmjs.org/lru-cache 100ms (cache revalidated)
1743 silly packumentCache full:https://registry.npmjs.org/lru-cache set size:439357 disposed:false
1744 silly fetch manifest @babel/helper-validator-identifier@^7.28.5
1745 silly packumentCache full:https://registry.npmjs.org/@babel%2fhelper-validator-identifier cache-miss
1746 http fetch GET 200 https://registry.npmjs.org/@babel%2fhelper-validator-identifier 114ms (cache revalidated)
1747 silly packumentCache full:https://registry.npmjs.org/@babel%2fhelper-validator-identifier set size:116299 disposed:false
1748 silly fetch manifest @babel/types@^7.28.6
1749 silly packumentCache full:https://registry.npmjs.org/@babel%2ftypes cache-hit
1750 silly fetch manifest @babel/helper-globals@^7.28.0
1751 silly packumentCache full:https://registry.npmjs.org/@babel%2fhelper-globals cache-miss
1752 http fetch GET 200 https://registry.npmjs.org/jsesc 124ms (cache revalidated)
1753 silly packumentCache full:https://registry.npmjs.org/jsesc set size:61512 disposed:false
1754 silly fetch manifest @babel/helper-string-parser@^7.27.1
1755 silly packumentCache full:https://registry.npmjs.org/@babel%2fhelper-string-parser cache-miss
1756 http fetch GET 200 https://registry.npmjs.org/@babel%2fhelper-validator-option 123ms (cache revalidated)
1757 silly packumentCache full:https://registry.npmjs.org/@babel%2fhelper-validator-option set size:92248 disposed:false
1758 http fetch GET 200 https://registry.npmjs.org/@babel%2fcompat-data 125ms (cache revalidated)
1759 silly packumentCache full:https://registry.npmjs.org/@babel%2fcompat-data set size:305632 disposed:false
1760 http fetch GET 200 https://registry.npmjs.org/browserslist 132ms (cache revalidated)
1761 silly packumentCache full:https://registry.npmjs.org/browserslist set size:504681 disposed:false
1762 http fetch GET 200 https://registry.npmjs.org/@babel%2fhelper-validator-identifier 131ms (cache revalidated)
1763 silly packumentCache full:https://registry.npmjs.org/@babel%2fhelper-validator-identifier set size:116299 disposed:false
1764 silly packumentCache full:https://registry.npmjs.org/@babel%2fhelper-validator-identifier dispose
1765 http fetch GET 200 https://registry.npmjs.org/@babel%2fhelper-globals 130ms (cache revalidated)
1766 silly packumentCache full:https://registry.npmjs.org/@babel%2fhelper-globals set size:15475 disposed:false
1767 http fetch GET 200 https://registry.npmjs.org/@babel%2fhelper-module-imports 149ms (cache revalidated)
1768 silly packumentCache full:https://registry.npmjs.org/@babel%2fhelper-module-imports set size:193449 disposed:false
1769 http fetch GET 200 https://registry.npmjs.org/@babel%2fhelper-string-parser 124ms (cache revalidated)
1770 silly packumentCache full:https://registry.npmjs.org/@babel%2fhelper-string-parser set size:82028 disposed:false
1771 silly placeDep ROOT @babel/helper-validator-identifier@7.28.5 OK for: @babel/code-frame@7.29.0 want: ^7.28.5
1772 silly placeDep ROOT js-tokens@4.0.0 OK for: @babel/code-frame@7.29.0 want: ^4.0.0
1773 silly placeDep ROOT picocolors@1.1.1 OK for: @babel/code-frame@7.29.0 want: ^1.1.1
1774 silly placeDep ROOT jsesc@3.1.0 OK for: @babel/generator@7.29.1 want: ^3.0.2
1775 silly placeDep ROOT @babel/compat-data@7.29.0 OK for: @babel/helper-compilation-targets@7.28.6 want: ^7.28.6
1776 silly placeDep ROOT @babel/helper-validator-option@7.27.1 OK for: @babel/helper-compilation-targets@7.28.6 want: ^7.27.1
1777 silly placeDep ROOT browserslist@4.28.2 OK for: @babel/helper-compilation-targets@7.28.6 want: ^4.24.0
1778 silly placeDep ROOT lru-cache@5.1.1 OK for: @babel/helper-compilation-targets@7.28.6 want: ^5.1.1
1779 silly fetch manifest baseline-browser-mapping@^2.10.12
1780 silly packumentCache full:https://registry.npmjs.org/baseline-browser-mapping cache-hit
1781 silly fetch manifest caniuse-lite@^1.0.30001782
1782 silly packumentCache full:https://registry.npmjs.org/caniuse-lite cache-miss
1783 silly fetch manifest electron-to-chromium@^1.5.328
1784 silly packumentCache full:https://registry.npmjs.org/electron-to-chromium cache-miss
1785 silly fetch manifest node-releases@^2.0.36
1786 silly packumentCache full:https://registry.npmjs.org/node-releases cache-miss
1787 silly fetch manifest update-browserslist-db@^1.2.3
1788 silly packumentCache full:https://registry.npmjs.org/update-browserslist-db cache-miss
1789 silly fetch manifest yallist@^3.0.2
1790 silly packumentCache full:https://registry.npmjs.org/yallist cache-miss
1791 http fetch GET 200 https://registry.npmjs.org/yallist 110ms (cache revalidated)
1792 silly packumentCache full:https://registry.npmjs.org/yallist set size:34610 disposed:false
1793 http fetch GET 200 https://registry.npmjs.org/caniuse-lite 126ms (cache revalidated)
1794 silly packumentCache full:https://registry.npmjs.org/caniuse-lite set size:2289092 disposed:false
1795 http fetch GET 200 https://registry.npmjs.org/update-browserslist-db 146ms (cache revalidated)
1796 silly packumentCache full:https://registry.npmjs.org/update-browserslist-db set size:62000 disposed:false
1797 http fetch GET 200 https://registry.npmjs.org/node-releases 151ms (cache revalidated)
1798 silly packumentCache full:https://registry.npmjs.org/node-releases set size:273586 disposed:false
1799 http fetch GET 200 https://registry.npmjs.org/electron-to-chromium 164ms (cache revalidated)
1800 silly packumentCache full:https://registry.npmjs.org/electron-to-chromium set size:4769900 disposed:false
1801 silly placeDep ROOT @babel/helper-module-imports@7.28.6 OK for: @babel/helper-module-transforms@7.28.6 want: ^7.28.6
1802 silly placeDep ROOT @babel/helper-globals@7.28.0 OK for: @babel/traverse@7.29.0 want: ^7.28.0
1803 silly placeDep ROOT @babel/helper-string-parser@7.27.1 OK for: @babel/types@7.29.0 want: ^7.27.1
1804 silly fetch manifest browserslist@>= 4.21.0
1805 silly packumentCache full:https://registry.npmjs.org/browserslist cache-hit
1806 silly placeDep ROOT baseline-browser-mapping@2.10.24 OK for: browserslist@4.28.2 want: ^2.10.12
1807 silly placeDep ROOT caniuse-lite@1.0.30001791 OK for: browserslist@4.28.2 want: ^1.0.30001782
1808 silly placeDep ROOT electron-to-chromium@1.5.344 OK for: browserslist@4.28.2 want: ^1.5.328
1809 silly placeDep ROOT node-releases@2.0.38 OK for: browserslist@4.28.2 want: ^2.0.36
1810 silly placeDep ROOT update-browserslist-db@1.2.3 OK for: browserslist@4.28.2 want: ^1.2.3
1811 silly fetch manifest escalade@^3.2.0
1812 silly packumentCache full:https://registry.npmjs.org/escalade cache-miss
1813 http fetch GET 200 https://registry.npmjs.org/escalade 83ms (cache revalidated)
1814 silly packumentCache full:https://registry.npmjs.org/escalade set size:33724 disposed:false
1815 silly placeDep ROOT esrecurse@4.3.0 OK for: eslint-scope@8.4.0 want: ^4.3.0
1816 silly placeDep ROOT acorn@8.16.0 OK for: espree@10.4.0 want: ^8.15.0
1817 silly placeDep ROOT acorn-jsx@5.3.2 OK for: espree@10.4.0 want: ^5.3.2
1818 silly placeDep ROOT @nodelib/fs.stat@2.0.5 OK for: fast-glob@3.3.1 want: ^2.0.2
1819 silly placeDep ROOT @nodelib/fs.walk@1.2.8 OK for: fast-glob@3.3.1 want: ^1.2.3
1820 silly placeDep node_modules/fast-glob glob-parent@5.1.2 OK for: fast-glob@3.3.1 want: ^5.1.2
1821 silly placeDep ROOT merge2@1.4.1 OK for: fast-glob@3.3.1 want: ^1.3.0
1822 silly placeDep ROOT micromatch@4.0.8 OK for: fast-glob@3.3.1 want: ^4.0.4
1823 silly fetch manifest fastq@^1.6.0
1824 silly packumentCache full:https://registry.npmjs.org/fastq cache-miss
1825 silly fetch manifest @nodelib/fs.scandir@2.1.5
1826 silly packumentCache full:https://registry.npmjs.org/@nodelib%2ffs.scandir cache-miss
1827 silly fetch manifest braces@^3.0.3
1828 silly packumentCache full:https://registry.npmjs.org/braces cache-miss
1829 silly fetch manifest picomatch@^2.3.1
1830 silly packumentCache full:https://registry.npmjs.org/picomatch cache-hit
1831 http fetch GET 200 https://registry.npmjs.org/fastq 91ms (cache revalidated)
1832 silly packumentCache full:https://registry.npmjs.org/fastq set size:78301 disposed:false
1833 http fetch GET 200 https://registry.npmjs.org/braces 93ms (cache revalidated)
1834 silly packumentCache full:https://registry.npmjs.org/braces set size:114529 disposed:false
1835 http fetch GET 200 https://registry.npmjs.org/@nodelib%2ffs.scandir 104ms (cache revalidated)
1836 silly packumentCache full:https://registry.npmjs.org/@nodelib%2ffs.scandir set size:49256 disposed:false
1837 silly placeDep ROOT @nodelib/fs.scandir@2.1.5 OK for: @nodelib/fs.walk@1.2.8 want: 2.1.5
1838 silly placeDep ROOT fastq@1.20.1 OK for: @nodelib/fs.walk@1.2.8 want: ^1.6.0
1839 silly fetch manifest run-parallel@^1.1.9
1840 silly packumentCache full:https://registry.npmjs.org/run-parallel cache-miss
1841 silly fetch manifest reusify@^1.0.4
1842 silly packumentCache full:https://registry.npmjs.org/reusify cache-miss
1843 http fetch GET 200 https://registry.npmjs.org/run-parallel 83ms (cache revalidated)
1844 silly packumentCache full:https://registry.npmjs.org/run-parallel set size:35172 disposed:false
1845 http fetch GET 200 https://registry.npmjs.org/reusify 86ms (cache revalidated)
1846 silly packumentCache full:https://registry.npmjs.org/reusify set size:14249 disposed:false
1847 silly placeDep ROOT run-parallel@1.2.0 OK for: @nodelib/fs.scandir@2.1.5 want: ^1.1.9
1848 silly fetch manifest queue-microtask@^1.2.2
1849 silly packumentCache full:https://registry.npmjs.org/queue-microtask cache-miss
1850 http fetch GET 200 https://registry.npmjs.org/queue-microtask 91ms (cache revalidated)
1851 silly packumentCache full:https://registry.npmjs.org/queue-microtask set size:36088 disposed:false
1852 silly placeDep ROOT reusify@1.1.0 OK for: fastq@1.20.1 want: ^1.0.4
1853 silly placeDep ROOT flat-cache@4.0.1 OK for: file-entry-cache@8.0.0 want: ^4.0.0
1854 silly fetch manifest keyv@^4.5.4
1855 silly packumentCache full:https://registry.npmjs.org/keyv cache-miss
1856 silly fetch manifest flatted@^3.2.9
1857 silly packumentCache full:https://registry.npmjs.org/flatted cache-miss
1858 http fetch GET 200 https://registry.npmjs.org/keyv 89ms (cache revalidated)
1859 silly packumentCache full:https://registry.npmjs.org/keyv set size:215840 disposed:false
1860 http fetch GET 200 https://registry.npmjs.org/flatted 94ms (cache revalidated)
1861 silly packumentCache full:https://registry.npmjs.org/flatted set size:137347 disposed:false
1862 silly placeDep ROOT locate-path@6.0.0 OK for: find-up@5.0.0 want: ^6.0.0
1863 silly placeDep ROOT path-exists@4.0.0 OK for: find-up@5.0.0 want: ^4.0.0
1864 silly fetch manifest p-locate@^5.0.0
1865 silly packumentCache full:https://registry.npmjs.org/p-locate cache-miss
1866 http fetch GET 200 https://registry.npmjs.org/p-locate 86ms (cache revalidated)
1867 silly packumentCache full:https://registry.npmjs.org/p-locate set size:22488 disposed:false
1868 silly placeDep ROOT flatted@3.4.2 OK for: flat-cache@4.0.1 want: ^3.2.9
1869 silly placeDep ROOT keyv@4.5.4 OK for: flat-cache@4.0.1 want: ^4.5.4
1870 silly fetch manifest json-buffer@3.0.1
1871 silly packumentCache full:https://registry.npmjs.org/json-buffer cache-miss
1872 http fetch GET 200 https://registry.npmjs.org/json-buffer 86ms (cache revalidated)
1873 silly packumentCache full:https://registry.npmjs.org/json-buffer set size:23474 disposed:false
1874 silly placeDep ROOT functions-have-names@1.2.3 OK for: function.prototype.name@1.1.8 want: ^1.2.3
1875 silly placeDep ROOT dunder-proto@1.0.1 OK for: get-proto@1.0.1 want: ^1.0.1
1876 silly placeDep ROOT resolve-pkg-maps@1.0.0 OK for: get-tsconfig@4.14.0 want: ^1.0.0
1877 silly placeDep ROOT hermes-estree@0.25.1 OK for: hermes-parser@0.25.1 want: 0.25.1
1878 silly placeDep ROOT parent-module@1.0.1 OK for: import-fresh@3.3.1 want: ^1.0.0
1879 silly placeDep ROOT resolve-from@4.0.0 OK for: import-fresh@3.3.1 want: ^4.0.0
1880 silly fetch manifest callsites@^3.0.0
1881 silly packumentCache full:https://registry.npmjs.org/callsites cache-miss
1882 http fetch GET 200 https://registry.npmjs.org/callsites 88ms (cache revalidated)
1883 silly packumentCache full:https://registry.npmjs.org/callsites set size:21349 disposed:false
1884 silly placeDep ROOT side-channel@1.1.0 OK for: internal-slot@1.1.0 want: ^1.1.0
1885 silly fetch manifest side-channel-list@^1.0.0
1886 silly packumentCache full:https://registry.npmjs.org/side-channel-list cache-miss
1887 silly fetch manifest side-channel-map@^1.0.1
1888 silly packumentCache full:https://registry.npmjs.org/side-channel-map cache-miss
1889 silly fetch manifest side-channel-weakmap@^1.0.2
1890 silly packumentCache full:https://registry.npmjs.org/side-channel-weakmap cache-miss
1891 http fetch GET 200 https://registry.npmjs.org/side-channel-map 82ms (cache revalidated)
1892 silly packumentCache full:https://registry.npmjs.org/side-channel-map set size:9126 disposed:false
1893 http fetch GET 200 https://registry.npmjs.org/side-channel-list 89ms (cache revalidated)
1894 silly packumentCache full:https://registry.npmjs.org/side-channel-list set size:9021 disposed:false
1895 http fetch GET 200 https://registry.npmjs.org/side-channel-weakmap 93ms (cache revalidated)
1896 silly packumentCache full:https://registry.npmjs.org/side-channel-weakmap set size:12620 disposed:false
1897 silly placeDep node_modules/is-bun-module semver@7.7.4 OK for: is-bun-module@2.0.0 want: ^7.7.1
1898 silly placeDep ROOT is-extglob@2.1.1 OK for: is-glob@4.0.3 want: ^2.1.1
1899 silly placeDep ROOT set-function-name@2.0.2 OK for: iterator.prototype@1.1.5 want: ^2.0.2
1900 silly placeDep ROOT argparse@2.0.1 OK for: js-yaml@4.1.1 want: ^2.0.1
1901 silly placeDep ROOT json-buffer@3.0.1 OK for: keyv@4.5.4 want: 3.0.1
1902 silly placeDep ROOT language-subtag-registry@0.3.23 OK for: language-tags@1.0.9 want: ^0.3.20
1903 silly placeDep ROOT prelude-ls@1.2.1 OK for: levn@0.4.1 want: ^1.2.1
1904 silly placeDep ROOT type-check@0.4.0 OK for: levn@0.4.1 want: ~0.4.0
1905 silly placeDep ROOT detect-libc@2.1.2 OK for: lightningcss@1.32.0 want: ^2.0.3
1906 silly placeDep ROOT lightningcss-android-arm64@1.32.0 OK for: lightningcss@1.32.0 want: 1.32.0
1907 silly placeDep ROOT lightningcss-darwin-arm64@1.32.0 OK for: lightningcss@1.32.0 want: 1.32.0
1908 silly placeDep ROOT lightningcss-darwin-x64@1.32.0 OK for: lightningcss@1.32.0 want: 1.32.0
1909 silly placeDep ROOT lightningcss-freebsd-x64@1.32.0 OK for: lightningcss@1.32.0 want: 1.32.0
1910 silly placeDep ROOT lightningcss-linux-arm-gnueabihf@1.32.0 OK for: lightningcss@1.32.0 want: 1.32.0
1911 silly placeDep ROOT lightningcss-linux-arm64-gnu@1.32.0 OK for: lightningcss@1.32.0 want: 1.32.0
1912 silly placeDep ROOT lightningcss-linux-arm64-musl@1.32.0 OK for: lightningcss@1.32.0 want: 1.32.0
1913 silly placeDep ROOT lightningcss-linux-x64-gnu@1.32.0 OK for: lightningcss@1.32.0 want: 1.32.0
1914 silly placeDep ROOT lightningcss-linux-x64-musl@1.32.0 OK for: lightningcss@1.32.0 want: 1.32.0
1915 silly placeDep ROOT lightningcss-win32-arm64-msvc@1.32.0 OK for: lightningcss@1.32.0 want: 1.32.0
1916 silly placeDep ROOT lightningcss-win32-x64-msvc@1.32.0 OK for: lightningcss@1.32.0 want: 1.32.0
1917 silly placeDep ROOT p-locate@5.0.0 OK for: locate-path@6.0.0 want: ^5.0.0
1918 silly fetch manifest p-limit@^3.0.2
1919 silly packumentCache full:https://registry.npmjs.org/p-limit cache-miss
1920 http fetch GET 200 https://registry.npmjs.org/p-limit 84ms (cache revalidated)
1921 silly packumentCache full:https://registry.npmjs.org/p-limit set size:61867 disposed:false
1922 silly placeDep ROOT yallist@3.1.1 OK for: lru-cache@5.1.1 want: ^3.0.2
1923 silly placeDep ROOT braces@3.0.3 OK for: micromatch@4.0.8 want: ^3.0.3
1924 silly placeDep ROOT picomatch@2.3.2 OK for: micromatch@4.0.8 want: ^2.3.1
1925 silly fetch manifest fill-range@^7.1.1
1926 silly packumentCache full:https://registry.npmjs.org/fill-range cache-miss
1927 http fetch GET 200 https://registry.npmjs.org/fill-range 92ms (cache revalidated)
1928 silly packumentCache full:https://registry.npmjs.org/fill-range set size:90212 disposed:false
1929 silly placeDep ROOT fill-range@7.1.1 OK for: braces@3.0.3 want: ^7.1.1
1930 silly fetch manifest to-regex-range@^5.0.1
1931 silly packumentCache full:https://registry.npmjs.org/to-regex-range cache-miss
1932 http fetch GET 200 https://registry.npmjs.org/to-regex-range 85ms (cache revalidated)
1933 silly packumentCache full:https://registry.npmjs.org/to-regex-range set size:61569 disposed:false
1934 silly placeDep ROOT to-regex-range@5.0.1 OK for: fill-range@7.1.1 want: ^5.0.1
1935 silly fetch manifest is-number@^7.0.0
1936 silly packumentCache full:https://registry.npmjs.org/is-number cache-miss
1937 http fetch GET 200 https://registry.npmjs.org/is-number 87ms (cache revalidated)
1938 silly packumentCache full:https://registry.npmjs.org/is-number set size:36183 disposed:false
1939 silly placeDep ROOT brace-expansion@1.1.14 OK for: minimatch@3.1.5 want: ^1.1.7
1940 silly fetch manifest concat-map@0.0.1
1941 silly packumentCache full:https://registry.npmjs.org/concat-map cache-miss
1942 silly fetch manifest balanced-match@^1.0.0
1943 silly packumentCache full:https://registry.npmjs.org/balanced-match cache-miss
1944 http fetch GET 200 https://registry.npmjs.org/balanced-match 88ms (cache revalidated)
1945 silly packumentCache full:https://registry.npmjs.org/balanced-match set size:39082 disposed:false
1946 http fetch GET 200 https://registry.npmjs.org/concat-map 96ms (cache revalidated)
1947 silly packumentCache full:https://registry.npmjs.org/concat-map set size:9290 disposed:false
1948 silly placeDep ROOT balanced-match@1.0.2 OK for: brace-expansion@1.1.14 want: ^1.0.0
1949 silly placeDep ROOT concat-map@0.0.1 OK for: brace-expansion@1.1.14 want: 0.0.1
1950 silly fetch manifest react@^18.2.0 || 19.0.0-rc-de68d2f4-20241204 || ^19.0.0
1951 silly packumentCache full:https://registry.npmjs.org/react cache-miss
1952 http fetch GET 200 https://registry.npmjs.org/react 116ms (cache revalidated)
1953 silly packumentCache full:https://registry.npmjs.org/react set size:6629670 disposed:false
1954 silly placeDep ROOT @next/env@16.2.4 OK for: next@16.2.4 want: 16.2.4
1955 silly placeDep ROOT @next/swc-darwin-arm64@16.2.4 OK for: next@16.2.4 want: 16.2.4
1956 silly placeDep ROOT @next/swc-darwin-x64@16.2.4 OK for: next@16.2.4 want: 16.2.4
1957 silly placeDep ROOT @next/swc-linux-arm64-gnu@16.2.4 OK for: next@16.2.4 want: 16.2.4
1958 silly placeDep ROOT @next/swc-linux-arm64-musl@16.2.4 OK for: next@16.2.4 want: 16.2.4
1959 silly placeDep ROOT @next/swc-linux-x64-gnu@16.2.4 OK for: next@16.2.4 want: 16.2.4
1960 silly placeDep ROOT @next/swc-linux-x64-musl@16.2.4 OK for: next@16.2.4 want: 16.2.4
1961 silly placeDep ROOT @next/swc-win32-arm64-msvc@16.2.4 OK for: next@16.2.4 want: 16.2.4
1962 silly placeDep ROOT @next/swc-win32-x64-msvc@16.2.4 OK for: next@16.2.4 want: 16.2.4
1963 silly placeDep ROOT @swc/helpers@0.5.15 OK for: next@16.2.4 want: 0.5.15
1964 silly placeDep node_modules/next postcss@8.4.31 OK for: next@16.2.4 want: 8.4.31
1965 silly placeDep ROOT sharp@0.34.5 OK for: next@16.2.4 want: ^0.34.5
1966 silly placeDep ROOT styled-jsx@5.1.6 OK for: next@16.2.4 want: 5.1.6
1967 silly fetch manifest tslib@^2.8.0
1968 silly packumentCache full:https://registry.npmjs.org/tslib cache-miss
1969 silly fetch manifest nanoid@^3.3.6
1970 silly packumentCache full:https://registry.npmjs.org/nanoid cache-hit
1971 silly fetch manifest semver@^7.7.3
1972 silly packumentCache full:https://registry.npmjs.org/semver cache-hit
1973 silly fetch manifest @img/colour@^1.0.0
1974 silly packumentCache full:https://registry.npmjs.org/@img%2fcolour cache-miss
1975 silly fetch manifest @img/sharp-wasm32@0.34.5
1976 silly packumentCache full:https://registry.npmjs.org/@img%2fsharp-wasm32 cache-miss
1977 silly fetch manifest @img/sharp-linux-arm@0.34.5
1978 silly packumentCache full:https://registry.npmjs.org/@img%2fsharp-linux-arm cache-miss
1979 silly fetch manifest @img/sharp-linux-x64@0.34.5
1980 silly packumentCache full:https://registry.npmjs.org/@img%2fsharp-linux-x64 cache-miss
1981 silly fetch manifest @img/sharp-win32-x64@0.34.5
1982 silly packumentCache full:https://registry.npmjs.org/@img%2fsharp-win32-x64 cache-miss
1983 silly fetch manifest @img/sharp-darwin-x64@0.34.5
1984 silly packumentCache full:https://registry.npmjs.org/@img%2fsharp-darwin-x64 cache-miss
1985 http fetch GET 200 https://registry.npmjs.org/tslib 106ms (cache revalidated)
1986 silly packumentCache full:https://registry.npmjs.org/tslib set size:108760 disposed:false
1987 silly fetch manifest @img/sharp-win32-ia32@0.34.5
1988 silly packumentCache full:https://registry.npmjs.org/@img%2fsharp-win32-ia32 cache-miss
1989 http fetch GET 200 https://registry.npmjs.org/@img%2fsharp-win32-x64 115ms (cache revalidated)
1990 silly packumentCache full:https://registry.npmjs.org/@img%2fsharp-win32-x64 set size:72477 disposed:false
1991 silly fetch manifest @img/sharp-linux-arm64@0.34.5
1992 silly packumentCache full:https://registry.npmjs.org/@img%2fsharp-linux-arm64 cache-miss
1993 http fetch GET 200 https://registry.npmjs.org/@img%2fsharp-linux-x64 120ms (cache revalidated)
1994 silly packumentCache full:https://registry.npmjs.org/@img%2fsharp-linux-x64 set size:74659 disposed:false
1995 silly fetch manifest @img/sharp-linux-ppc64@0.34.5
1996 silly packumentCache full:https://registry.npmjs.org/@img%2fsharp-linux-ppc64 cache-miss
1997 http fetch GET 200 https://registry.npmjs.org/@img%2fsharp-linux-arm 123ms (cache revalidated)
1998 silly packumentCache full:https://registry.npmjs.org/@img%2fsharp-linux-arm set size:75025 disposed:false
1999 silly fetch manifest @img/sharp-linux-s390x@0.34.5
2000 silly packumentCache full:https://registry.npmjs.org/@img%2fsharp-linux-s390x cache-miss
2001 http fetch GET 200 https://registry.npmjs.org/@img%2fsharp-darwin-x64 129ms (cache revalidated)
2002 silly packumentCache full:https://registry.npmjs.org/@img%2fsharp-darwin-x64 set size:75437 disposed:false
2003 silly fetch manifest @img/sharp-win32-arm64@0.34.5
2004 silly packumentCache full:https://registry.npmjs.org/@img%2fsharp-win32-arm64 cache-miss
2005 http fetch GET 200 https://registry.npmjs.org/@img%2fsharp-wasm32 135ms (cache revalidated)
2006 silly packumentCache full:https://registry.npmjs.org/@img%2fsharp-wasm32 set size:69437 disposed:false
2007 silly fetch manifest @img/sharp-darwin-arm64@0.34.5
2008 silly packumentCache full:https://registry.npmjs.org/@img%2fsharp-darwin-arm64 cache-miss
2009 http fetch GET 200 https://registry.npmjs.org/@img%2fcolour 138ms (cache revalidated)
2010 silly packumentCache full:https://registry.npmjs.org/@img%2fcolour set size:9701 disposed:false
2011 silly fetch manifest @img/sharp-linux-riscv64@0.34.5
2012 silly packumentCache full:https://registry.npmjs.org/@img%2fsharp-linux-riscv64 cache-miss
2013 http fetch GET 200 https://registry.npmjs.org/@img%2fsharp-linux-arm64 124ms (cache revalidated)
2014 silly packumentCache full:https://registry.npmjs.org/@img%2fsharp-linux-arm64 set size:75657 disposed:false
2015 silly fetch manifest @img/sharp-linuxmusl-x64@0.34.5
2016 silly packumentCache full:https://registry.npmjs.org/@img%2fsharp-linuxmusl-x64 cache-miss
2017 http fetch GET 200 https://registry.npmjs.org/@img%2fsharp-win32-ia32 141ms (cache revalidated)
2018 silly packumentCache full:https://registry.npmjs.org/@img%2fsharp-win32-ia32 set size:73172 disposed:false
2019 silly fetch manifest @img/sharp-linuxmusl-arm64@0.34.5
2020 silly packumentCache full:https://registry.npmjs.org/@img%2fsharp-linuxmusl-arm64 cache-miss
2021 http fetch GET 200 https://registry.npmjs.org/@img%2fsharp-linux-riscv64 113ms (cache revalidated)
2022 silly packumentCache full:https://registry.npmjs.org/@img%2fsharp-linux-riscv64 set size:17504 disposed:false
2023 silly fetch manifest @img/sharp-libvips-linux-arm@1.2.4
2024 silly packumentCache full:https://registry.npmjs.org/@img%2fsharp-libvips-linux-arm cache-miss
2025 http fetch GET 200 https://registry.npmjs.org/@img%2fsharp-win32-arm64 120ms (cache revalidated)
2026 silly packumentCache full:https://registry.npmjs.org/@img%2fsharp-win32-arm64 set size:32122 disposed:false
2027 silly fetch manifest @img/sharp-libvips-linux-x64@1.2.4
2028 silly packumentCache full:https://registry.npmjs.org/@img%2fsharp-libvips-linux-x64 cache-miss
2029 http fetch GET 200 https://registry.npmjs.org/@img%2fsharp-linux-s390x 130ms (cache revalidated)
2030 silly packumentCache full:https://registry.npmjs.org/@img%2fsharp-linux-s390x set size:73603 disposed:false
2031 silly fetch manifest @img/sharp-libvips-darwin-x64@1.2.4
2032 silly packumentCache full:https://registry.npmjs.org/@img%2fsharp-libvips-darwin-x64 cache-miss
2033 http fetch GET 200 https://registry.npmjs.org/@img%2fsharp-darwin-arm64 122ms (cache revalidated)
2034 silly packumentCache full:https://registry.npmjs.org/@img%2fsharp-darwin-arm64 set size:76460 disposed:false
2035 silly fetch manifest @img/sharp-libvips-linux-arm64@1.2.4
2036 silly packumentCache full:https://registry.npmjs.org/@img%2fsharp-libvips-linux-arm64 cache-miss
2037 http fetch GET 200 https://registry.npmjs.org/@img%2fsharp-linux-ppc64 139ms (cache revalidated)
2038 silly packumentCache full:https://registry.npmjs.org/@img%2fsharp-linux-ppc64 set size:40341 disposed:false
2039 silly fetch manifest @img/sharp-libvips-linux-ppc64@1.2.4
2040 silly packumentCache full:https://registry.npmjs.org/@img%2fsharp-libvips-linux-ppc64 cache-miss
2041 http fetch GET 200 https://registry.npmjs.org/@img%2fsharp-linuxmusl-x64 122ms (cache revalidated)
2042 silly packumentCache full:https://registry.npmjs.org/@img%2fsharp-linuxmusl-x64 set size:75867 disposed:false
2043 silly fetch manifest @img/sharp-libvips-linux-s390x@1.2.4
2044 silly packumentCache full:https://registry.npmjs.org/@img%2fsharp-libvips-linux-s390x cache-miss
2045 http fetch GET 200 https://registry.npmjs.org/@img%2fsharp-libvips-linux-arm 120ms (cache revalidated)
2046 silly packumentCache full:https://registry.npmjs.org/@img%2fsharp-libvips-linux-arm set size:67087 disposed:false
2047 silly fetch manifest @img/sharp-libvips-darwin-arm64@1.2.4
2048 silly packumentCache full:https://registry.npmjs.org/@img%2fsharp-libvips-darwin-arm64 cache-miss
2049 http fetch GET 200 https://registry.npmjs.org/@img%2fsharp-libvips-darwin-x64 121ms (cache revalidated)
2050 silly packumentCache full:https://registry.npmjs.org/@img%2fsharp-libvips-darwin-x64 set size:60181 disposed:false
2051 silly fetch manifest @img/sharp-libvips-linux-riscv64@1.2.4
2052 silly packumentCache full:https://registry.npmjs.org/@img%2fsharp-libvips-linux-riscv64 cache-miss
2053 http fetch GET 200 https://registry.npmjs.org/@img%2fsharp-linuxmusl-arm64 131ms (cache revalidated)
2054 silly packumentCache full:https://registry.npmjs.org/@img%2fsharp-linuxmusl-arm64 set size:76866 disposed:false
2055 silly fetch manifest @img/sharp-libvips-linuxmusl-x64@1.2.4
2056 silly packumentCache full:https://registry.npmjs.org/@img%2fsharp-libvips-linuxmusl-x64 cache-miss
2057 http fetch GET 200 https://registry.npmjs.org/@img%2fsharp-libvips-linux-x64 130ms (cache revalidated)
2058 silly packumentCache full:https://registry.npmjs.org/@img%2fsharp-libvips-linux-x64 set size:65113 disposed:false
2059 silly fetch manifest @img/sharp-libvips-linuxmusl-arm64@1.2.4
2060 silly packumentCache full:https://registry.npmjs.org/@img%2fsharp-libvips-linuxmusl-arm64 cache-miss
2061 http fetch GET 200 https://registry.npmjs.org/@img%2fsharp-libvips-linux-arm64 130ms (cache revalidated)
2062 silly packumentCache full:https://registry.npmjs.org/@img%2fsharp-libvips-linux-arm64 set size:64016 disposed:false
2063 silly fetch manifest client-only@0.0.1
2064 silly packumentCache full:https://registry.npmjs.org/client-only cache-miss
2065 http fetch GET 200 https://registry.npmjs.org/@img%2fsharp-libvips-linux-ppc64 126ms (cache revalidated)
2066 silly packumentCache full:https://registry.npmjs.org/@img%2fsharp-libvips-linux-ppc64 set size:51223 disposed:false
2067 http fetch GET 200 https://registry.npmjs.org/client-only 94ms (cache revalidated)
2068 silly packumentCache full:https://registry.npmjs.org/client-only set size:2750 disposed:false
2069 http fetch GET 200 https://registry.npmjs.org/@img%2fsharp-libvips-linuxmusl-x64 117ms (cache revalidated)
2070 silly packumentCache full:https://registry.npmjs.org/@img%2fsharp-libvips-linuxmusl-x64 set size:62225 disposed:false
2071 http fetch GET 200 https://registry.npmjs.org/@img%2fsharp-libvips-darwin-arm64 129ms (cache revalidated)
2072 silly packumentCache full:https://registry.npmjs.org/@img%2fsharp-libvips-darwin-arm64 set size:60863 disposed:false
2073 http fetch GET 200 https://registry.npmjs.org/@img%2fsharp-libvips-linux-riscv64 126ms (cache revalidated)
2074 silly packumentCache full:https://registry.npmjs.org/@img%2fsharp-libvips-linux-riscv64 set size:37238 disposed:false
2075 http fetch GET 200 https://registry.npmjs.org/@img%2fsharp-libvips-linuxmusl-arm64 121ms (cache revalidated)
2076 silly packumentCache full:https://registry.npmjs.org/@img%2fsharp-libvips-linuxmusl-arm64 set size:62945 disposed:false
2077 http fetch GET 200 https://registry.npmjs.org/@img%2fsharp-libvips-linux-s390x 138ms (cache revalidated)
2078 silly packumentCache full:https://registry.npmjs.org/@img%2fsharp-libvips-linux-s390x set size:60203 disposed:false
2079 silly placeDep ROOT tslib@2.8.1 OK for: @swc/helpers@0.5.15 want: ^2.8.0
2080 silly placeDep ROOT deep-is@0.1.4 OK for: optionator@0.9.4 want: ^0.1.3
2081 silly placeDep ROOT fast-levenshtein@2.0.6 OK for: optionator@0.9.4 want: ^2.0.6
2082 silly placeDep ROOT word-wrap@1.2.5 OK for: optionator@0.9.4 want: ^1.2.5
2083 silly placeDep ROOT p-limit@3.1.0 OK for: p-locate@5.0.0 want: ^3.0.2
2084 silly fetch manifest yocto-queue@^0.1.0
2085 silly packumentCache full:https://registry.npmjs.org/yocto-queue cache-miss
2086 http fetch GET 200 https://registry.npmjs.org/yocto-queue 86ms (cache revalidated)
2087 silly packumentCache full:https://registry.npmjs.org/yocto-queue set size:20256 disposed:false
2088 silly placeDep ROOT yocto-queue@0.1.0 OK for: p-limit@3.1.0 want: ^0.1.0
2089 silly placeDep ROOT callsites@3.1.0 OK for: parent-module@1.0.1 want: ^3.0.0
2090 silly placeDep ROOT nanoid@3.3.11 OK for: postcss@8.5.12 want: ^3.3.11
2091 silly placeDep ROOT loose-envify@1.4.0 OK for: prop-types@15.8.1 want: ^1.4.0
2092 silly placeDep ROOT object-assign@4.1.1 OK for: prop-types@15.8.1 want: ^4.1.1
2093 silly placeDep ROOT react-is@16.13.1 OK for: prop-types@15.8.1 want: ^16.13.1
2094 silly placeDep ROOT scheduler@0.27.0 OK for: react-dom@19.2.4 want: ^0.27.0
2095 silly placeDep ROOT node-exports-info@1.6.0 OK for: resolve@2.0.0-next.6 want: ^1.6.0
2096 silly placeDep ROOT path-parse@1.0.7 OK for: resolve@2.0.0-next.6 want: ^1.0.7
2097 silly placeDep ROOT supports-preserve-symlinks-flag@1.0.0 OK for: resolve@2.0.0-next.6 want: ^1.0.0
2098 silly placeDep ROOT queue-microtask@1.2.3 OK for: run-parallel@1.2.0 want: ^1.2.2
2099 silly placeDep ROOT isarray@2.0.5 OK for: safe-array-concat@1.1.4 want: ^2.0.5
2100 silly placeDep ROOT @img/colour@1.1.0 OK for: sharp@0.34.5 want: ^1.0.0
2101 silly placeDep ROOT @img/sharp-darwin-arm64@0.34.5 OK for: sharp@0.34.5 want: 0.34.5
2102 silly placeDep ROOT @img/sharp-darwin-x64@0.34.5 OK for: sharp@0.34.5 want: 0.34.5
2103 silly placeDep ROOT @img/sharp-libvips-darwin-arm64@1.2.4 OK for: sharp@0.34.5 want: 1.2.4
2104 silly placeDep ROOT @img/sharp-libvips-darwin-x64@1.2.4 OK for: sharp@0.34.5 want: 1.2.4
2105 silly placeDep ROOT @img/sharp-libvips-linux-arm@1.2.4 OK for: sharp@0.34.5 want: 1.2.4
2106 silly placeDep ROOT @img/sharp-libvips-linux-arm64@1.2.4 OK for: sharp@0.34.5 want: 1.2.4
2107 silly placeDep ROOT @img/sharp-libvips-linux-ppc64@1.2.4 OK for: sharp@0.34.5 want: 1.2.4
2108 silly placeDep ROOT @img/sharp-libvips-linux-riscv64@1.2.4 OK for: sharp@0.34.5 want: 1.2.4
2109 silly placeDep ROOT @img/sharp-libvips-linux-s390x@1.2.4 OK for: sharp@0.34.5 want: 1.2.4
2110 silly placeDep ROOT @img/sharp-libvips-linux-x64@1.2.4 OK for: sharp@0.34.5 want: 1.2.4
2111 silly placeDep ROOT @img/sharp-libvips-linuxmusl-arm64@1.2.4 OK for: sharp@0.34.5 want: 1.2.4
2112 silly placeDep ROOT @img/sharp-libvips-linuxmusl-x64@1.2.4 OK for: sharp@0.34.5 want: 1.2.4
2113 silly placeDep ROOT @img/sharp-linux-arm@0.34.5 OK for: sharp@0.34.5 want: 0.34.5
2114 silly placeDep ROOT @img/sharp-linux-arm64@0.34.5 OK for: sharp@0.34.5 want: 0.34.5
2115 silly placeDep ROOT @img/sharp-linux-ppc64@0.34.5 OK for: sharp@0.34.5 want: 0.34.5
2116 silly placeDep ROOT @img/sharp-linux-riscv64@0.34.5 OK for: sharp@0.34.5 want: 0.34.5
2117 silly placeDep ROOT @img/sharp-linux-s390x@0.34.5 OK for: sharp@0.34.5 want: 0.34.5
2118 silly placeDep ROOT @img/sharp-linux-x64@0.34.5 OK for: sharp@0.34.5 want: 0.34.5
2119 silly placeDep ROOT @img/sharp-linuxmusl-arm64@0.34.5 OK for: sharp@0.34.5 want: 0.34.5
2120 silly placeDep ROOT @img/sharp-linuxmusl-x64@0.34.5 OK for: sharp@0.34.5 want: 0.34.5
2121 silly placeDep ROOT @img/sharp-wasm32@0.34.5 OK for: sharp@0.34.5 want: 0.34.5
2122 silly placeDep ROOT @img/sharp-win32-arm64@0.34.5 OK for: sharp@0.34.5 want: 0.34.5
2123 silly placeDep ROOT @img/sharp-win32-ia32@0.34.5 OK for: sharp@0.34.5 want: 0.34.5
2124 silly placeDep ROOT @img/sharp-win32-x64@0.34.5 OK for: sharp@0.34.5 want: 0.34.5
2125 silly placeDep node_modules/sharp semver@7.7.4 OK for: sharp@0.34.5 want: ^7.7.3
2126 silly fetch manifest @emnapi/runtime@^1.7.0
2127 silly packumentCache full:https://registry.npmjs.org/@emnapi%2fruntime cache-miss
2128 http fetch GET 200 https://registry.npmjs.org/@emnapi%2fruntime 110ms (cache revalidated)
2129 silly packumentCache full:https://registry.npmjs.org/@emnapi%2fruntime set size:108129 disposed:false
2130 silly placeDep ROOT @emnapi/runtime@1.10.0 OK for: @img/sharp-wasm32@0.34.5 want: ^1.7.0
2131 silly placeDep ROOT shebang-regex@3.0.0 OK for: shebang-command@2.0.0 want: ^3.0.0
2132 silly placeDep ROOT side-channel-list@1.0.1 OK for: side-channel@1.1.0 want: ^1.0.0
2133 silly placeDep ROOT side-channel-map@1.0.1 OK for: side-channel@1.1.0 want: ^1.0.1
2134 silly placeDep ROOT side-channel-weakmap@1.0.2 OK for: side-channel@1.1.0 want: ^1.0.2
2135 silly placeDep ROOT client-only@0.0.1 OK for: styled-jsx@5.1.6 want: 0.0.1
2136 silly placeDep ROOT has-flag@4.0.0 OK for: supports-color@7.2.0 want: ^4.0.0
2137 silly placeDep node_modules/tinyglobby fdir@6.5.0 OK for: tinyglobby@0.2.16 want: ^6.5.0
2138 silly placeDep node_modules/tinyglobby picomatch@4.0.4 OK for: fdir@6.5.0 want: ^3 || ^4
2139 silly placeDep ROOT is-number@7.0.0 OK for: to-regex-range@5.0.1 want: ^7.0.0
2140 silly placeDep ROOT @types/json5@0.0.29 OK for: tsconfig-paths@3.15.0 want: ^0.0.29
2141 silly placeDep node_modules/tsconfig-paths json5@1.0.2 OK for: tsconfig-paths@3.15.0 want: ^1.0.2
2142 silly placeDep ROOT minimist@1.2.8 OK for: tsconfig-paths@3.15.0 want: ^1.2.6
2143 silly placeDep ROOT strip-bom@3.0.0 OK for: tsconfig-paths@3.15.0 want: ^3.0.0
2144 silly fetch manifest minimist@^1.2.0
2145 silly packumentCache full:https://registry.npmjs.org/minimist cache-hit
2146 silly placeDep ROOT for-each@0.3.5 OK for: typed-array-byte-length@1.0.3 want: ^0.3.3
2147 silly placeDep ROOT reflect.getprototypeof@1.0.10 OK for: typed-array-byte-offset@1.0.4 want: ^1.0.9
2148 silly fetch manifest which-builtin-type@^1.2.1
2149 silly packumentCache full:https://registry.npmjs.org/which-builtin-type cache-miss
2150 http fetch GET 200 https://registry.npmjs.org/which-builtin-type 81ms (cache revalidated)
2151 silly packumentCache full:https://registry.npmjs.org/which-builtin-type set size:39107 disposed:false
2152 silly placeDep ROOT which-builtin-type@1.2.1 OK for: reflect.getprototypeof@1.0.10 want: ^1.2.1
2153 silly fetch manifest is-async-function@^2.0.0
2154 silly packumentCache full:https://registry.npmjs.org/is-async-function cache-miss
2155 silly fetch manifest is-finalizationregistry@^1.1.0
2156 silly packumentCache full:https://registry.npmjs.org/is-finalizationregistry cache-miss
2157 silly fetch manifest is-generator-function@^1.0.10
2158 silly packumentCache full:https://registry.npmjs.org/is-generator-function cache-miss
2159 silly fetch manifest which-boxed-primitive@^1.1.0
2160 silly packumentCache full:https://registry.npmjs.org/which-boxed-primitive cache-hit
2161 silly fetch manifest which-collection@^1.0.2
2162 silly packumentCache full:https://registry.npmjs.org/which-collection cache-miss
2163 http fetch GET 200 https://registry.npmjs.org/is-generator-function 92ms (cache revalidated)
2164 silly packumentCache full:https://registry.npmjs.org/is-generator-function set size:44643 disposed:false
2165 http fetch GET 200 https://registry.npmjs.org/which-collection 95ms (cache revalidated)
2166 silly packumentCache full:https://registry.npmjs.org/which-collection set size:13607 disposed:false
2167 http fetch GET 200 https://registry.npmjs.org/is-finalizationregistry 97ms (cache revalidated)
2168 silly packumentCache full:https://registry.npmjs.org/is-finalizationregistry set size:19800 disposed:false
2169 http fetch GET 200 https://registry.npmjs.org/is-async-function 100ms (cache revalidated)
2170 silly packumentCache full:https://registry.npmjs.org/is-async-function set size:51614 disposed:false
2171 silly fetch manifest eslint@^8.57.0 || ^9.0.0 || ^10.0.0
2172 silly packumentCache full:https://registry.npmjs.org/eslint cache-miss
2173 http fetch GET 200 https://registry.npmjs.org/eslint 97ms (cache revalidated)
2174 silly packumentCache full:https://registry.npmjs.org/eslint set size:1983515 disposed:false
2175 silly fetch manifest typescript@>=4.8.4 <6.1.0
2176 silly packumentCache full:https://registry.npmjs.org/typescript cache-miss
2177 http fetch GET 200 https://registry.npmjs.org/typescript 183ms (cache revalidated)
2178 silly packumentCache full:https://registry.npmjs.org/typescript set size:15409943 disposed:false
2179 silly placeDep ROOT @typescript-eslint/eslint-plugin@8.59.1 OK for: typescript-eslint@8.59.1 want: 8.59.1
2180 silly placeDep ROOT @typescript-eslint/parser@8.59.1 OK for: @typescript-eslint/eslint-plugin@8.59.1 want: ^8.59.1
2181 silly placeDep ROOT @typescript-eslint/typescript-estree@8.59.1 OK for: typescript-eslint@8.59.1 want: 8.59.1
2182 silly placeDep ROOT @typescript-eslint/utils@8.59.1 OK for: typescript-eslint@8.59.1 want: 8.59.1
2183 silly fetch manifest ignore@^7.0.5
2184 silly packumentCache full:https://registry.npmjs.org/ignore cache-hit
2185 silly fetch manifest ts-api-utils@^2.5.0
2186 silly packumentCache full:https://registry.npmjs.org/ts-api-utils cache-miss
2187 silly fetch manifest @typescript-eslint/type-utils@8.59.1
2188 silly packumentCache full:https://registry.npmjs.org/@typescript-eslint%2ftype-utils cache-miss
2189 silly fetch manifest @typescript-eslint/visitor-keys@8.59.1
2190 silly packumentCache full:https://registry.npmjs.org/@typescript-eslint%2fvisitor-keys cache-miss
2191 silly fetch manifest @typescript-eslint/scope-manager@8.59.1
2192 silly packumentCache full:https://registry.npmjs.org/@typescript-eslint%2fscope-manager cache-miss
2193 silly fetch manifest @typescript-eslint/types@8.59.1
2194 silly packumentCache full:https://registry.npmjs.org/@typescript-eslint%2ftypes cache-miss
2195 silly fetch manifest @typescript-eslint/visitor-keys@8.59.1
2196 silly packumentCache full:https://registry.npmjs.org/@typescript-eslint%2fvisitor-keys cache-miss
2197 silly fetch manifest @typescript-eslint/scope-manager@8.59.1
2198 silly packumentCache full:https://registry.npmjs.org/@typescript-eslint%2fscope-manager cache-miss
2199 http fetch GET 200 https://registry.npmjs.org/ts-api-utils 100ms (cache revalidated)
2200 silly packumentCache full:https://registry.npmjs.org/ts-api-utils set size:226785 disposed:false
2201 silly fetch manifest minimatch@^10.2.2
2202 silly packumentCache full:https://registry.npmjs.org/minimatch cache-hit
2203 silly fetch manifest @typescript-eslint/types@8.59.1
2204 silly packumentCache full:https://registry.npmjs.org/@typescript-eslint%2ftypes cache-miss
2205 http fetch GET 200 https://registry.npmjs.org/@typescript-eslint%2fscope-manager 170ms (cache revalidated)
2206 silly packumentCache full:https://registry.npmjs.org/@typescript-eslint%2fscope-manager set size:12348792 disposed:false
2207 silly fetch manifest @typescript-eslint/visitor-keys@8.59.1
2208 silly packumentCache full:https://registry.npmjs.org/@typescript-eslint%2fvisitor-keys cache-miss
2209 http fetch GET 200 https://registry.npmjs.org/@typescript-eslint%2fvisitor-keys 311ms (cache revalidated)
2210 silly packumentCache full:https://registry.npmjs.org/@typescript-eslint%2fvisitor-keys set size:11758650 disposed:false
2211 silly fetch manifest @typescript-eslint/tsconfig-utils@8.59.1
2212 silly packumentCache full:https://registry.npmjs.org/@typescript-eslint%2ftsconfig-utils cache-miss
2213 http fetch GET 200 https://registry.npmjs.org/@typescript-eslint%2fscope-manager 419ms (cache revalidated)
2214 silly packumentCache full:https://registry.npmjs.org/@typescript-eslint%2fscope-manager set size:12348792 disposed:false
2215 silly fetch manifest @typescript-eslint/project-service@8.59.1
2216 silly packumentCache full:https://registry.npmjs.org/@typescript-eslint%2fproject-service cache-miss
2217 http fetch GET 200 https://registry.npmjs.org/@typescript-eslint%2ftypes 525ms (cache revalidated)
2218 silly packumentCache full:https://registry.npmjs.org/@typescript-eslint%2ftypes set size:12159405 disposed:false
2219 http fetch GET 200 https://registry.npmjs.org/@typescript-eslint%2fvisitor-keys 779ms (cache revalidated)
2220 silly packumentCache full:https://registry.npmjs.org/@typescript-eslint%2fvisitor-keys set size:11758650 disposed:false
2221 http fetch GET 200 https://registry.npmjs.org/@typescript-eslint%2ftype-utils 898ms (cache revalidated)
2222 silly packumentCache full:https://registry.npmjs.org/@typescript-eslint%2ftype-utils set size:9225164 disposed:false
2223 http fetch GET 200 https://registry.npmjs.org/@typescript-eslint%2ftypes 918ms (cache revalidated)
2224 silly packumentCache full:https://registry.npmjs.org/@typescript-eslint%2ftypes set size:12159405 disposed:false
2225 http fetch GET 200 https://registry.npmjs.org/@typescript-eslint%2ftsconfig-utils 816ms (cache revalidated)
2226 silly packumentCache full:https://registry.npmjs.org/@typescript-eslint%2ftsconfig-utils set size:1168547 disposed:false
2227 http fetch GET 200 https://registry.npmjs.org/@typescript-eslint%2fproject-service 725ms (cache revalidated)
2228 silly packumentCache full:https://registry.npmjs.org/@typescript-eslint%2fproject-service set size:1241012 disposed:false
2229 http fetch GET 200 https://registry.npmjs.org/@typescript-eslint%2fvisitor-keys 987ms (cache revalidated)
2230 silly packumentCache full:https://registry.npmjs.org/@typescript-eslint%2fvisitor-keys set size:11758650 disposed:false
2231 silly placeDep ROOT @typescript-eslint/scope-manager@8.59.1 OK for: @typescript-eslint/eslint-plugin@8.59.1 want: 8.59.1
2232 silly placeDep ROOT @typescript-eslint/type-utils@8.59.1 OK for: @typescript-eslint/eslint-plugin@8.59.1 want: 8.59.1
2233 silly placeDep ROOT @typescript-eslint/visitor-keys@8.59.1 OK for: @typescript-eslint/eslint-plugin@8.59.1 want: 8.59.1
2234 silly placeDep node_modules/@typescript-eslint/eslint-plugin ignore@7.0.5 OK for: @typescript-eslint/eslint-plugin@8.59.1 want: ^7.0.5
2235 silly placeDep ROOT ts-api-utils@2.5.0 OK for: @typescript-eslint/eslint-plugin@8.59.1 want: ^2.5.0
2236 silly fetch manifest eslint-visitor-keys@^5.0.0
2237 silly packumentCache full:https://registry.npmjs.org/eslint-visitor-keys cache-hit
2238 silly placeDep ROOT @typescript-eslint/types@8.59.1 OK for: @typescript-eslint/parser@8.59.1 want: 8.59.1
2239 silly placeDep ROOT @typescript-eslint/project-service@8.59.1 OK for: @typescript-eslint/typescript-estree@8.59.1 want: 8.59.1
2240 silly placeDep ROOT @typescript-eslint/tsconfig-utils@8.59.1 OK for: @typescript-eslint/typescript-estree@8.59.1 want: 8.59.1
2241 silly placeDep node_modules/@typescript-eslint/typescript-estree minimatch@10.2.5 OK for: @typescript-eslint/typescript-estree@8.59.1 want: ^10.2.2
2242 silly placeDep node_modules/@typescript-eslint/typescript-estree semver@7.7.4 OK for: @typescript-eslint/typescript-estree@8.59.1 want: ^7.7.3
2243 silly fetch manifest @typescript-eslint/tsconfig-utils@^8.59.1
2244 silly packumentCache full:https://registry.npmjs.org/@typescript-eslint%2ftsconfig-utils cache-miss
2245 silly fetch manifest brace-expansion@^5.0.5
2246 silly packumentCache full:https://registry.npmjs.org/brace-expansion cache-hit
2247 http fetch GET 200 https://registry.npmjs.org/@typescript-eslint%2ftsconfig-utils 110ms (cache revalidated)
2248 silly packumentCache full:https://registry.npmjs.org/@typescript-eslint%2ftsconfig-utils set size:1168547 disposed:false
2249 silly placeDep node_modules/@typescript-eslint/visitor-keys eslint-visitor-keys@5.0.1 OK for: @typescript-eslint/visitor-keys@8.59.1 want: ^5.0.0
2250 silly placeDep ROOT has-bigints@1.1.0 OK for: unbox-primitive@1.1.0 want: ^1.0.2
2251 silly placeDep ROOT which-boxed-primitive@1.1.1 OK for: unbox-primitive@1.1.0 want: ^1.1.1
2252 silly fetch manifest is-bigint@^1.1.0
2253 silly packumentCache full:https://registry.npmjs.org/is-bigint cache-miss
2254 silly fetch manifest is-boolean-object@^1.2.1
2255 silly packumentCache full:https://registry.npmjs.org/is-boolean-object cache-miss
2256 silly fetch manifest is-number-object@^1.1.1
2257 silly packumentCache full:https://registry.npmjs.org/is-number-object cache-miss
2258 http fetch GET 200 https://registry.npmjs.org/is-number-object 112ms (cache revalidated)
2259 silly packumentCache full:https://registry.npmjs.org/is-number-object set size:31189 disposed:false
2260 http fetch GET 200 https://registry.npmjs.org/is-boolean-object 118ms (cache revalidated)
2261 silly packumentCache full:https://registry.npmjs.org/is-boolean-object set size:31341 disposed:false
2262 http fetch GET 200 https://registry.npmjs.org/is-bigint 125ms (cache revalidated)
2263 silly packumentCache full:https://registry.npmjs.org/is-bigint set size:20283 disposed:false
2264 silly placeDep ROOT @unrs/resolver-binding-android-arm-eabi@1.11.1 OK for: unrs-resolver@1.11.1 want: 1.11.1
2265 silly placeDep ROOT @unrs/resolver-binding-android-arm64@1.11.1 OK for: unrs-resolver@1.11.1 want: 1.11.1
2266 silly placeDep ROOT @unrs/resolver-binding-darwin-arm64@1.11.1 OK for: unrs-resolver@1.11.1 want: 1.11.1
2267 silly placeDep ROOT @unrs/resolver-binding-darwin-x64@1.11.1 OK for: unrs-resolver@1.11.1 want: 1.11.1
2268 silly placeDep ROOT @unrs/resolver-binding-freebsd-x64@1.11.1 OK for: unrs-resolver@1.11.1 want: 1.11.1
2269 silly placeDep ROOT @unrs/resolver-binding-linux-arm-gnueabihf@1.11.1 OK for: unrs-resolver@1.11.1 want: 1.11.1
2270 silly placeDep ROOT @unrs/resolver-binding-linux-arm-musleabihf@1.11.1 OK for: unrs-resolver@1.11.1 want: 1.11.1
2271 silly placeDep ROOT @unrs/resolver-binding-linux-arm64-gnu@1.11.1 OK for: unrs-resolver@1.11.1 want: 1.11.1
2272 silly placeDep ROOT @unrs/resolver-binding-linux-arm64-musl@1.11.1 OK for: unrs-resolver@1.11.1 want: 1.11.1
2273 silly placeDep ROOT @unrs/resolver-binding-linux-ppc64-gnu@1.11.1 OK for: unrs-resolver@1.11.1 want: 1.11.1
2274 silly placeDep ROOT @unrs/resolver-binding-linux-riscv64-gnu@1.11.1 OK for: unrs-resolver@1.11.1 want: 1.11.1
2275 silly placeDep ROOT @unrs/resolver-binding-linux-riscv64-musl@1.11.1 OK for: unrs-resolver@1.11.1 want: 1.11.1
2276 silly placeDep ROOT @unrs/resolver-binding-linux-s390x-gnu@1.11.1 OK for: unrs-resolver@1.11.1 want: 1.11.1
2277 silly placeDep ROOT @unrs/resolver-binding-linux-x64-gnu@1.11.1 OK for: unrs-resolver@1.11.1 want: 1.11.1
2278 silly placeDep ROOT @unrs/resolver-binding-linux-x64-musl@1.11.1 OK for: unrs-resolver@1.11.1 want: 1.11.1
2279 silly placeDep ROOT @unrs/resolver-binding-wasm32-wasi@1.11.1 OK for: unrs-resolver@1.11.1 want: 1.11.1
2280 silly placeDep ROOT @unrs/resolver-binding-win32-arm64-msvc@1.11.1 OK for: unrs-resolver@1.11.1 want: 1.11.1
2281 silly placeDep ROOT @unrs/resolver-binding-win32-ia32-msvc@1.11.1 OK for: unrs-resolver@1.11.1 want: 1.11.1
2282 silly placeDep ROOT @unrs/resolver-binding-win32-x64-msvc@1.11.1 OK for: unrs-resolver@1.11.1 want: 1.11.1
2283 silly placeDep ROOT napi-postinstall@0.3.4 OK for: unrs-resolver@1.11.1 want: ^0.3.0
2284 silly fetch manifest @napi-rs/wasm-runtime@^0.2.11
2285 silly packumentCache full:https://registry.npmjs.org/@napi-rs%2fwasm-runtime cache-miss
2286 http fetch GET 200 https://registry.npmjs.org/@napi-rs%2fwasm-runtime 101ms (cache revalidated)
2287 silly packumentCache full:https://registry.npmjs.org/@napi-rs%2fwasm-runtime set size:71273 disposed:false
2288 silly placeDep ROOT @napi-rs/wasm-runtime@0.2.12 OK for: @unrs/resolver-binding-wasm32-wasi@1.11.1 want: ^0.2.11
2289 silly fetch manifest @emnapi/core@^1.4.3
2290 silly packumentCache full:https://registry.npmjs.org/@emnapi%2fcore cache-miss
2291 silly fetch manifest @tybys/wasm-util@^0.10.0
2292 silly packumentCache full:https://registry.npmjs.org/@tybys%2fwasm-util cache-miss
2293 http fetch GET 200 https://registry.npmjs.org/@emnapi%2fcore 103ms (cache revalidated)
2294 silly packumentCache full:https://registry.npmjs.org/@emnapi%2fcore set size:105841 disposed:false
2295 http fetch GET 200 https://registry.npmjs.org/@tybys%2fwasm-util 107ms (cache revalidated)
2296 silly packumentCache full:https://registry.npmjs.org/@tybys%2fwasm-util set size:55410 disposed:false
2297 silly placeDep ROOT @emnapi/core@1.10.0 OK for: @napi-rs/wasm-runtime@0.2.12 want: ^1.4.3
2298 silly placeDep ROOT @tybys/wasm-util@0.10.1 OK for: @napi-rs/wasm-runtime@0.2.12 want: ^0.10.0
2299 silly fetch manifest @emnapi/wasi-threads@1.2.1
2300 silly packumentCache full:https://registry.npmjs.org/@emnapi%2fwasi-threads cache-miss
2301 http fetch GET 200 https://registry.npmjs.org/@emnapi%2fwasi-threads 105ms (cache revalidated)
2302 silly packumentCache full:https://registry.npmjs.org/@emnapi%2fwasi-threads set size:24206 disposed:false
2303 silly placeDep ROOT @emnapi/wasi-threads@1.2.1 OK for: @emnapi/core@1.10.0 want: 1.2.1
2304 silly placeDep ROOT escalade@3.2.0 OK for: update-browserslist-db@1.2.3 want: ^3.2.0
2305 silly placeDep ROOT punycode@2.3.1 OK for: uri-js@4.4.1 want: ^2.1.0
2306 silly placeDep ROOT isexe@2.0.0 OK for: which@2.0.2 want: ^2.0.0
2307 silly placeDep ROOT is-bigint@1.1.0 OK for: which-boxed-primitive@1.1.1 want: ^1.1.0
2308 silly placeDep ROOT is-boolean-object@1.2.2 OK for: which-boxed-primitive@1.1.1 want: ^1.2.1
2309 silly placeDep ROOT is-number-object@1.1.1 OK for: which-boxed-primitive@1.1.1 want: ^1.1.1
2310 silly placeDep ROOT is-async-function@2.1.1 OK for: which-builtin-type@1.2.1 want: ^2.0.0
2311 silly placeDep ROOT is-finalizationregistry@1.1.1 OK for: which-builtin-type@1.2.1 want: ^1.1.0
2312 silly placeDep ROOT is-generator-function@1.1.2 OK for: which-builtin-type@1.2.1 want: ^1.0.10
2313 silly placeDep ROOT which-collection@1.0.2 OK for: which-builtin-type@1.2.1 want: ^1.0.2
2314 silly fetch manifest async-function@^1.0.0
2315 silly packumentCache full:https://registry.npmjs.org/async-function cache-miss
2316 silly fetch manifest generator-function@^2.0.0
2317 silly packumentCache full:https://registry.npmjs.org/generator-function cache-miss
2318 silly fetch manifest is-map@^2.0.3
2319 silly packumentCache full:https://registry.npmjs.org/is-map cache-miss
2320 silly fetch manifest is-weakmap@^2.0.2
2321 silly packumentCache full:https://registry.npmjs.org/is-weakmap cache-miss
2322 silly fetch manifest is-weakset@^2.0.3
2323 silly packumentCache full:https://registry.npmjs.org/is-weakset cache-miss
2324 http fetch GET 200 https://registry.npmjs.org/is-map 86ms (cache revalidated)
2325 silly packumentCache full:https://registry.npmjs.org/is-map set size:18079 disposed:false
2326 http fetch GET 200 https://registry.npmjs.org/is-weakmap 90ms (cache revalidated)
2327 silly packumentCache full:https://registry.npmjs.org/is-weakmap set size:15163 disposed:false
2328 http fetch GET 200 https://registry.npmjs.org/generator-function 92ms (cache revalidated)
2329 silly packumentCache full:https://registry.npmjs.org/generator-function set size:10401 disposed:false
2330 http fetch GET 200 https://registry.npmjs.org/async-function 95ms (cache revalidated)
2331 silly packumentCache full:https://registry.npmjs.org/async-function set size:7150 disposed:false
2332 http fetch GET 200 https://registry.npmjs.org/is-weakset 109ms (cache revalidated)
2333 silly packumentCache full:https://registry.npmjs.org/is-weakset set size:21965 disposed:false
2334 silly placeDep ROOT async-function@1.0.0 OK for: is-async-function@2.1.1 want: ^1.0.0
2335 silly placeDep ROOT generator-function@2.0.1 OK for: is-generator-function@1.1.2 want: ^2.0.0
2336 silly placeDep ROOT is-map@2.0.3 OK for: which-collection@1.0.2 want: ^2.0.3
2337 silly placeDep ROOT is-weakmap@2.0.2 OK for: which-collection@1.0.2 want: ^2.0.2
2338 silly placeDep ROOT is-weakset@2.0.4 OK for: which-collection@1.0.2 want: ^2.0.3
2339 silly placeDep node_modules/@typescript-eslint/typescript-estree brace-expansion@5.0.5 OK for: minimatch@10.2.5 want: ^5.0.5
2340 silly fetch manifest balanced-match@^4.0.2
2341 silly packumentCache full:https://registry.npmjs.org/balanced-match cache-hit
2342 silly placeDep node_modules/@typescript-eslint/typescript-estree balanced-match@4.0.4 OK for: brace-expansion@5.0.5 want: ^4.0.2
2343 silly reify moves {}
2344 http fetch GET 200 https://registry.npmjs.org/which-collection/-/which-collection-1.0.2.tgz 2216ms (cache revalidated)
2345 http fetch GET 200 https://registry.npmjs.org/is-map/-/is-map-2.0.3.tgz 2343ms (cache revalidated)
2346 http fetch GET 200 https://registry.npmjs.org/is-weakmap/-/is-weakmap-2.0.2.tgz 2349ms (cache revalidated)
2347 http fetch GET 200 https://registry.npmjs.org/is-finalizationregistry/-/is-finalizationregistry-1.1.1.tgz 2349ms (cache revalidated)
2348 http fetch GET 200 https://registry.npmjs.org/is-weakset/-/is-weakset-2.0.4.tgz 2356ms (cache revalidated)
2349 http fetch GET 200 https://registry.npmjs.org/generator-function/-/generator-function-2.0.1.tgz 2362ms (cache revalidated)
2350 http fetch GET 200 https://registry.npmjs.org/@tybys/wasm-util/-/wasm-util-0.10.1.tgz 2592ms (cache revalidated)
2351 http fetch GET 200 https://registry.npmjs.org/@unrs/resolver-binding-win32-x64-msvc/-/resolver-binding-win32-x64-msvc-1.11.1.tgz 2616ms (cache revalidated)
2352 http fetch GET 200 https://registry.npmjs.org/escalade/-/escalade-3.2.0.tgz 2657ms (cache revalidated)
2353 http fetch GET 200 https://registry.npmjs.org/ts-api-utils/-/ts-api-utils-2.5.0.tgz 2670ms (cache revalidated)
2354 http fetch GET 200 https://registry.npmjs.org/@emnapi/wasi-threads/-/wasi-threads-1.2.1.tgz 2682ms (cache revalidated)
2355 http fetch GET 200 https://registry.npmjs.org/punycode/-/punycode-2.3.1.tgz 2704ms (cache revalidated)
2356 http fetch GET 200 https://registry.npmjs.org/@typescript-eslint/project-service/-/project-service-8.59.1.tgz 2711ms (cache revalidated)
2357 http fetch GET 200 https://registry.npmjs.org/napi-postinstall/-/napi-postinstall-0.3.4.tgz 2729ms (cache revalidated)
2358 http fetch GET 200 https://registry.npmjs.org/@typescript-eslint/types/-/types-8.59.1.tgz 2734ms (cache revalidated)
2359 http fetch GET 200 https://registry.npmjs.org/is-async-function/-/is-async-function-2.1.1.tgz 2747ms (cache revalidated)
2360 http fetch GET 200 https://registry.npmjs.org/has-bigints/-/has-bigints-1.1.0.tgz 2765ms (cache revalidated)
2361 http fetch GET 200 https://registry.npmjs.org/@typescript-eslint/visitor-keys/-/visitor-keys-8.59.1.tgz 2768ms (cache revalidated)
2362 http fetch GET 200 https://registry.npmjs.org/which-boxed-primitive/-/which-boxed-primitive-1.1.1.tgz 2771ms (cache revalidated)
2363 http fetch GET 200 https://registry.npmjs.org/is-number-object/-/is-number-object-1.1.1.tgz 2783ms (cache revalidated)
2364 http fetch GET 200 https://registry.npmjs.org/@typescript-eslint/type-utils/-/type-utils-8.59.1.tgz 2777ms (cache revalidated)
2365 http fetch GET 200 https://registry.npmjs.org/is-boolean-object/-/is-boolean-object-1.2.2.tgz 2789ms (cache revalidated)
2366 http fetch GET 200 https://registry.npmjs.org/is-bigint/-/is-bigint-1.1.0.tgz 2855ms (cache revalidated)
2367 http fetch GET 200 https://registry.npmjs.org/@typescript-eslint/tsconfig-utils/-/tsconfig-utils-8.59.1.tgz 2853ms (cache revalidated)
2368 http fetch GET 200 https://registry.npmjs.org/which-builtin-type/-/which-builtin-type-1.2.1.tgz 2853ms (cache revalidated)
2369 http fetch GET 200 https://registry.npmjs.org/async-function/-/async-function-1.0.0.tgz 2884ms (cache revalidated)
2370 http fetch GET 200 https://registry.npmjs.org/isexe/-/isexe-2.0.0.tgz 2919ms (cache revalidated)
2371 http fetch GET 200 https://registry.npmjs.org/@typescript-eslint/utils/-/utils-8.59.1.tgz 2919ms (cache revalidated)
2372 http fetch GET 200 https://registry.npmjs.org/strip-bom/-/strip-bom-3.0.0.tgz 2921ms (cache revalidated)
2373 http fetch GET 200 https://registry.npmjs.org/is-generator-function/-/is-generator-function-1.1.2.tgz 2941ms (cache revalidated)
2374 http fetch GET 200 https://registry.npmjs.org/@typescript-eslint/typescript-estree/-/typescript-estree-8.59.1.tgz 2936ms (cache revalidated)
2375 http fetch GET 200 https://registry.npmjs.org/reflect.getprototypeof/-/reflect.getprototypeof-1.0.10.tgz 2936ms (cache revalidated)
2376 http fetch GET 200 https://registry.npmjs.org/@types/json5/-/json5-0.0.29.tgz 2941ms (cache revalidated)
2377 http fetch GET 200 https://registry.npmjs.org/@napi-rs/wasm-runtime/-/wasm-runtime-0.2.12.tgz 2990ms (cache revalidated)
2378 http fetch GET 200 https://registry.npmjs.org/is-number/-/is-number-7.0.0.tgz 3001ms (cache revalidated)
2379 http fetch GET 200 https://registry.npmjs.org/@emnapi/core/-/core-1.10.0.tgz 3026ms (cache revalidated)
2380 http fetch GET 200 https://registry.npmjs.org/for-each/-/for-each-0.3.5.tgz 3097ms (cache revalidated)
2381 http fetch GET 200 https://registry.npmjs.org/@typescript-eslint/parser/-/parser-8.59.1.tgz 3131ms (cache revalidated)
2382 http fetch GET 200 https://registry.npmjs.org/@typescript-eslint/scope-manager/-/scope-manager-8.59.1.tgz 3167ms (cache revalidated)
2383 http fetch GET 200 https://registry.npmjs.org/@emnapi/runtime/-/runtime-1.10.0.tgz 3172ms (cache revalidated)
2384 http fetch GET 200 https://registry.npmjs.org/has-flag/-/has-flag-4.0.0.tgz 3212ms (cache revalidated)
2385 http fetch GET 200 https://registry.npmjs.org/side-channel-map/-/side-channel-map-1.0.1.tgz 3214ms (cache revalidated)
2386 http fetch GET 200 https://registry.npmjs.org/isarray/-/isarray-2.0.5.tgz 3213ms (cache revalidated)
2387 http fetch GET 200 https://registry.npmjs.org/client-only/-/client-only-0.0.1.tgz 3219ms (cache revalidated)
2388 http fetch GET 200 https://registry.npmjs.org/shebang-regex/-/shebang-regex-3.0.0.tgz 3245ms (cache revalidated)
2389 http fetch GET 200 https://registry.npmjs.org/minimist/-/minimist-1.2.8.tgz 3251ms (cache revalidated)
2390 http fetch GET 200 https://registry.npmjs.org/node-exports-info/-/node-exports-info-1.6.0.tgz 3247ms (cache revalidated)
2391 http fetch GET 200 https://registry.npmjs.org/side-channel-weakmap/-/side-channel-weakmap-1.0.2.tgz 3256ms (cache revalidated)
2392 http fetch GET 200 https://registry.npmjs.org/supports-preserve-symlinks-flag/-/supports-preserve-symlinks-flag-1.0.0.tgz 3256ms (cache revalidated)
2393 http fetch GET 200 https://registry.npmjs.org/@img/colour/-/colour-1.1.0.tgz 3260ms (cache revalidated)
2394 http fetch GET 200 https://registry.npmjs.org/queue-microtask/-/queue-microtask-1.2.3.tgz 3259ms (cache revalidated)
2395 http fetch GET 200 https://registry.npmjs.org/@typescript-eslint/eslint-plugin/-/eslint-plugin-8.59.1.tgz 3304ms (cache revalidated)
2396 http fetch GET 200 https://registry.npmjs.org/@img/sharp-win32-x64/-/sharp-win32-x64-0.34.5.tgz 3527ms (cache revalidated)
2397 http fetch GET 200 https://registry.npmjs.org/side-channel-list/-/side-channel-list-1.0.1.tgz 3594ms (cache revalidated)
2398 http fetch GET 200 https://registry.npmjs.org/loose-envify/-/loose-envify-1.4.0.tgz 3637ms (cache revalidated)
2399 http fetch GET 200 https://registry.npmjs.org/scheduler/-/scheduler-0.27.0.tgz 3647ms (cache revalidated)
2400 http fetch GET 200 https://registry.npmjs.org/callsites/-/callsites-3.1.0.tgz 3652ms (cache revalidated)
2401 http fetch GET 200 https://registry.npmjs.org/object-assign/-/object-assign-4.1.1.tgz 3753ms (cache revalidated)
2402 http fetch GET 200 https://registry.npmjs.org/path-parse/-/path-parse-1.0.7.tgz 3758ms (cache revalidated)
2403 http fetch GET 200 https://registry.npmjs.org/p-limit/-/p-limit-3.1.0.tgz 3900ms (cache revalidated)
2404 http fetch GET 200 https://registry.npmjs.org/react-is/-/react-is-16.13.1.tgz 3908ms (cache revalidated)
2405 http fetch GET 200 https://registry.npmjs.org/yocto-queue/-/yocto-queue-0.1.0.tgz 3908ms (cache revalidated)
2406 http fetch GET 200 https://registry.npmjs.org/fast-levenshtein/-/fast-levenshtein-2.0.6.tgz 3915ms (cache revalidated)
2407 http fetch GET 200 https://registry.npmjs.org/deep-is/-/deep-is-0.1.4.tgz 3918ms (cache revalidated)
2408 http fetch GET 200 https://registry.npmjs.org/word-wrap/-/word-wrap-1.2.5.tgz 3919ms (cache revalidated)
2409 http fetch GET 200 https://registry.npmjs.org/styled-jsx/-/styled-jsx-5.1.6.tgz 3935ms (cache revalidated)
2410 http fetch GET 200 https://registry.npmjs.org/concat-map/-/concat-map-0.0.1.tgz 3935ms (cache revalidated)
2411 http fetch GET 200 https://registry.npmjs.org/balanced-match/-/balanced-match-1.0.2.tgz 3936ms (cache revalidated)
2412 http fetch GET 200 https://registry.npmjs.org/brace-expansion/-/brace-expansion-1.1.14.tgz 3944ms (cache revalidated)
2413 http fetch GET 200 https://registry.npmjs.org/nanoid/-/nanoid-3.3.11.tgz 3951ms (cache revalidated)
2414 http fetch GET 200 https://registry.npmjs.org/@next/env/-/env-16.2.4.tgz 3949ms (cache revalidated)
2415 http fetch GET 200 https://registry.npmjs.org/@swc/helpers/-/helpers-0.5.15.tgz 4056ms (cache revalidated)
2416 http fetch GET 200 https://registry.npmjs.org/tslib/-/tslib-2.8.1.tgz 4319ms (cache revalidated)
2417 http fetch GET 200 https://registry.npmjs.org/type-check/-/type-check-0.4.0.tgz 4316ms (cache revalidated)
2418 http fetch GET 200 https://registry.npmjs.org/picomatch/-/picomatch-2.3.2.tgz 4329ms (cache revalidated)
2419 http fetch GET 200 https://registry.npmjs.org/p-locate/-/p-locate-5.0.0.tgz 4330ms (cache revalidated)
2420 http fetch GET 200 https://registry.npmjs.org/braces/-/braces-3.0.3.tgz 4333ms (cache revalidated)
2421 http fetch GET 200 https://registry.npmjs.org/yallist/-/yallist-3.1.1.tgz 4335ms (cache revalidated)
2422 http fetch GET 200 https://registry.npmjs.org/prelude-ls/-/prelude-ls-1.2.1.tgz 4338ms (cache revalidated)
2423 http fetch GET 200 https://registry.npmjs.org/sharp/-/sharp-0.34.5.tgz 4352ms (cache revalidated)
2424 http fetch GET 200 https://registry.npmjs.org/side-channel/-/side-channel-1.1.0.tgz 4347ms (cache revalidated)
2425 http fetch GET 200 https://registry.npmjs.org/fill-range/-/fill-range-7.1.1.tgz 4359ms (cache revalidated)
2426 http fetch GET 200 https://registry.npmjs.org/json-buffer/-/json-buffer-3.0.1.tgz 4471ms (cache revalidated)
2427 http fetch GET 200 https://registry.npmjs.org/set-function-name/-/set-function-name-2.0.2.tgz 4472ms (cache revalidated)
2428 http fetch GET 200 https://registry.npmjs.org/detect-libc/-/detect-libc-2.1.2.tgz 4476ms (cache revalidated)
2429 http fetch GET 200 https://registry.npmjs.org/is-extglob/-/is-extglob-2.1.1.tgz 4478ms (cache revalidated)
2430 http fetch GET 200 https://registry.npmjs.org/@next/swc-win32-x64-msvc/-/swc-win32-x64-msvc-16.2.4.tgz 5969ms (cache revalidated)
2431 http fetch GET 200 https://registry.npmjs.org/argparse/-/argparse-2.0.1.tgz 6044ms (cache revalidated)
2432 http fetch GET 200 https://registry.npmjs.org/parent-module/-/parent-module-1.0.1.tgz 6045ms (cache revalidated)
2433 http fetch GET 200 https://registry.npmjs.org/resolve-from/-/resolve-from-4.0.0.tgz 6048ms (cache revalidated)
2434 http fetch GET 200 https://registry.npmjs.org/language-subtag-registry/-/language-subtag-registry-0.3.23.tgz 6060ms (cache revalidated)
2435 http fetch GET 200 https://registry.npmjs.org/keyv/-/keyv-4.5.4.tgz 6057ms (cache revalidated)
2436 http fetch GET 200 https://registry.npmjs.org/hermes-estree/-/hermes-estree-0.25.1.tgz 6063ms (cache revalidated)
2437 http fetch GET 200 https://registry.npmjs.org/to-regex-range/-/to-regex-range-5.0.1.tgz 6072ms (cache revalidated)
2438 http fetch GET 200 https://registry.npmjs.org/resolve-pkg-maps/-/resolve-pkg-maps-1.0.0.tgz 6066ms (cache revalidated)
2439 http fetch GET 200 https://registry.npmjs.org/functions-have-names/-/functions-have-names-1.2.3.tgz 6067ms (cache revalidated)
2440 http fetch GET 200 https://registry.npmjs.org/run-parallel/-/run-parallel-1.2.0.tgz 6065ms (cache revalidated)
2441 http fetch GET 200 https://registry.npmjs.org/lightningcss-win32-x64-msvc/-/lightningcss-win32-x64-msvc-1.32.0.tgz 6150ms (cache revalidated)
2442 http fetch GET 200 https://registry.npmjs.org/dunder-proto/-/dunder-proto-1.0.1.tgz 6144ms (cache revalidated)
2443 http fetch GET 200 https://registry.npmjs.org/flatted/-/flatted-3.4.2.tgz 6147ms (cache revalidated)
2444 http fetch GET 200 https://registry.npmjs.org/flat-cache/-/flat-cache-4.0.1.tgz 6148ms (cache revalidated)
2445 http fetch GET 200 https://registry.npmjs.org/micromatch/-/micromatch-4.0.8.tgz 6147ms (cache revalidated)
2446 http fetch GET 200 https://registry.npmjs.org/@nodelib/fs.stat/-/fs.stat-2.0.5.tgz 6230ms (cache revalidated)
2447 http fetch GET 200 https://registry.npmjs.org/merge2/-/merge2-1.4.1.tgz 6231ms (cache revalidated)
2448 http fetch GET 200 https://registry.npmjs.org/node-releases/-/node-releases-2.0.38.tgz 6233ms (cache revalidated)
2449 http fetch GET 200 https://registry.npmjs.org/acorn/-/acorn-8.16.0.tgz 6239ms (cache revalidated)
2450 http fetch GET 200 https://registry.npmjs.org/update-browserslist-db/-/update-browserslist-db-1.2.3.tgz 6241ms (cache revalidated)
2451 http fetch GET 200 https://registry.npmjs.org/lru-cache/-/lru-cache-5.1.1.tgz 6241ms (cache revalidated)
2452 http fetch GET 200 https://registry.npmjs.org/path-exists/-/path-exists-4.0.0.tgz 6249ms (cache revalidated)
2453 http fetch GET 200 https://registry.npmjs.org/esrecurse/-/esrecurse-4.3.0.tgz 6246ms (cache revalidated)
2454 http fetch GET 200 https://registry.npmjs.org/electron-to-chromium/-/electron-to-chromium-1.5.344.tgz 6249ms (cache revalidated)
2455 http fetch GET 200 https://registry.npmjs.org/fastq/-/fastq-1.20.1.tgz 6256ms (cache revalidated)
2456 http fetch GET 200 https://registry.npmjs.org/@babel/helper-string-parser/-/helper-string-parser-7.27.1.tgz 6259ms (cache revalidated)
2457 http fetch GET 200 https://registry.npmjs.org/acorn-jsx/-/acorn-jsx-5.3.2.tgz 6263ms (cache revalidated)
2458 http fetch GET 200 https://registry.npmjs.org/baseline-browser-mapping/-/baseline-browser-mapping-2.10.24.tgz 6267ms (cache revalidated)
2459 http fetch GET 200 https://registry.npmjs.org/caniuse-lite/-/caniuse-lite-1.0.30001791.tgz 6323ms (cache revalidated)
2460 http fetch GET 200 https://registry.npmjs.org/@babel/helper-globals/-/helper-globals-7.28.0.tgz 6327ms (cache revalidated)
2461 http fetch GET 200 https://registry.npmjs.org/browserslist/-/browserslist-4.28.2.tgz 6409ms (cache revalidated)
2462 http fetch GET 200 https://registry.npmjs.org/locate-path/-/locate-path-6.0.0.tgz 6418ms (cache revalidated)
2463 http fetch GET 200 https://registry.npmjs.org/js-tokens/-/js-tokens-4.0.0.tgz 6412ms (cache revalidated)
2464 http fetch GET 200 https://registry.npmjs.org/jsesc/-/jsesc-3.1.0.tgz 6414ms (cache revalidated)
2465 http fetch GET 200 https://registry.npmjs.org/picocolors/-/picocolors-1.1.1.tgz 6416ms (cache revalidated)
2466 http fetch GET 200 https://registry.npmjs.org/gensync/-/gensync-1.0.0-beta.2.tgz 6420ms (cache revalidated)
2467 http fetch GET 200 https://registry.npmjs.org/@babel/compat-data/-/compat-data-7.29.0.tgz 6425ms (cache revalidated)
2468 http fetch GET 200 https://registry.npmjs.org/zod-validation-error/-/zod-validation-error-4.0.2.tgz 6422ms (cache revalidated)
2469 http fetch GET 200 https://registry.npmjs.org/@babel/helper-validator-option/-/helper-validator-option-7.27.1.tgz 6429ms (cache revalidated)
2470 http fetch GET 200 https://registry.npmjs.org/convert-source-map/-/convert-source-map-2.0.0.tgz 6426ms (cache revalidated)
2471 http fetch GET 200 https://registry.npmjs.org/@babel/helper-module-imports/-/helper-module-imports-7.28.6.tgz 6434ms (cache revalidated)
2472 http fetch GET 200 https://registry.npmjs.org/@nodelib/fs.scandir/-/fs.scandir-2.1.5.tgz 6441ms (cache revalidated)
2473 http fetch GET 200 https://registry.npmjs.org/@babel/helper-validator-identifier/-/helper-validator-identifier-7.28.5.tgz 6437ms (cache revalidated)
2474 http fetch GET 200 https://registry.npmjs.org/@babel/traverse/-/traverse-7.29.0.tgz 6441ms (cache revalidated)
2475 http fetch GET 200 https://registry.npmjs.org/@babel/types/-/types-7.29.0.tgz 6462ms (cache revalidated)
