npm run dev0 verbose cli C:\Program Files\nodejs\node.exe C:\Program Files\nodejs\node_modules\npm\bin\npm-cli.js
1 info using npm@11.9.0
2 info using node@v24.14.0
3 silly config load:file:C:\Program Files\nodejs\node_modules\npm\npmrc
4 silly config load:file:C:\Users\Usuario01\TC-ERP\web\.npmrc
5 silly config load:file:C:\Users\Usuario01\.npmrc
6 silly config load:file:C:\Users\Usuario01\AppData\Roaming\npm\etc\npmrc
7 verbose title npm install
8 verbose argv "install" "--cache" ".npm-cache" "--prefer-online" "--no-audit" "--no-fund"
9 verbose logfile logs-max:10 dir:C:\Users\Usuario01\TC-ERP\web\.npm-cache\_logs\2026-04-28T20_36_33_428Z-
10 verbose logfile C:\Users\Usuario01\TC-ERP\web\.npm-cache\_logs\2026-04-28T20_36_33_428Z-debug-0.log
11 silly logfile done cleaning log files
12 silly packumentCache heap:4496293888 maxSize:1124073472 maxEntrySize:562036736
13 silly idealTree buildDeps
14 silly fetch manifest next@16.2.4
15 silly packumentCache full:https://registry.npmjs.org/next cache-miss
16 http fetch GET 200 https://registry.npmjs.org/npm 555ms
17 http fetch GET 200 https://registry.npmjs.org/next 1200ms (cache miss)
18 silly packumentCache full:https://registry.npmjs.org/next set size:undefined disposed:false
19 silly fetch manifest @opentelemetry/api@^1.1.0
20 silly packumentCache full:https://registry.npmjs.org/@opentelemetry%2fapi cache-miss
21 http fetch GET 200 https://registry.npmjs.org/@opentelemetry%2fapi 144ms (cache miss)
22 silly packumentCache full:https://registry.npmjs.org/@opentelemetry%2fapi set size:undefined disposed:false
23 silly fetch manifest @playwright/test@^1.51.1
24 silly packumentCache full:https://registry.npmjs.org/@playwright%2ftest cache-miss
25 http fetch GET 200 https://registry.npmjs.org/@playwright%2ftest 371ms (cache miss)
26 silly packumentCache full:https://registry.npmjs.org/@playwright%2ftest set size:undefined disposed:false
27 silly fetch manifest babel-plugin-react-compiler@*
28 silly packumentCache full:https://registry.npmjs.org/babel-plugin-react-compiler cache-miss
29 http fetch GET 200 https://registry.npmjs.org/babel-plugin-react-compiler 123ms (cache miss)
30 silly packumentCache full:https://registry.npmjs.org/babel-plugin-react-compiler set size:undefined disposed:false
31 silly fetch manifest react@19.2.4
32 silly packumentCache full:https://registry.npmjs.org/react cache-miss
33 http fetch GET 200 https://registry.npmjs.org/react 275ms (cache miss)
34 silly packumentCache full:https://registry.npmjs.org/react set size:undefined disposed:false
35 silly fetch manifest react-dom@19.2.4
36 silly packumentCache full:https://registry.npmjs.org/react-dom cache-miss
37 http fetch GET 200 https://registry.npmjs.org/react-dom 318ms (cache miss)
38 silly packumentCache full:https://registry.npmjs.org/react-dom set size:undefined disposed:false
39 silly fetch manifest sass@^1.3.0
40 silly packumentCache full:https://registry.npmjs.org/sass cache-miss
41 http fetch GET 200 https://registry.npmjs.org/sass 129ms (cache miss)
42 silly packumentCache full:https://registry.npmjs.org/sass set size:undefined disposed:false
43 silly fetch manifest @tailwindcss/postcss@^4
44 silly packumentCache full:https://registry.npmjs.org/@tailwindcss%2fpostcss cache-miss
45 http fetch GET 200 https://registry.npmjs.org/@tailwindcss%2fpostcss 150ms (cache miss)
46 silly packumentCache full:https://registry.npmjs.org/@tailwindcss%2fpostcss set size:undefined disposed:false
47 silly fetch manifest @types/node@^20
48 silly packumentCache full:https://registry.npmjs.org/@types%2fnode cache-miss
49 http fetch GET 200 https://registry.npmjs.org/@types%2fnode 328ms (cache miss)
50 silly packumentCache full:https://registry.npmjs.org/@types%2fnode set size:undefined disposed:false
51 silly fetch manifest @types/react@^19
52 silly packumentCache full:https://registry.npmjs.org/@types%2freact cache-miss
53 http fetch GET 200 https://registry.npmjs.org/@types%2freact 165ms (cache miss)
54 silly packumentCache full:https://registry.npmjs.org/@types%2freact set size:undefined disposed:false
55 silly fetch manifest @types/react-dom@^19
56 silly packumentCache full:https://registry.npmjs.org/@types%2freact-dom cache-miss
57 http fetch GET 200 https://registry.npmjs.org/@types%2freact-dom 126ms (cache miss)
58 silly packumentCache full:https://registry.npmjs.org/@types%2freact-dom set size:undefined disposed:false
59 silly fetch manifest eslint@^9
60 silly packumentCache full:https://registry.npmjs.org/eslint cache-miss
61 http fetch GET 200 https://registry.npmjs.org/eslint 145ms (cache miss)
62 silly packumentCache full:https://registry.npmjs.org/eslint set size:undefined disposed:false
63 silly fetch manifest jiti@*
64 silly packumentCache full:https://registry.npmjs.org/jiti cache-miss
65 http fetch GET 200 https://registry.npmjs.org/jiti 105ms (cache miss)
66 silly packumentCache full:https://registry.npmjs.org/jiti set size:undefined disposed:false
67 silly fetch manifest eslint-config-next@16.2.4
68 silly packumentCache full:https://registry.npmjs.org/eslint-config-next cache-miss
69 http fetch GET 200 https://registry.npmjs.org/eslint-config-next 283ms (cache miss)
70 silly packumentCache full:https://registry.npmjs.org/eslint-config-next set size:undefined disposed:false
71 silly fetch manifest typescript@^5
72 silly packumentCache full:https://registry.npmjs.org/typescript cache-miss
73 http fetch GET 200 https://registry.npmjs.org/typescript 483ms (cache miss)
74 silly packumentCache full:https://registry.npmjs.org/typescript set size:undefined disposed:false
75 silly fetch manifest tailwindcss@^4
76 silly packumentCache full:https://registry.npmjs.org/tailwindcss cache-miss
77 http fetch GET 200 https://registry.npmjs.org/tailwindcss 328ms (cache miss)
78 silly packumentCache full:https://registry.npmjs.org/tailwindcss set size:undefined disposed:false
79 silly placeDep ROOT @tailwindcss/postcss@4.2.4 OK for: web@0.1.0 want: ^4
80 silly placeDep ROOT @types/node@20.19.39 OK for: web@0.1.0 want: ^20
81 silly placeDep ROOT @types/react@19.2.14 OK for: web@0.1.0 want: ^19
82 silly placeDep ROOT @types/react-dom@19.2.3 OK for: web@0.1.0 want: ^19
83 silly placeDep ROOT eslint@9.39.4 OK for: web@0.1.0 want: ^9
84 silly placeDep ROOT eslint-config-next@16.2.4 OK for: web@0.1.0 want: 16.2.4
85 silly placeDep ROOT next@16.2.4 OK for: web@0.1.0 want: 16.2.4
86 silly placeDep ROOT react@19.2.4 OK for: next@16.2.4 want: ^18.2.0 || 19.0.0-rc-de68d2f4-20241204 || ^19.0.0
87 silly placeDep ROOT react-dom@19.2.4 OK for: next@16.2.4 want: ^18.2.0 || 19.0.0-rc-de68d2f4-20241204 || ^19.0.0
88 silly placeDep ROOT tailwindcss@4.2.4 OK for: web@0.1.0 want: ^4
89 silly placeDep ROOT typescript@5.9.3 OK for: web@0.1.0 want: ^5
90 silly fetch manifest postcss@^8.5.6
91 silly packumentCache full:https://registry.npmjs.org/postcss cache-miss
92 silly fetch manifest tailwindcss@4.2.4
93 silly packumentCache full:https://registry.npmjs.org/tailwindcss cache-miss
94 silly fetch manifest @alloc/quick-lru@^5.2.0
95 silly packumentCache full:https://registry.npmjs.org/@alloc%2fquick-lru cache-miss
96 silly fetch manifest @tailwindcss/node@4.2.4
97 silly packumentCache full:https://registry.npmjs.org/@tailwindcss%2fnode cache-miss
98 silly fetch manifest @tailwindcss/oxide@4.2.4
99 silly packumentCache full:https://registry.npmjs.org/@tailwindcss%2foxide cache-miss
100 silly fetch manifest undici-types@~6.21.0
101 silly packumentCache full:https://registry.npmjs.org/undici-types cache-miss
102 silly fetch manifest csstype@^3.2.2
103 silly packumentCache full:https://registry.npmjs.org/csstype cache-miss
104 http fetch GET 200 https://registry.npmjs.org/@alloc%2fquick-lru 118ms (cache miss)
105 silly packumentCache full:https://registry.npmjs.org/@alloc%2fquick-lru set size:undefined disposed:false
106 silly fetch manifest ajv@^6.14.0
107 silly packumentCache full:https://registry.npmjs.org/ajv cache-miss
108 http fetch GET 200 https://registry.npmjs.org/postcss 150ms (cache miss)
109 silly packumentCache full:https://registry.npmjs.org/postcss set size:undefined disposed:false
110 silly fetch manifest chalk@^4.0.0
111 silly packumentCache full:https://registry.npmjs.org/chalk cache-miss
112 http fetch GET 200 https://registry.npmjs.org/ajv 127ms (cache miss)
113 silly packumentCache full:https://registry.npmjs.org/ajv set size:undefined disposed:false
114 silly fetch manifest debug@^4.3.2
115 silly packumentCache full:https://registry.npmjs.org/debug cache-miss
116 http fetch GET 200 https://registry.npmjs.org/chalk 133ms (cache miss)
117 silly packumentCache full:https://registry.npmjs.org/chalk set size:undefined disposed:false
118 silly fetch manifest espree@^10.4.0
119 silly packumentCache full:https://registry.npmjs.org/espree cache-miss
120 http fetch GET 200 https://registry.npmjs.org/tailwindcss 421ms (cache revalidated)
121 silly packumentCache full:https://registry.npmjs.org/tailwindcss set size:10396621 disposed:false
122 silly fetch manifest ignore@^5.2.0
123 silly packumentCache full:https://registry.npmjs.org/ignore cache-miss
124 http fetch GET 200 https://registry.npmjs.org/debug 348ms (cache miss)
125 silly packumentCache full:https://registry.npmjs.org/debug set size:undefined disposed:false
126 silly fetch manifest esquery@^1.5.0
127 silly packumentCache full:https://registry.npmjs.org/esquery cache-miss
128 http fetch GET 200 https://registry.npmjs.org/undici-types 629ms (cache miss)
129 silly packumentCache full:https://registry.npmjs.org/undici-types set size:undefined disposed:false
130 silly fetch manifest esutils@^2.0.2
131 silly packumentCache full:https://registry.npmjs.org/esutils cache-miss
132 http fetch GET 200 https://registry.npmjs.org/espree 352ms (cache miss)
133 silly packumentCache full:https://registry.npmjs.org/espree set size:undefined disposed:false
134 silly fetch manifest find-up@^5.0.0
135 silly packumentCache full:https://registry.npmjs.org/find-up cache-miss
136 http fetch GET 200 https://registry.npmjs.org/csstype 665ms (cache miss)
137 silly packumentCache full:https://registry.npmjs.org/csstype set size:undefined disposed:false
138 silly fetch manifest is-glob@^4.0.0
139 silly packumentCache full:https://registry.npmjs.org/is-glob cache-miss
140 http fetch GET 200 https://registry.npmjs.org/esquery 113ms (cache miss)
141 silly packumentCache full:https://registry.npmjs.org/esquery set size:undefined disposed:false
142 silly fetch manifest minimatch@^3.1.5
143 silly packumentCache full:https://registry.npmjs.org/minimatch cache-miss
144 http fetch GET 200 https://registry.npmjs.org/ignore 189ms (cache miss)
145 silly packumentCache full:https://registry.npmjs.org/ignore set size:undefined disposed:false
146 silly fetch manifest @eslint/js@9.39.4
147 silly packumentCache full:https://registry.npmjs.org/@eslint%2fjs cache-miss
148 http fetch GET 200 https://registry.npmjs.org/esutils 170ms (cache miss)
149 silly packumentCache full:https://registry.npmjs.org/esutils set size:undefined disposed:false
150 silly fetch manifest optionator@^0.9.3
151 silly packumentCache full:https://registry.npmjs.org/optionator cache-miss
152 http fetch GET 200 https://registry.npmjs.org/find-up 163ms (cache miss)
153 silly packumentCache full:https://registry.npmjs.org/find-up set size:undefined disposed:false
154 silly fetch manifest cross-spawn@^7.0.6
155 silly packumentCache full:https://registry.npmjs.org/cross-spawn cache-miss
156 http fetch GET 200 https://registry.npmjs.org/is-glob 165ms (cache miss)
157 silly packumentCache full:https://registry.npmjs.org/is-glob set size:undefined disposed:false
158 silly fetch manifest glob-parent@^6.0.2
159 silly packumentCache full:https://registry.npmjs.org/glob-parent cache-miss
160 http fetch GET 200 https://registry.npmjs.org/minimatch 133ms (cache miss)
161 silly packumentCache full:https://registry.npmjs.org/minimatch set size:undefined disposed:false
162 silly fetch manifest imurmurhash@^0.1.4
163 silly packumentCache full:https://registry.npmjs.org/imurmurhash cache-miss
164 http fetch GET 200 https://registry.npmjs.org/@tailwindcss%2fnode 878ms (cache miss)
165 silly packumentCache full:https://registry.npmjs.org/@tailwindcss%2fnode set size:undefined disposed:false
166 silly fetch manifest @eslint/core@^0.17.0
167 silly packumentCache full:https://registry.npmjs.org/@eslint%2fcore cache-miss
168 http fetch GET 200 https://registry.npmjs.org/optionator 125ms (cache miss)
169 silly packumentCache full:https://registry.npmjs.org/optionator set size:undefined disposed:false
170 silly fetch manifest eslint-scope@^8.4.0
171 silly packumentCache full:https://registry.npmjs.org/eslint-scope cache-miss
172 http fetch GET 200 https://registry.npmjs.org/@eslint%2fjs 171ms (cache miss)
173 silly packumentCache full:https://registry.npmjs.org/@eslint%2fjs set size:undefined disposed:false
174 silly fetch manifest lodash.merge@^4.6.2
175 silly packumentCache full:https://registry.npmjs.org/lodash.merge cache-miss
176 http fetch GET 200 https://registry.npmjs.org/cross-spawn 121ms (cache miss)
177 silly packumentCache full:https://registry.npmjs.org/cross-spawn set size:undefined disposed:false
178 silly fetch manifest @humanfs/node@^0.16.6
179 silly packumentCache full:https://registry.npmjs.org/@humanfs%2fnode cache-miss
180 http fetch GET 200 https://registry.npmjs.org/glob-parent 127ms (cache miss)
181 silly packumentCache full:https://registry.npmjs.org/glob-parent set size:undefined disposed:false
182 silly fetch manifest @types/estree@^1.0.6
183 silly packumentCache full:https://registry.npmjs.org/@types%2festree cache-miss
184 http fetch GET 200 https://registry.npmjs.org/imurmurhash 106ms (cache miss)
185 silly packumentCache full:https://registry.npmjs.org/imurmurhash set size:undefined disposed:false
186 silly fetch manifest fast-deep-equal@^3.1.3
187 silly packumentCache full:https://registry.npmjs.org/fast-deep-equal cache-miss
188 http fetch GET 200 https://registry.npmjs.org/@tailwindcss%2foxide 1000ms (cache miss)
189 silly packumentCache full:https://registry.npmjs.org/@tailwindcss%2foxide set size:undefined disposed:false
190 silly fetch manifest natural-compare@^1.4.0
191 silly packumentCache full:https://registry.npmjs.org/natural-compare cache-miss
192 http fetch GET 200 https://registry.npmjs.org/lodash.merge 111ms (cache miss)
193 silly packumentCache full:https://registry.npmjs.org/lodash.merge set size:undefined disposed:false
194 silly fetch manifest @eslint/eslintrc@^3.3.5
195 silly packumentCache full:https://registry.npmjs.org/@eslint%2feslintrc cache-miss
196 http fetch GET 200 https://registry.npmjs.org/@eslint%2fcore 180ms (cache miss)
197 silly packumentCache full:https://registry.npmjs.org/@eslint%2fcore set size:undefined disposed:false
198 silly fetch manifest file-entry-cache@^8.0.0
199 silly packumentCache full:https://registry.npmjs.org/file-entry-cache cache-miss
200 http fetch GET 200 https://registry.npmjs.org/@humanfs%2fnode 140ms (cache miss)
201 silly packumentCache full:https://registry.npmjs.org/@humanfs%2fnode set size:undefined disposed:false
202 silly fetch manifest @eslint/plugin-kit@^0.4.1
203 silly packumentCache full:https://registry.npmjs.org/@eslint%2fplugin-kit cache-miss
204 http fetch GET 200 https://registry.npmjs.org/eslint-scope 166ms (cache miss)
205 silly packumentCache full:https://registry.npmjs.org/eslint-scope set size:undefined disposed:false
206 silly fetch manifest eslint-visitor-keys@^4.2.1
207 silly packumentCache full:https://registry.npmjs.org/eslint-visitor-keys cache-miss
208 http fetch GET 200 https://registry.npmjs.org/@types%2festree 138ms (cache miss)
209 silly packumentCache full:https://registry.npmjs.org/@types%2festree set size:undefined disposed:false
210 silly fetch manifest @eslint/config-array@^0.21.2
211 silly packumentCache full:https://registry.npmjs.org/@eslint%2fconfig-array cache-miss
212 http fetch GET 200 https://registry.npmjs.org/fast-deep-equal 135ms (cache miss)
213 silly packumentCache full:https://registry.npmjs.org/fast-deep-equal set size:undefined disposed:false
214 silly fetch manifest @humanwhocodes/retry@^0.4.2
215 silly packumentCache full:https://registry.npmjs.org/@humanwhocodes%2fretry cache-miss
216 http fetch GET 200 https://registry.npmjs.org/natural-compare 113ms (cache miss)
217 silly packumentCache full:https://registry.npmjs.org/natural-compare set size:undefined disposed:false
218 silly fetch manifest escape-string-regexp@^4.0.0
219 silly packumentCache full:https://registry.npmjs.org/escape-string-regexp cache-miss
220 http fetch GET 200 https://registry.npmjs.org/file-entry-cache 97ms (cache miss)
221 silly packumentCache full:https://registry.npmjs.org/file-entry-cache set size:undefined disposed:false
222 silly fetch manifest @eslint/config-helpers@^0.4.2
223 silly packumentCache full:https://registry.npmjs.org/@eslint%2fconfig-helpers cache-miss
224 http fetch GET 200 https://registry.npmjs.org/@eslint%2feslintrc 143ms (cache miss)
225 silly packumentCache full:https://registry.npmjs.org/@eslint%2feslintrc set size:undefined disposed:false
226 silly fetch manifest @eslint-community/regexpp@^4.12.1
227 silly packumentCache full:https://registry.npmjs.org/@eslint-community%2fregexpp cache-miss
228 http fetch GET 200 https://registry.npmjs.org/eslint-visitor-keys 102ms (cache miss)
229 silly packumentCache full:https://registry.npmjs.org/eslint-visitor-keys set size:undefined disposed:false
230 silly fetch manifest @eslint-community/eslint-utils@^4.8.0
231 silly packumentCache full:https://registry.npmjs.org/@eslint-community%2feslint-utils cache-miss
232 http fetch GET 200 https://registry.npmjs.org/@eslint%2fplugin-kit 130ms (cache miss)
233 silly packumentCache full:https://registry.npmjs.org/@eslint%2fplugin-kit set size:undefined disposed:false
234 silly fetch manifest @humanwhocodes/module-importer@^1.0.1
235 silly packumentCache full:https://registry.npmjs.org/@humanwhocodes%2fmodule-importer cache-miss
236 http fetch GET 200 https://registry.npmjs.org/escape-string-regexp 99ms (cache miss)
237 silly packumentCache full:https://registry.npmjs.org/escape-string-regexp set size:undefined disposed:false
238 silly fetch manifest json-stable-stringify-without-jsonify@^1.0.1
239 silly packumentCache full:https://registry.npmjs.org/json-stable-stringify-without-jsonify cache-miss
240 http fetch GET 200 https://registry.npmjs.org/@eslint%2fconfig-array 138ms (cache miss)
241 silly packumentCache full:https://registry.npmjs.org/@eslint%2fconfig-array set size:undefined disposed:false
242 silly fetch manifest globals@16.4.0
243 silly packumentCache full:https://registry.npmjs.org/globals cache-miss
244 http fetch GET 200 https://registry.npmjs.org/@humanwhocodes%2fretry 137ms (cache miss)
245 silly packumentCache full:https://registry.npmjs.org/@humanwhocodes%2fretry set size:undefined disposed:false
246 silly fetch manifest typescript-eslint@^8.46.0
247 silly packumentCache full:https://registry.npmjs.org/typescript-eslint cache-miss
248 http fetch GET 200 https://registry.npmjs.org/@eslint%2fconfig-helpers 105ms (cache miss)
249 silly packumentCache full:https://registry.npmjs.org/@eslint%2fconfig-helpers set size:undefined disposed:false
250 silly fetch manifest eslint-plugin-react@^7.37.0
251 silly packumentCache full:https://registry.npmjs.org/eslint-plugin-react cache-miss
252 http fetch GET 200 https://registry.npmjs.org/@eslint-community%2fregexpp 115ms (cache miss)
253 silly packumentCache full:https://registry.npmjs.org/@eslint-community%2fregexpp set size:undefined disposed:false
254 silly fetch manifest eslint-plugin-import@^2.32.0
255 silly packumentCache full:https://registry.npmjs.org/eslint-plugin-import cache-miss
256 http fetch GET 200 https://registry.npmjs.org/@eslint-community%2feslint-utils 121ms (cache miss)
257 silly packumentCache full:https://registry.npmjs.org/@eslint-community%2feslint-utils set size:undefined disposed:false
258 silly fetch manifest eslint-plugin-jsx-a11y@^6.10.0
259 silly packumentCache full:https://registry.npmjs.org/eslint-plugin-jsx-a11y cache-miss
260 http fetch GET 200 https://registry.npmjs.org/json-stable-stringify-without-jsonify 104ms (cache miss)
261 silly packumentCache full:https://registry.npmjs.org/json-stable-stringify-without-jsonify set size:undefined disposed:false
262 silly fetch manifest @next/eslint-plugin-next@16.2.4
263 silly packumentCache full:https://registry.npmjs.org/@next%2feslint-plugin-next cache-miss
264 http fetch GET 200 https://registry.npmjs.org/@humanwhocodes%2fmodule-importer 129ms (cache miss)
265 silly packumentCache full:https://registry.npmjs.org/@humanwhocodes%2fmodule-importer set size:undefined disposed:false
266 silly fetch manifest eslint-plugin-react-hooks@^7.0.0
267 silly packumentCache full:https://registry.npmjs.org/eslint-plugin-react-hooks cache-miss
268 http fetch GET 200 https://registry.npmjs.org/globals 119ms (cache miss)
269 silly packumentCache full:https://registry.npmjs.org/globals set size:undefined disposed:false
270 silly fetch manifest eslint-import-resolver-node@^0.3.6
271 silly packumentCache full:https://registry.npmjs.org/eslint-import-resolver-node cache-miss
272 http fetch GET 200 https://registry.npmjs.org/eslint-plugin-react 137ms (cache miss)
273 silly packumentCache full:https://registry.npmjs.org/eslint-plugin-react set size:undefined disposed:false
274 silly fetch manifest eslint-import-resolver-typescript@^3.5.2
275 silly packumentCache full:https://registry.npmjs.org/eslint-import-resolver-typescript cache-miss
276 http fetch GET 200 https://registry.npmjs.org/eslint-plugin-jsx-a11y 165ms (cache miss)
277 silly packumentCache full:https://registry.npmjs.org/eslint-plugin-jsx-a11y set size:undefined disposed:false
278 silly fetch manifest postcss@8.4.31
279 silly packumentCache full:https://registry.npmjs.org/postcss cache-miss
280 http fetch GET 200 https://registry.npmjs.org/eslint-import-resolver-node 128ms (cache miss)
281 silly packumentCache full:https://registry.npmjs.org/eslint-import-resolver-node set size:undefined disposed:false
282 silly fetch manifest @next/env@16.2.4
283 silly packumentCache full:https://registry.npmjs.org/@next%2fenv cache-miss
284 http fetch GET 200 https://registry.npmjs.org/eslint-plugin-import 203ms (cache miss)
285 silly packumentCache full:https://registry.npmjs.org/eslint-plugin-import set size:undefined disposed:false
286 silly fetch manifest styled-jsx@5.1.6
287 silly packumentCache full:https://registry.npmjs.org/styled-jsx cache-miss
288 http fetch GET 200 https://registry.npmjs.org/eslint-import-resolver-typescript 151ms (cache miss)
289 silly packumentCache full:https://registry.npmjs.org/eslint-import-resolver-typescript set size:undefined disposed:false
290 silly fetch manifest @swc/helpers@0.5.15
291 silly packumentCache full:https://registry.npmjs.org/@swc%2fhelpers cache-miss
292 http fetch GET 200 https://registry.npmjs.org/postcss 160ms (cache revalidated)
293 silly packumentCache full:https://registry.npmjs.org/postcss set size:714272 disposed:false
294 silly fetch manifest caniuse-lite@^1.0.30001579
295 silly packumentCache full:https://registry.npmjs.org/caniuse-lite cache-miss
296 http fetch GET 200 https://registry.npmjs.org/styled-jsx 213ms (cache miss)
297 silly packumentCache full:https://registry.npmjs.org/styled-jsx set size:undefined disposed:false
298 silly fetch manifest baseline-browser-mapping@^2.9.19
299 silly packumentCache full:https://registry.npmjs.org/baseline-browser-mapping cache-miss
300 http fetch GET 200 https://registry.npmjs.org/typescript-eslint 517ms (cache miss)
301 silly packumentCache full:https://registry.npmjs.org/typescript-eslint set size:undefined disposed:false
302 silly fetch manifest sharp@^0.34.5
303 silly packumentCache full:https://registry.npmjs.org/sharp cache-miss
304 http fetch GET 200 https://registry.npmjs.org/@swc%2fhelpers 294ms (cache miss)
305 silly packumentCache full:https://registry.npmjs.org/@swc%2fhelpers set size:undefined disposed:false
306 silly fetch manifest @next/swc-darwin-x64@16.2.4
307 silly packumentCache full:https://registry.npmjs.org/@next%2fswc-darwin-x64 cache-miss
308 http fetch GET 200 https://registry.npmjs.org/baseline-browser-mapping 179ms (cache miss)
309 silly packumentCache full:https://registry.npmjs.org/baseline-browser-mapping set size:undefined disposed:false
310 silly fetch manifest @next/swc-darwin-arm64@16.2.4
311 silly packumentCache full:https://registry.npmjs.org/@next%2fswc-darwin-arm64 cache-miss
312 http fetch GET 200 https://registry.npmjs.org/sharp 215ms (cache miss)
313 silly packumentCache full:https://registry.npmjs.org/sharp set size:undefined disposed:false
314 silly fetch manifest @next/swc-linux-x64-gnu@16.2.4
315 silly packumentCache full:https://registry.npmjs.org/@next%2fswc-linux-x64-gnu cache-miss
316 http fetch GET 200 https://registry.npmjs.org/caniuse-lite 391ms (cache miss)
317 silly packumentCache full:https://registry.npmjs.org/caniuse-lite set size:undefined disposed:false
318 silly fetch manifest @next/swc-linux-x64-musl@16.2.4
319 silly packumentCache full:https://registry.npmjs.org/@next%2fswc-linux-x64-musl cache-miss
320 http fetch GET 200 https://registry.npmjs.org/@next%2feslint-plugin-next 959ms (cache miss)
321 silly packumentCache full:https://registry.npmjs.org/@next%2feslint-plugin-next set size:undefined disposed:false
322 silly fetch manifest @next/swc-win32-x64-msvc@16.2.4
323 silly packumentCache full:https://registry.npmjs.org/@next%2fswc-win32-x64-msvc cache-miss
324 http fetch GET 200 https://registry.npmjs.org/eslint-plugin-react-hooks 1086ms (cache miss)
325 silly packumentCache full:https://registry.npmjs.org/eslint-plugin-react-hooks set size:undefined disposed:false
326 silly fetch manifest @next/swc-linux-arm64-gnu@16.2.4
327 silly packumentCache full:https://registry.npmjs.org/@next%2fswc-linux-arm64-gnu cache-miss
328 http fetch GET 200 https://registry.npmjs.org/@next%2fenv 1096ms (cache miss)
329 silly packumentCache full:https://registry.npmjs.org/@next%2fenv set size:undefined disposed:false
330 silly fetch manifest @next/swc-linux-arm64-musl@16.2.4
331 silly packumentCache full:https://registry.npmjs.org/@next%2fswc-linux-arm64-musl cache-miss
332 http fetch GET 200 https://registry.npmjs.org/@next%2fswc-darwin-x64 930ms (cache miss)
333 silly packumentCache full:https://registry.npmjs.org/@next%2fswc-darwin-x64 set size:undefined disposed:false
334 silly fetch manifest @next/swc-win32-arm64-msvc@16.2.4
335 silly packumentCache full:https://registry.npmjs.org/@next%2fswc-win32-arm64-msvc cache-miss
336 http fetch GET 200 https://registry.npmjs.org/@next%2fswc-darwin-arm64 939ms (cache miss)
337 silly packumentCache full:https://registry.npmjs.org/@next%2fswc-darwin-arm64 set size:undefined disposed:false
338 silly fetch manifest scheduler@^0.27.0
339 silly packumentCache full:https://registry.npmjs.org/scheduler cache-miss
340 http fetch GET 200 https://registry.npmjs.org/@next%2fswc-linux-x64-gnu 964ms (cache miss)
341 silly packumentCache full:https://registry.npmjs.org/@next%2fswc-linux-x64-gnu set size:undefined disposed:false
342 http fetch GET 200 https://registry.npmjs.org/@next%2fswc-linux-x64-musl 1001ms (cache miss)
343 silly packumentCache full:https://registry.npmjs.org/@next%2fswc-linux-x64-musl set size:undefined disposed:false
344 http fetch GET 200 https://registry.npmjs.org/@next%2fswc-win32-x64-msvc 852ms (cache miss)
345 silly packumentCache full:https://registry.npmjs.org/@next%2fswc-win32-x64-msvc set size:undefined disposed:false
346 http fetch GET 200 https://registry.npmjs.org/@next%2fswc-linux-arm64-gnu 810ms (cache miss)
347 silly packumentCache full:https://registry.npmjs.org/@next%2fswc-linux-arm64-gnu set size:undefined disposed:false
348 http fetch GET 200 https://registry.npmjs.org/@next%2fswc-linux-arm64-musl 792ms (cache miss)
349 silly packumentCache full:https://registry.npmjs.org/@next%2fswc-linux-arm64-musl set size:undefined disposed:false
350 http fetch GET 200 https://registry.npmjs.org/@next%2fswc-win32-arm64-msvc 664ms (cache miss)
351 silly packumentCache full:https://registry.npmjs.org/@next%2fswc-win32-arm64-msvc set size:undefined disposed:false
352 http fetch GET 200 https://registry.npmjs.org/scheduler 678ms (cache miss)
353 silly packumentCache full:https://registry.npmjs.org/scheduler set size:undefined disposed:false
354 silly placeDep ROOT @alloc/quick-lru@5.2.0 OK for: @tailwindcss/postcss@4.2.4 want: ^5.2.0
355 silly placeDep ROOT @tailwindcss/node@4.2.4 OK for: @tailwindcss/postcss@4.2.4 want: 4.2.4
356 silly placeDep ROOT @tailwindcss/oxide@4.2.4 OK for: @tailwindcss/postcss@4.2.4 want: 4.2.4
357 silly placeDep ROOT postcss@8.5.12 OK for: @tailwindcss/postcss@4.2.4 want: ^8.5.6
358 silly fetch manifest jiti@^2.6.1
359 silly packumentCache full:https://registry.npmjs.org/jiti cache-miss
360 silly fetch manifest lightningcss@1.32.0
361 silly packumentCache full:https://registry.npmjs.org/lightningcss cache-miss
362 silly fetch manifest magic-string@^0.30.21
363 silly packumentCache full:https://registry.npmjs.org/magic-string cache-miss
364 silly fetch manifest source-map-js@^1.2.1
365 silly packumentCache full:https://registry.npmjs.org/source-map-js cache-miss
366 silly fetch manifest enhanced-resolve@^5.19.0
367 silly packumentCache full:https://registry.npmjs.org/enhanced-resolve cache-miss
368 silly fetch manifest @jridgewell/remapping@^2.3.5
369 silly packumentCache full:https://registry.npmjs.org/@jridgewell%2fremapping cache-miss
370 silly fetch manifest @tailwindcss/oxide-darwin-x64@4.2.4
371 silly packumentCache full:https://registry.npmjs.org/@tailwindcss%2foxide-darwin-x64 cache-miss
372 http fetch GET 200 https://registry.npmjs.org/jiti 141ms (cache revalidated)
373 silly packumentCache full:https://registry.npmjs.org/jiti set size:382310 disposed:false
374 silly fetch manifest @tailwindcss/oxide-freebsd-x64@4.2.4
375 silly packumentCache full:https://registry.npmjs.org/@tailwindcss%2foxide-freebsd-x64 cache-miss
376 http fetch GET 200 https://registry.npmjs.org/source-map-js 151ms (cache miss)
377 silly packumentCache full:https://registry.npmjs.org/source-map-js set size:undefined disposed:false
378 silly fetch manifest @tailwindcss/oxide-wasm32-wasi@4.2.4
379 silly packumentCache full:https://registry.npmjs.org/@tailwindcss%2foxide-wasm32-wasi cache-miss
380 http fetch GET 200 https://registry.npmjs.org/lightningcss 162ms (cache miss)
381 silly packumentCache full:https://registry.npmjs.org/lightningcss set size:undefined disposed:false
382 silly fetch manifest @tailwindcss/oxide-darwin-arm64@4.2.4
383 silly packumentCache full:https://registry.npmjs.org/@tailwindcss%2foxide-darwin-arm64 cache-miss
384 http fetch GET 200 https://registry.npmjs.org/magic-string 178ms (cache miss)
385 silly packumentCache full:https://registry.npmjs.org/magic-string set size:undefined disposed:false
386 silly fetch manifest @tailwindcss/oxide-android-arm64@4.2.4
387 silly packumentCache full:https://registry.npmjs.org/@tailwindcss%2foxide-android-arm64 cache-miss
388 http fetch GET 200 https://registry.npmjs.org/@jridgewell%2fremapping 188ms (cache miss)
389 silly packumentCache full:https://registry.npmjs.org/@jridgewell%2fremapping set size:undefined disposed:false
390 silly fetch manifest @tailwindcss/oxide-linux-x64-gnu@4.2.4
391 silly packumentCache full:https://registry.npmjs.org/@tailwindcss%2foxide-linux-x64-gnu cache-miss
392 http fetch GET 200 https://registry.npmjs.org/enhanced-resolve 198ms (cache miss)
393 silly packumentCache full:https://registry.npmjs.org/enhanced-resolve set size:undefined disposed:false
394 silly fetch manifest @tailwindcss/oxide-linux-x64-musl@4.2.4
395 silly packumentCache full:https://registry.npmjs.org/@tailwindcss%2foxide-linux-x64-musl cache-miss
396 http fetch GET 200 https://registry.npmjs.org/@tailwindcss%2foxide-darwin-x64 263ms (cache miss)
397 silly packumentCache full:https://registry.npmjs.org/@tailwindcss%2foxide-darwin-x64 set size:undefined disposed:false
398 silly fetch manifest @tailwindcss/oxide-win32-x64-msvc@4.2.4
399 silly packumentCache full:https://registry.npmjs.org/@tailwindcss%2foxide-win32-x64-msvc cache-miss
400 http fetch GET 200 https://registry.npmjs.org/@tailwindcss%2foxide-wasm32-wasi 404ms (cache miss)
401 silly packumentCache full:https://registry.npmjs.org/@tailwindcss%2foxide-wasm32-wasi set size:undefined disposed:false
402 silly fetch manifest @tailwindcss/oxide-linux-arm64-gnu@4.2.4
403 silly packumentCache full:https://registry.npmjs.org/@tailwindcss%2foxide-linux-arm64-gnu cache-miss
404 http fetch GET 200 https://registry.npmjs.org/@tailwindcss%2foxide-android-arm64 452ms (cache miss)
405 silly packumentCache full:https://registry.npmjs.org/@tailwindcss%2foxide-android-arm64 set size:undefined disposed:false
406 silly fetch manifest @tailwindcss/oxide-linux-arm64-musl@4.2.4
407 silly packumentCache full:https://registry.npmjs.org/@tailwindcss%2foxide-linux-arm64-musl cache-miss
408 http fetch GET 200 https://registry.npmjs.org/@tailwindcss%2foxide-freebsd-x64 592ms (cache miss)
409 silly packumentCache full:https://registry.npmjs.org/@tailwindcss%2foxide-freebsd-x64 set size:undefined disposed:false
410 silly fetch manifest @tailwindcss/oxide-win32-arm64-msvc@4.2.4
411 silly packumentCache full:https://registry.npmjs.org/@tailwindcss%2foxide-win32-arm64-msvc cache-miss
412 http fetch GET 200 https://registry.npmjs.org/@tailwindcss%2foxide-darwin-arm64 615ms (cache miss)
413 silly packumentCache full:https://registry.npmjs.org/@tailwindcss%2foxide-darwin-arm64 set size:undefined disposed:false
414 silly fetch manifest @tailwindcss/oxide-linux-arm-gnueabihf@4.2.4
415 silly packumentCache full:https://registry.npmjs.org/@tailwindcss%2foxide-linux-arm-gnueabihf cache-miss
416 http fetch GET 200 https://registry.npmjs.org/@tailwindcss%2foxide-linux-x64-gnu 632ms (cache miss)
417 silly packumentCache full:https://registry.npmjs.org/@tailwindcss%2foxide-linux-x64-gnu set size:undefined disposed:false
418 silly fetch manifest nanoid@^3.3.11
419 silly packumentCache full:https://registry.npmjs.org/nanoid cache-miss
420 http fetch GET 200 https://registry.npmjs.org/@tailwindcss%2foxide-linux-x64-musl 679ms (cache miss)
421 silly packumentCache full:https://registry.npmjs.org/@tailwindcss%2foxide-linux-x64-musl set size:undefined disposed:false
422 silly fetch manifest picocolors@^1.1.1
423 silly packumentCache full:https://registry.npmjs.org/picocolors cache-miss
424 http fetch GET 200 https://registry.npmjs.org/@tailwindcss%2foxide-win32-x64-msvc 641ms (cache miss)
425 silly packumentCache full:https://registry.npmjs.org/@tailwindcss%2foxide-win32-x64-msvc set size:undefined disposed:false
426 http fetch GET 200 https://registry.npmjs.org/nanoid 157ms (cache miss)
427 silly packumentCache full:https://registry.npmjs.org/nanoid set size:undefined disposed:false
428 http fetch GET 200 https://registry.npmjs.org/picocolors 107ms (cache miss)
429 silly packumentCache full:https://registry.npmjs.org/picocolors set size:undefined disposed:false
430 http fetch GET 200 https://registry.npmjs.org/@tailwindcss%2foxide-linux-arm64-gnu 492ms (cache miss)
431 silly packumentCache full:https://registry.npmjs.org/@tailwindcss%2foxide-linux-arm64-gnu set size:undefined disposed:false
432 http fetch GET 200 https://registry.npmjs.org/@tailwindcss%2foxide-win32-arm64-msvc 331ms (cache miss)
433 silly packumentCache full:https://registry.npmjs.org/@tailwindcss%2foxide-win32-arm64-msvc set size:undefined disposed:false
434 http fetch GET 200 https://registry.npmjs.org/@tailwindcss%2foxide-linux-arm64-musl 461ms (cache miss)
435 silly packumentCache full:https://registry.npmjs.org/@tailwindcss%2foxide-linux-arm64-musl set size:undefined disposed:false
436 http fetch GET 200 https://registry.npmjs.org/@tailwindcss%2foxide-linux-arm-gnueabihf 363ms (cache miss)
437 silly packumentCache full:https://registry.npmjs.org/@tailwindcss%2foxide-linux-arm-gnueabihf set size:undefined disposed:false
438 silly placeDep ROOT @jridgewell/remapping@2.3.5 OK for: @tailwindcss/node@4.2.4 want: ^2.3.5
439 silly placeDep ROOT enhanced-resolve@5.21.0 OK for: @tailwindcss/node@4.2.4 want: ^5.19.0
440 silly placeDep ROOT jiti@2.6.1 OK for: @tailwindcss/node@4.2.4 want: ^2.6.1
441 silly placeDep ROOT lightningcss@1.32.0 OK for: @tailwindcss/node@4.2.4 want: 1.32.0
442 silly placeDep ROOT magic-string@0.30.21 OK for: @tailwindcss/node@4.2.4 want: ^0.30.21
443 silly placeDep ROOT source-map-js@1.2.1 OK for: @tailwindcss/node@4.2.4 want: ^1.2.1
444 silly fetch manifest @jridgewell/gen-mapping@^0.3.5
445 silly packumentCache full:https://registry.npmjs.org/@jridgewell%2fgen-mapping cache-miss
446 silly fetch manifest @jridgewell/trace-mapping@^0.3.24
447 silly packumentCache full:https://registry.npmjs.org/@jridgewell%2ftrace-mapping cache-miss
448 silly fetch manifest graceful-fs@^4.2.4
449 silly packumentCache full:https://registry.npmjs.org/graceful-fs cache-miss
450 silly fetch manifest tapable@^2.3.3
451 silly packumentCache full:https://registry.npmjs.org/tapable cache-miss
452 silly fetch manifest detect-libc@^2.0.3
453 silly packumentCache full:https://registry.npmjs.org/detect-libc cache-miss
454 silly fetch manifest lightningcss-darwin-x64@1.32.0
455 silly packumentCache full:https://registry.npmjs.org/lightningcss-darwin-x64 cache-miss
456 silly fetch manifest lightningcss-linux-x64-gnu@1.32.0
457 silly packumentCache full:https://registry.npmjs.org/lightningcss-linux-x64-gnu cache-miss
458 http fetch GET 200 https://registry.npmjs.org/detect-libc 104ms (cache miss)
459 silly packumentCache full:https://registry.npmjs.org/detect-libc set size:undefined disposed:false
460 silly fetch manifest lightningcss-win32-x64-msvc@1.32.0
461 silly packumentCache full:https://registry.npmjs.org/lightningcss-win32-x64-msvc cache-miss
462 http fetch GET 200 https://registry.npmjs.org/lightningcss-darwin-x64 118ms (cache miss)
463 silly packumentCache full:https://registry.npmjs.org/lightningcss-darwin-x64 set size:undefined disposed:false
464 silly fetch manifest lightningcss-win32-arm64-msvc@1.32.0
465 silly packumentCache full:https://registry.npmjs.org/lightningcss-win32-arm64-msvc cache-miss
466 http fetch GET 200 https://registry.npmjs.org/graceful-fs 127ms (cache miss)
467 silly packumentCache full:https://registry.npmjs.org/graceful-fs set size:undefined disposed:false
468 silly fetch manifest lightningcss-darwin-arm64@1.32.0
469 silly packumentCache full:https://registry.npmjs.org/lightningcss-darwin-arm64 cache-miss
470 http fetch GET 200 https://registry.npmjs.org/@jridgewell%2fgen-mapping 138ms (cache miss)
471 silly packumentCache full:https://registry.npmjs.org/@jridgewell%2fgen-mapping set size:undefined disposed:false
472 silly fetch manifest lightningcss-linux-arm64-gnu@1.32.0
473 silly packumentCache full:https://registry.npmjs.org/lightningcss-linux-arm64-gnu cache-miss
474 http fetch GET 200 https://registry.npmjs.org/lightningcss-linux-x64-gnu 150ms (cache miss)
475 silly packumentCache full:https://registry.npmjs.org/lightningcss-linux-x64-gnu set size:undefined disposed:false
476 silly fetch manifest lightningcss-linux-arm-gnueabihf@1.32.0
477 silly packumentCache full:https://registry.npmjs.org/lightningcss-linux-arm-gnueabihf cache-miss
478 http fetch GET 200 https://registry.npmjs.org/@jridgewell%2ftrace-mapping 162ms (cache miss)
479 silly packumentCache full:https://registry.npmjs.org/@jridgewell%2ftrace-mapping set size:undefined disposed:false
480 silly fetch manifest lightningcss-linux-arm64-musl@1.32.0
481 silly packumentCache full:https://registry.npmjs.org/lightningcss-linux-arm64-musl cache-miss
482 http fetch GET 200 https://registry.npmjs.org/tapable 166ms (cache miss)
483 silly packumentCache full:https://registry.npmjs.org/tapable set size:undefined disposed:false
484 silly fetch manifest lightningcss-linux-x64-musl@1.32.0
485 silly packumentCache full:https://registry.npmjs.org/lightningcss-linux-x64-musl cache-miss
486 http fetch GET 200 https://registry.npmjs.org/lightningcss-win32-x64-msvc 89ms (cache miss)
487 silly packumentCache full:https://registry.npmjs.org/lightningcss-win32-x64-msvc set size:undefined disposed:false
488 silly fetch manifest lightningcss-freebsd-x64@1.32.0
489 silly packumentCache full:https://registry.npmjs.org/lightningcss-freebsd-x64 cache-miss
490 http fetch GET 200 https://registry.npmjs.org/lightningcss-win32-arm64-msvc 92ms (cache miss)
491 silly packumentCache full:https://registry.npmjs.org/lightningcss-win32-arm64-msvc set size:undefined disposed:false
492 silly fetch manifest lightningcss-android-arm64@1.32.0
493 silly packumentCache full:https://registry.npmjs.org/lightningcss-android-arm64 cache-miss
494 http fetch GET 200 https://registry.npmjs.org/lightningcss-darwin-arm64 102ms (cache miss)
495 silly packumentCache full:https://registry.npmjs.org/lightningcss-darwin-arm64 set size:undefined disposed:false
496 silly fetch manifest @jridgewell/sourcemap-codec@^1.5.5
497 silly packumentCache full:https://registry.npmjs.org/@jridgewell%2fsourcemap-codec cache-miss
498 http fetch GET 200 https://registry.npmjs.org/lightningcss-linux-arm64-gnu 104ms (cache miss)
499 silly packumentCache full:https://registry.npmjs.org/lightningcss-linux-arm64-gnu set size:undefined disposed:false
500 http fetch GET 200 https://registry.npmjs.org/lightningcss-linux-arm-gnueabihf 97ms (cache miss)
501 silly packumentCache full:https://registry.npmjs.org/lightningcss-linux-arm-gnueabihf set size:undefined disposed:false
502 http fetch GET 200 https://registry.npmjs.org/lightningcss-linux-arm64-musl 96ms (cache miss)
503 silly packumentCache full:https://registry.npmjs.org/lightningcss-linux-arm64-musl set size:undefined disposed:false
504 http fetch GET 200 https://registry.npmjs.org/lightningcss-freebsd-x64 87ms (cache miss)
505 silly packumentCache full:https://registry.npmjs.org/lightningcss-freebsd-x64 set size:undefined disposed:false
506 http fetch GET 200 https://registry.npmjs.org/lightningcss-linux-x64-musl 121ms (cache miss)
507 silly packumentCache full:https://registry.npmjs.org/lightningcss-linux-x64-musl set size:undefined disposed:false
508 http fetch GET 200 https://registry.npmjs.org/lightningcss-android-arm64 91ms (cache miss)
509 silly packumentCache full:https://registry.npmjs.org/lightningcss-android-arm64 set size:undefined disposed:false
510 http fetch GET 200 https://registry.npmjs.org/@jridgewell%2fsourcemap-codec 126ms (cache miss)
511 silly packumentCache full:https://registry.npmjs.org/@jridgewell%2fsourcemap-codec set size:undefined disposed:false
512 silly placeDep ROOT @jridgewell/gen-mapping@0.3.13 OK for: @jridgewell/remapping@2.3.5 want: ^0.3.5
513 silly placeDep ROOT @jridgewell/trace-mapping@0.3.31 OK for: @jridgewell/remapping@2.3.5 want: ^0.3.24
514 silly fetch manifest @jridgewell/sourcemap-codec@^1.5.0
515 silly packumentCache full:https://registry.npmjs.org/@jridgewell%2fsourcemap-codec cache-miss
516 silly fetch manifest @jridgewell/resolve-uri@^3.1.0
517 silly packumentCache full:https://registry.npmjs.org/@jridgewell%2fresolve-uri cache-miss
518 silly fetch manifest @jridgewell/sourcemap-codec@^1.4.14
519 silly packumentCache full:https://registry.npmjs.org/@jridgewell%2fsourcemap-codec cache-miss
520 http fetch GET 200 https://registry.npmjs.org/@jridgewell%2fresolve-uri 114ms (cache miss)
521 silly packumentCache full:https://registry.npmjs.org/@jridgewell%2fresolve-uri set size:undefined disposed:false
522 http fetch GET 200 https://registry.npmjs.org/@jridgewell%2fsourcemap-codec 126ms (cache revalidated)
523 silly packumentCache full:https://registry.npmjs.org/@jridgewell%2fsourcemap-codec set size:59275 disposed:false
524 http fetch GET 200 https://registry.npmjs.org/@jridgewell%2fsourcemap-codec 137ms (cache revalidated)
525 silly packumentCache full:https://registry.npmjs.org/@jridgewell%2fsourcemap-codec set size:59275 disposed:false
526 silly packumentCache full:https://registry.npmjs.org/@jridgewell%2fsourcemap-codec dispose
527 silly placeDep ROOT @jridgewell/sourcemap-codec@1.5.5 OK for: @jridgewell/gen-mapping@0.3.13 want: ^1.5.0
528 silly placeDep ROOT @jridgewell/resolve-uri@3.1.2 OK for: @jridgewell/trace-mapping@0.3.31 want: ^3.1.0
529 silly placeDep ROOT @tailwindcss/oxide-android-arm64@4.2.4 OK for: @tailwindcss/oxide@4.2.4 want: 4.2.4
530 silly placeDep ROOT @tailwindcss/oxide-darwin-arm64@4.2.4 OK for: @tailwindcss/oxide@4.2.4 want: 4.2.4
531 silly placeDep ROOT @tailwindcss/oxide-darwin-x64@4.2.4 OK for: @tailwindcss/oxide@4.2.4 want: 4.2.4
532 silly placeDep ROOT @tailwindcss/oxide-freebsd-x64@4.2.4 OK for: @tailwindcss/oxide@4.2.4 want: 4.2.4
533 silly placeDep ROOT @tailwindcss/oxide-linux-arm-gnueabihf@4.2.4 OK for: @tailwindcss/oxide@4.2.4 want: 4.2.4
534 silly placeDep ROOT @tailwindcss/oxide-linux-arm64-gnu@4.2.4 OK for: @tailwindcss/oxide@4.2.4 want: 4.2.4
535 silly placeDep ROOT @tailwindcss/oxide-linux-arm64-musl@4.2.4 OK for: @tailwindcss/oxide@4.2.4 want: 4.2.4
536 silly placeDep ROOT @tailwindcss/oxide-linux-x64-gnu@4.2.4 OK for: @tailwindcss/oxide@4.2.4 want: 4.2.4
537 silly placeDep ROOT @tailwindcss/oxide-linux-x64-musl@4.2.4 OK for: @tailwindcss/oxide@4.2.4 want: 4.2.4
538 silly placeDep ROOT @tailwindcss/oxide-wasm32-wasi@4.2.4 OK for: @tailwindcss/oxide@4.2.4 want: 4.2.4
539 silly placeDep ROOT @tailwindcss/oxide-win32-arm64-msvc@4.2.4 OK for: @tailwindcss/oxide@4.2.4 want: 4.2.4
540 silly placeDep ROOT @tailwindcss/oxide-win32-x64-msvc@4.2.4 OK for: @tailwindcss/oxide@4.2.4 want: 4.2.4
541 silly placeDep ROOT undici-types@6.21.0 OK for: @types/node@20.19.39 want: ~6.21.0
542 silly placeDep ROOT csstype@3.2.3 OK for: @types/react@19.2.14 want: ^3.2.2
543 silly placeDep ROOT graceful-fs@4.2.11 OK for: enhanced-resolve@5.21.0 want: ^4.2.4
544 silly placeDep ROOT tapable@2.3.3 OK for: enhanced-resolve@5.21.0 want: ^2.3.3
545 silly fetch manifest eslint@^6.0.0 || ^7.0.0 || >=8.0.0
546 silly packumentCache full:https://registry.npmjs.org/eslint cache-miss
547 http fetch GET 200 https://registry.npmjs.org/eslint 96ms (cache revalidated)
548 silly packumentCache full:https://registry.npmjs.org/eslint set size:1983515 disposed:false
549 silly placeDep ROOT @eslint-community/eslint-utils@4.9.1 OK for: eslint@9.39.4 want: ^4.8.0
550 silly placeDep ROOT @eslint-community/regexpp@4.12.2 OK for: eslint@9.39.4 want: ^4.12.1
551 silly placeDep ROOT @eslint/config-array@0.21.2 OK for: eslint@9.39.4 want: ^0.21.2
552 silly placeDep ROOT @eslint/config-helpers@0.4.2 OK for: eslint@9.39.4 want: ^0.4.2
553 silly placeDep ROOT @eslint/core@0.17.0 OK for: eslint@9.39.4 want: ^0.17.0
554 silly placeDep ROOT @eslint/eslintrc@3.3.5 OK for: eslint@9.39.4 want: ^3.3.5
555 silly placeDep ROOT @eslint/js@9.39.4 OK for: eslint@9.39.4 want: 9.39.4
556 silly placeDep ROOT @eslint/plugin-kit@0.4.1 OK for: eslint@9.39.4 want: ^0.4.1
557 silly placeDep ROOT @humanfs/node@0.16.8 OK for: eslint@9.39.4 want: ^0.16.6
558 silly placeDep ROOT @humanwhocodes/module-importer@1.0.1 OK for: eslint@9.39.4 want: ^1.0.1
559 silly placeDep ROOT @humanwhocodes/retry@0.4.3 OK for: eslint@9.39.4 want: ^0.4.2
560 silly placeDep ROOT @types/estree@1.0.8 OK for: eslint@9.39.4 want: ^1.0.6
561 silly placeDep ROOT ajv@6.15.0 OK for: eslint@9.39.4 want: ^6.14.0
562 silly placeDep ROOT chalk@4.1.2 OK for: eslint@9.39.4 want: ^4.0.0
563 silly placeDep ROOT cross-spawn@7.0.6 OK for: eslint@9.39.4 want: ^7.0.6
564 silly placeDep ROOT debug@4.4.3 OK for: eslint@9.39.4 want: ^4.3.2
565 silly placeDep ROOT escape-string-regexp@4.0.0 OK for: eslint@9.39.4 want: ^4.0.0
566 silly placeDep ROOT eslint-scope@8.4.0 OK for: eslint@9.39.4 want: ^8.4.0
567 silly placeDep ROOT eslint-visitor-keys@4.2.1 OK for: eslint@9.39.4 want: ^4.2.1
568 silly placeDep ROOT espree@10.4.0 OK for: eslint@9.39.4 want: ^10.4.0
569 silly placeDep ROOT esquery@1.7.0 OK for: eslint@9.39.4 want: ^1.5.0
570 silly placeDep ROOT esutils@2.0.3 OK for: eslint@9.39.4 want: ^2.0.2
571 silly placeDep ROOT fast-deep-equal@3.1.3 OK for: eslint@9.39.4 want: ^3.1.3
572 silly placeDep ROOT file-entry-cache@8.0.0 OK for: eslint@9.39.4 want: ^8.0.0
573 silly placeDep ROOT find-up@5.0.0 OK for: eslint@9.39.4 want: ^5.0.0
574 silly placeDep ROOT glob-parent@6.0.2 OK for: eslint@9.39.4 want: ^6.0.2
575 silly placeDep ROOT ignore@5.3.2 OK for: eslint@9.39.4 want: ^5.2.0
576 silly placeDep ROOT imurmurhash@0.1.4 OK for: eslint@9.39.4 want: ^0.1.4
577 silly placeDep ROOT is-glob@4.0.3 OK for: eslint@9.39.4 want: ^4.0.0
578 silly placeDep ROOT json-stable-stringify-without-jsonify@1.0.1 OK for: eslint@9.39.4 want: ^1.0.1
579 silly placeDep ROOT lodash.merge@4.6.2 OK for: eslint@9.39.4 want: ^4.6.2
580 silly placeDep ROOT minimatch@3.1.5 OK for: eslint@9.39.4 want: ^3.1.5
581 silly placeDep ROOT natural-compare@1.4.0 OK for: eslint@9.39.4 want: ^1.4.0
582 silly placeDep ROOT optionator@0.9.4 OK for: eslint@9.39.4 want: ^0.9.3
583 silly fetch manifest eslint-visitor-keys@^3.4.3
584 silly packumentCache full:https://registry.npmjs.org/eslint-visitor-keys cache-miss
585 silly fetch manifest debug@^4.3.1
586 silly packumentCache full:https://registry.npmjs.org/debug cache-miss
587 silly fetch manifest @eslint/object-schema@^2.1.7
588 silly packumentCache full:https://registry.npmjs.org/@eslint%2fobject-schema cache-miss
589 silly fetch manifest @types/json-schema@^7.0.15
590 silly packumentCache full:https://registry.npmjs.org/@types%2fjson-schema cache-miss
591 silly fetch manifest espree@^10.0.1
592 silly packumentCache full:https://registry.npmjs.org/espree cache-miss
593 silly fetch manifest globals@^14.0.0
594 silly packumentCache full:https://registry.npmjs.org/globals cache-miss
595 silly fetch manifest import-fresh@^3.2.1
596 silly packumentCache full:https://registry.npmjs.org/import-fresh cache-miss
597 http fetch GET 200 https://registry.npmjs.org/eslint-visitor-keys 103ms (cache revalidated)
598 silly packumentCache full:https://registry.npmjs.org/eslint-visitor-keys set size:69949 disposed:false
599 silly fetch manifest js-yaml@^4.1.1
600 silly packumentCache full:https://registry.npmjs.org/js-yaml cache-miss
601 http fetch GET 200 https://registry.npmjs.org/debug 107ms (cache revalidated)
602 silly packumentCache full:https://registry.npmjs.org/debug set size:195840 disposed:false
603 silly fetch manifest strip-json-comments@^3.1.1
604 silly packumentCache full:https://registry.npmjs.org/strip-json-comments cache-miss
605 http fetch GET 200 https://registry.npmjs.org/globals 112ms (cache revalidated)
606 silly packumentCache full:https://registry.npmjs.org/globals set size:312297 disposed:false
607 silly fetch manifest levn@^0.4.1
608 silly packumentCache full:https://registry.npmjs.org/levn cache-miss
609 http fetch GET 200 https://registry.npmjs.org/@types%2fjson-schema 121ms (cache miss)
610 silly packumentCache full:https://registry.npmjs.org/@types%2fjson-schema set size:undefined disposed:false
611 silly fetch manifest @humanwhocodes/retry@^0.4.0
612 silly packumentCache full:https://registry.npmjs.org/@humanwhocodes%2fretry cache-miss
613 http fetch GET 200 https://registry.npmjs.org/import-fresh 120ms (cache miss)
614 silly packumentCache full:https://registry.npmjs.org/import-fresh set size:undefined disposed:false
615 silly fetch manifest @humanfs/core@^0.19.2
616 silly packumentCache full:https://registry.npmjs.org/@humanfs%2fcore cache-miss
617 http fetch GET 200 https://registry.npmjs.org/@eslint%2fobject-schema 131ms (cache miss)
618 silly packumentCache full:https://registry.npmjs.org/@eslint%2fobject-schema set size:undefined disposed:false
619 silly fetch manifest @humanfs/types@^0.15.0
620 silly packumentCache full:https://registry.npmjs.org/@humanfs%2ftypes cache-miss
621 http fetch GET 200 https://registry.npmjs.org/espree 137ms (cache revalidated)
622 silly packumentCache full:https://registry.npmjs.org/espree set size:326080 disposed:false
623 silly fetch manifest uri-js@^4.2.2
624 silly packumentCache full:https://registry.npmjs.org/uri-js cache-miss
625 http fetch GET 200 https://registry.npmjs.org/strip-json-comments 87ms (cache miss)
626 silly packumentCache full:https://registry.npmjs.org/strip-json-comments set size:undefined disposed:false
627 silly fetch manifest fast-deep-equal@^3.1.1
628 silly packumentCache full:https://registry.npmjs.org/fast-deep-equal cache-miss
629 http fetch GET 200 https://registry.npmjs.org/levn 94ms (cache miss)
630 silly packumentCache full:https://registry.npmjs.org/levn set size:undefined disposed:false
631 silly fetch manifest json-schema-traverse@^0.4.1
632 silly packumentCache full:https://registry.npmjs.org/json-schema-traverse cache-miss
633 http fetch GET 200 https://registry.npmjs.org/js-yaml 112ms (cache miss)
634 silly packumentCache full:https://registry.npmjs.org/js-yaml set size:undefined disposed:false
635 silly fetch manifest fast-json-stable-stringify@^2.0.0
636 silly packumentCache full:https://registry.npmjs.org/fast-json-stable-stringify cache-miss
637 http fetch GET 200 https://registry.npmjs.org/@humanfs%2fcore 106ms (cache miss)
638 silly packumentCache full:https://registry.npmjs.org/@humanfs%2fcore set size:undefined disposed:false
639 silly fetch manifest ansi-styles@^4.1.0
640 silly packumentCache full:https://registry.npmjs.org/ansi-styles cache-miss
641 http fetch GET 200 https://registry.npmjs.org/@humanwhocodes%2fretry 118ms (cache revalidated)
642 silly packumentCache full:https://registry.npmjs.org/@humanwhocodes%2fretry set size:42348 disposed:false
643 silly fetch manifest supports-color@^7.1.0
644 silly packumentCache full:https://registry.npmjs.org/supports-color cache-miss
645 http fetch GET 200 https://registry.npmjs.org/@humanfs%2ftypes 122ms (cache miss)
646 silly packumentCache full:https://registry.npmjs.org/@humanfs%2ftypes set size:undefined disposed:false
647 silly fetch manifest which@^2.0.1
648 silly packumentCache full:https://registry.npmjs.org/which cache-miss
649 http fetch GET 200 https://registry.npmjs.org/uri-js 117ms (cache miss)
650 silly packumentCache full:https://registry.npmjs.org/uri-js set size:undefined disposed:false
651 silly fetch manifest path-key@^3.1.0
652 silly packumentCache full:https://registry.npmjs.org/path-key cache-miss
653 http fetch GET 200 https://registry.npmjs.org/fast-deep-equal 91ms (cache revalidated)
654 silly packumentCache full:https://registry.npmjs.org/fast-deep-equal set size:48634 disposed:false
655 silly fetch manifest shebang-command@^2.0.0
656 silly packumentCache full:https://registry.npmjs.org/shebang-command cache-miss
657 http fetch GET 200 https://registry.npmjs.org/json-schema-traverse 87ms (cache miss)
658 silly packumentCache full:https://registry.npmjs.org/json-schema-traverse set size:undefined disposed:false
659 silly fetch manifest ms@^2.1.3
660 silly packumentCache full:https://registry.npmjs.org/ms cache-miss
661 http fetch GET 200 https://registry.npmjs.org/fast-json-stable-stringify 100ms (cache miss)
662 silly packumentCache full:https://registry.npmjs.org/fast-json-stable-stringify set size:undefined disposed:false
663 silly fetch manifest esrecurse@^4.3.0
664 silly packumentCache full:https://registry.npmjs.org/esrecurse cache-miss
665 http fetch GET 200 https://registry.npmjs.org/ansi-styles 97ms (cache miss)
666 silly packumentCache full:https://registry.npmjs.org/ansi-styles set size:undefined disposed:false
667 silly fetch manifest estraverse@^5.2.0
668 silly packumentCache full:https://registry.npmjs.org/estraverse cache-miss
669 http fetch GET 200 https://registry.npmjs.org/supports-color 98ms (cache miss)
670 silly packumentCache full:https://registry.npmjs.org/supports-color set size:undefined disposed:false
671 silly fetch manifest acorn@^8.15.0
672 silly packumentCache full:https://registry.npmjs.org/acorn cache-miss
673 http fetch GET 200 https://registry.npmjs.org/which 103ms (cache miss)
674 silly packumentCache full:https://registry.npmjs.org/which set size:undefined disposed:false
675 silly fetch manifest acorn-jsx@^5.3.2
676 silly packumentCache full:https://registry.npmjs.org/acorn-jsx cache-miss
677 http fetch GET 200 https://registry.npmjs.org/path-key 101ms (cache miss)
678 silly packumentCache full:https://registry.npmjs.org/path-key set size:undefined disposed:false
679 silly fetch manifest estraverse@^5.1.0
680 silly packumentCache full:https://registry.npmjs.org/estraverse cache-miss
681 http fetch GET 200 https://registry.npmjs.org/ms 84ms (cache miss)
682 silly packumentCache full:https://registry.npmjs.org/ms set size:undefined disposed:false
683 silly fetch manifest flat-cache@^4.0.0
684 silly packumentCache full:https://registry.npmjs.org/flat-cache cache-miss
685 http fetch GET 200 https://registry.npmjs.org/shebang-command 105ms (cache miss)
686 silly packumentCache full:https://registry.npmjs.org/shebang-command set size:undefined disposed:false
687 silly fetch manifest locate-path@^6.0.0
688 silly packumentCache full:https://registry.npmjs.org/locate-path cache-miss
689 http fetch GET 200 https://registry.npmjs.org/esrecurse 96ms (cache miss)
690 silly packumentCache full:https://registry.npmjs.org/esrecurse set size:undefined disposed:false
691 silly fetch manifest path-exists@^4.0.0
692 silly packumentCache full:https://registry.npmjs.org/path-exists cache-miss
693 http fetch GET 200 https://registry.npmjs.org/estraverse 91ms (cache miss)
694 silly packumentCache full:https://registry.npmjs.org/estraverse set size:undefined disposed:false
695 silly fetch manifest is-glob@^4.0.3
696 silly packumentCache full:https://registry.npmjs.org/is-glob cache-miss
697 http fetch GET 200 https://registry.npmjs.org/acorn-jsx 99ms (cache miss)
698 silly packumentCache full:https://registry.npmjs.org/acorn-jsx set size:undefined disposed:false
699 silly fetch manifest is-extglob@^2.1.1
700 silly packumentCache full:https://registry.npmjs.org/is-extglob cache-miss
701 http fetch GET 200 https://registry.npmjs.org/acorn 122ms (cache miss)
702 silly packumentCache full:https://registry.npmjs.org/acorn set size:undefined disposed:false
703 silly fetch manifest brace-expansion@^1.1.7
704 silly packumentCache full:https://registry.npmjs.org/brace-expansion cache-miss
705 http fetch GET 200 https://registry.npmjs.org/locate-path 94ms (cache miss)
706 silly packumentCache full:https://registry.npmjs.org/locate-path set size:undefined disposed:false
707 silly fetch manifest prelude-ls@^1.2.1
708 silly packumentCache full:https://registry.npmjs.org/prelude-ls cache-miss
709 http fetch GET 200 https://registry.npmjs.org/estraverse 129ms (cache miss)
710 silly packumentCache full:https://registry.npmjs.org/estraverse set size:undefined disposed:false
711 silly fetch manifest deep-is@^0.1.3
712 silly packumentCache full:https://registry.npmjs.org/deep-is cache-miss
713 http fetch GET 200 https://registry.npmjs.org/flat-cache 113ms (cache miss)
714 silly packumentCache full:https://registry.npmjs.org/flat-cache set size:undefined disposed:false
715 silly fetch manifest word-wrap@^1.2.5
716 silly packumentCache full:https://registry.npmjs.org/word-wrap cache-miss
717 http fetch GET 200 https://registry.npmjs.org/is-glob 90ms (cache revalidated)
718 silly packumentCache full:https://registry.npmjs.org/is-glob set size:40530 disposed:false
719 silly fetch manifest type-check@^0.4.0
720 silly packumentCache full:https://registry.npmjs.org/type-check cache-miss
721 http fetch GET 200 https://registry.npmjs.org/path-exists 108ms (cache miss)
722 silly packumentCache full:https://registry.npmjs.org/path-exists set size:undefined disposed:false
723 silly fetch manifest fast-levenshtein@^2.0.6
724 silly packumentCache full:https://registry.npmjs.org/fast-levenshtein cache-miss
725 http fetch GET 200 https://registry.npmjs.org/is-extglob 95ms (cache miss)
726 silly packumentCache full:https://registry.npmjs.org/is-extglob set size:undefined disposed:false
727 http fetch GET 200 https://registry.npmjs.org/brace-expansion 90ms (cache miss)
728 silly packumentCache full:https://registry.npmjs.org/brace-expansion set size:undefined disposed:false
729 http fetch GET 200 https://registry.npmjs.org/prelude-ls 86ms (cache miss)
730 silly packumentCache full:https://registry.npmjs.org/prelude-ls set size:undefined disposed:false
731 http fetch GET 200 https://registry.npmjs.org/deep-is 97ms (cache miss)
732 silly packumentCache full:https://registry.npmjs.org/deep-is set size:undefined disposed:false
733 http fetch GET 200 https://registry.npmjs.org/word-wrap 104ms (cache miss)
734 silly packumentCache full:https://registry.npmjs.org/word-wrap set size:undefined disposed:false
735 http fetch GET 200 https://registry.npmjs.org/fast-levenshtein 88ms (cache miss)
736 silly packumentCache full:https://registry.npmjs.org/fast-levenshtein set size:undefined disposed:false
737 http fetch GET 200 https://registry.npmjs.org/type-check 120ms (cache miss)
738 silly packumentCache full:https://registry.npmjs.org/type-check set size:undefined disposed:false
739 silly placeDep node_modules/@eslint-community/eslint-utils eslint-visitor-keys@3.4.3 OK for: @eslint-community/eslint-utils@4.9.1 want: ^3.4.3
740 silly placeDep ROOT @eslint/object-schema@2.1.7 OK for: @eslint/config-array@0.21.2 want: ^2.1.7
741 silly placeDep ROOT @types/json-schema@7.0.15 OK for: @eslint/core@0.17.0 want: ^7.0.15
742 silly placeDep ROOT globals@14.0.0 OK for: @eslint/eslintrc@3.3.5 want: ^14.0.0
743 silly placeDep ROOT import-fresh@3.3.1 OK for: @eslint/eslintrc@3.3.5 want: ^3.2.1
744 silly placeDep ROOT js-yaml@4.1.1 OK for: @eslint/eslintrc@3.3.5 want: ^4.1.1
745 silly placeDep ROOT strip-json-comments@3.1.1 OK for: @eslint/eslintrc@3.3.5 want: ^3.1.1
746 silly fetch manifest resolve-from@^4.0.0
747 silly packumentCache full:https://registry.npmjs.org/resolve-from cache-miss
748 silly fetch manifest parent-module@^1.0.0
749 silly packumentCache full:https://registry.npmjs.org/parent-module cache-miss
750 silly fetch manifest argparse@^2.0.1
751 silly packumentCache full:https://registry.npmjs.org/argparse cache-miss
752 http fetch GET 200 https://registry.npmjs.org/parent-module 92ms (cache miss)
753 silly packumentCache full:https://registry.npmjs.org/parent-module set size:undefined disposed:false
754 http fetch GET 200 https://registry.npmjs.org/argparse 102ms (cache miss)
755 silly packumentCache full:https://registry.npmjs.org/argparse set size:undefined disposed:false
756 http fetch GET 200 https://registry.npmjs.org/resolve-from 110ms (cache miss)
757 silly packumentCache full:https://registry.npmjs.org/resolve-from set size:undefined disposed:false
758 silly placeDep ROOT levn@0.4.1 OK for: @eslint/plugin-kit@0.4.1 want: ^0.4.1
759 silly fetch manifest type-check@~0.4.0
760 silly packumentCache full:https://registry.npmjs.org/type-check cache-miss
761 http fetch GET 200 https://registry.npmjs.org/type-check 107ms (cache revalidated)
762 silly packumentCache full:https://registry.npmjs.org/type-check set size:21221 disposed:false
763 silly placeDep ROOT @humanfs/core@0.19.2 OK for: @humanfs/node@0.16.8 want: ^0.19.2
764 silly placeDep ROOT @humanfs/types@0.15.0 OK for: @humanfs/node@0.16.8 want: ^0.15.0
765 silly placeDep ROOT fast-json-stable-stringify@2.1.0 OK for: ajv@6.15.0 want: ^2.0.0
766 silly placeDep ROOT json-schema-traverse@0.4.1 OK for: ajv@6.15.0 want: ^0.4.1
767 silly placeDep ROOT uri-js@4.4.1 OK for: ajv@6.15.0 want: ^4.2.2
768 silly fetch manifest punycode@^2.1.0
769 silly packumentCache full:https://registry.npmjs.org/punycode cache-miss
770 http fetch GET 200 https://registry.npmjs.org/punycode 108ms (cache miss)
771 silly packumentCache full:https://registry.npmjs.org/punycode set size:undefined disposed:false
772 silly placeDep ROOT ansi-styles@4.3.0 OK for: chalk@4.1.2 want: ^4.1.0
773 silly placeDep ROOT supports-color@7.2.0 OK for: chalk@4.1.2 want: ^7.1.0
774 silly fetch manifest color-convert@^2.0.1
775 silly packumentCache full:https://registry.npmjs.org/color-convert cache-miss
776 silly fetch manifest has-flag@^4.0.0
777 silly packumentCache full:https://registry.npmjs.org/has-flag cache-miss
778 http fetch GET 200 https://registry.npmjs.org/color-convert 90ms (cache miss)
779 silly packumentCache full:https://registry.npmjs.org/color-convert set size:undefined disposed:false
780 http fetch GET 200 https://registry.npmjs.org/has-flag 122ms (cache miss)
781 silly packumentCache full:https://registry.npmjs.org/has-flag set size:undefined disposed:false
782 silly placeDep ROOT color-convert@2.0.1 OK for: ansi-styles@4.3.0 want: ^2.0.1
783 silly fetch manifest color-name@~1.1.4
784 silly packumentCache full:https://registry.npmjs.org/color-name cache-miss
785 http fetch GET 200 https://registry.npmjs.org/color-name 87ms (cache miss)
786 silly packumentCache full:https://registry.npmjs.org/color-name set size:undefined disposed:false
787 silly placeDep ROOT color-name@1.1.4 OK for: color-convert@2.0.1 want: ~1.1.4
788 silly placeDep ROOT path-key@3.1.1 OK for: cross-spawn@7.0.6 want: ^3.1.0
789 silly placeDep ROOT shebang-command@2.0.0 OK for: cross-spawn@7.0.6 want: ^2.0.0
790 silly placeDep ROOT which@2.0.2 OK for: cross-spawn@7.0.6 want: ^2.0.1
791 silly fetch manifest shebang-regex@^3.0.0
792 silly packumentCache full:https://registry.npmjs.org/shebang-regex cache-miss
793 silly fetch manifest isexe@^2.0.0
794 silly packumentCache full:https://registry.npmjs.org/isexe cache-miss
795 http fetch GET 200 https://registry.npmjs.org/shebang-regex 85ms (cache miss)
796 silly packumentCache full:https://registry.npmjs.org/shebang-regex set size:undefined disposed:false
797 http fetch GET 200 https://registry.npmjs.org/isexe 97ms (cache miss)
798 silly packumentCache full:https://registry.npmjs.org/isexe set size:undefined disposed:false
799 silly placeDep ROOT ms@2.1.3 OK for: debug@4.4.3 want: ^2.1.3
800 silly fetch manifest eslint@>=9.0.0
801 silly packumentCache full:https://registry.npmjs.org/eslint cache-miss
802 http fetch GET 200 https://registry.npmjs.org/eslint 102ms (cache revalidated)
803 silly packumentCache full:https://registry.npmjs.org/eslint set size:1983515 disposed:false
804 silly fetch manifest typescript@>=3.3.1
805 silly packumentCache full:https://registry.npmjs.org/typescript cache-miss
806 http fetch GET 200 https://registry.npmjs.org/typescript 135ms (cache revalidated)
807 silly packumentCache full:https://registry.npmjs.org/typescript set size:15409943 disposed:false
808 silly fetch manifest eslint@^3 || ^4 || ^5 || ^6 || ^7 || ^8 || ^9.7
809 silly packumentCache full:https://registry.npmjs.org/eslint cache-miss
810 http fetch GET 200 https://registry.npmjs.org/eslint 97ms (cache revalidated)
811 silly packumentCache full:https://registry.npmjs.org/eslint set size:1983515 disposed:false
812 silly fetch manifest eslint@^2 || ^3 || ^4 || ^5 || ^6 || ^7.2.0 || ^8 || ^9
813 silly packumentCache full:https://registry.npmjs.org/eslint cache-miss
814 http fetch GET 200 https://registry.npmjs.org/eslint 103ms (cache revalidated)
815 silly packumentCache full:https://registry.npmjs.org/eslint set size:1983515 disposed:false
816 silly fetch manifest eslint@^3 || ^4 || ^5 || ^6 || ^7 || ^8 || ^9
817 silly packumentCache full:https://registry.npmjs.org/eslint cache-miss
818 http fetch GET 200 https://registry.npmjs.org/eslint 89ms (cache revalidated)
819 silly packumentCache full:https://registry.npmjs.org/eslint set size:1983515 disposed:false
820 silly fetch manifest eslint-plugin-import-x@*
821 silly packumentCache full:https://registry.npmjs.org/eslint-plugin-import-x cache-miss
822 http fetch GET 200 https://registry.npmjs.org/eslint-plugin-import-x 105ms (cache miss)
823 silly packumentCache full:https://registry.npmjs.org/eslint-plugin-import-x set size:undefined disposed:false
824 silly fetch manifest @typescript-eslint/utils@^8.56.0
825 silly packumentCache full:https://registry.npmjs.org/@typescript-eslint%2futils cache-miss
826 http fetch GET 200 https://registry.npmjs.org/@typescript-eslint%2futils 444ms (cache miss)
827 silly packumentCache full:https://registry.npmjs.org/@typescript-eslint%2futils set size:undefined disposed:false
828 silly placeDep ROOT @next/eslint-plugin-next@16.2.4 OK for: eslint-config-next@16.2.4 want: 16.2.4
829 silly placeDep ROOT eslint-import-resolver-node@0.3.10 OK for: eslint-config-next@16.2.4 want: ^0.3.6
830 silly placeDep ROOT eslint-import-resolver-typescript@3.10.1 OK for: eslint-config-next@16.2.4 want: ^3.5.2
831 silly placeDep ROOT eslint-plugin-import@2.32.0 OK for: eslint-config-next@16.2.4 want: ^2.32.0
832 silly placeDep ROOT eslint-plugin-jsx-a11y@6.10.2 OK for: eslint-config-next@16.2.4 want: ^6.10.0
833 silly placeDep ROOT eslint-plugin-react@7.37.5 OK for: eslint-config-next@16.2.4 want: ^7.37.0
834 silly placeDep ROOT eslint-plugin-react-hooks@7.1.1 OK for: eslint-config-next@16.2.4 want: ^7.0.0
835 silly placeDep node_modules/eslint-config-next globals@16.4.0 OK for: eslint-config-next@16.2.4 want: 16.4.0
836 silly placeDep ROOT typescript-eslint@8.59.1 OK for: eslint-config-next@16.2.4 want: ^8.46.0
837 silly fetch manifest fast-glob@3.3.1
838 silly packumentCache full:https://registry.npmjs.org/fast-glob cache-miss
839 silly fetch manifest debug@^3.2.7
840 silly packumentCache full:https://registry.npmjs.org/debug cache-hit
841 silly fetch manifest is-core-module@^2.16.1
842 silly packumentCache full:https://registry.npmjs.org/is-core-module cache-miss
843 silly fetch manifest resolve@^2.0.0-next.6
844 silly packumentCache full:https://registry.npmjs.org/resolve cache-miss
845 silly fetch manifest tinyglobby@^0.2.13
846 silly packumentCache full:https://registry.npmjs.org/tinyglobby cache-miss
847 silly fetch manifest stable-hash@^0.0.5
848 silly packumentCache full:https://registry.npmjs.org/stable-hash cache-miss
849 silly fetch manifest get-tsconfig@^4.10.0
850 silly packumentCache full:https://registry.npmjs.org/get-tsconfig cache-miss
851 silly fetch manifest is-bun-module@^2.0.0
852 silly packumentCache full:https://registry.npmjs.org/is-bun-module cache-miss
853 http fetch GET 200 https://registry.npmjs.org/stable-hash 89ms (cache miss)
854 silly packumentCache full:https://registry.npmjs.org/stable-hash set size:undefined disposed:false
855 silly fetch manifest unrs-resolver@^1.6.2
856 silly packumentCache full:https://registry.npmjs.org/unrs-resolver cache-miss
857 http fetch GET 200 https://registry.npmjs.org/is-core-module 110ms (cache miss)
858 silly packumentCache full:https://registry.npmjs.org/is-core-module set size:undefined disposed:false
859 silly fetch manifest @nolyfill/is-core-module@1.0.39
860 silly packumentCache full:https://registry.npmjs.org/@nolyfill%2fis-core-module cache-miss
861 http fetch GET 200 https://registry.npmjs.org/tinyglobby 113ms (cache miss)
862 silly packumentCache full:https://registry.npmjs.org/tinyglobby set size:undefined disposed:false
863 silly fetch manifest @rtsao/scc@^1.1.0
864 silly packumentCache full:https://registry.npmjs.org/@rtsao%2fscc cache-miss
865 http fetch GET 200 https://registry.npmjs.org/get-tsconfig 116ms (cache miss)
866 silly packumentCache full:https://registry.npmjs.org/get-tsconfig set size:undefined disposed:false
867 silly fetch manifest array-includes@^3.1.9
868 silly packumentCache full:https://registry.npmjs.org/array-includes cache-miss
869 http fetch GET 200 https://registry.npmjs.org/is-bun-module 122ms (cache miss)
870 silly packumentCache full:https://registry.npmjs.org/is-bun-module set size:undefined disposed:false
871 silly fetch manifest array.prototype.findlastindex@^1.2.6
872 silly packumentCache full:https://registry.npmjs.org/array.prototype.findlastindex cache-miss
873 http fetch GET 200 https://registry.npmjs.org/fast-glob 130ms (cache miss)
874 silly packumentCache full:https://registry.npmjs.org/fast-glob set size:undefined disposed:false
875 silly fetch manifest array.prototype.flat@^1.3.3
876 silly packumentCache full:https://registry.npmjs.org/array.prototype.flat cache-miss
877 http fetch GET 200 https://registry.npmjs.org/resolve 137ms (cache miss)
878 silly packumentCache full:https://registry.npmjs.org/resolve set size:undefined disposed:false
879 silly fetch manifest array.prototype.flatmap@^1.3.3
880 silly packumentCache full:https://registry.npmjs.org/array.prototype.flatmap cache-miss
881 http fetch GET 200 https://registry.npmjs.org/@nolyfill%2fis-core-module 99ms (cache miss)
882 silly packumentCache full:https://registry.npmjs.org/@nolyfill%2fis-core-module set size:undefined disposed:false
883 silly fetch manifest doctrine@^2.1.0
884 silly packumentCache full:https://registry.npmjs.org/doctrine cache-miss
885 http fetch GET 200 https://registry.npmjs.org/array-includes 100ms (cache miss)
886 silly packumentCache full:https://registry.npmjs.org/array-includes set size:undefined disposed:false
887 silly fetch manifest eslint-module-utils@^2.12.1
888 silly packumentCache full:https://registry.npmjs.org/eslint-module-utils cache-miss
889 http fetch GET 200 https://registry.npmjs.org/@rtsao%2fscc 117ms (cache miss)
890 silly packumentCache full:https://registry.npmjs.org/@rtsao%2fscc set size:undefined disposed:false
891 silly fetch manifest hasown@^2.0.2
892 silly packumentCache full:https://registry.npmjs.org/hasown cache-miss
893 http fetch GET 200 https://registry.npmjs.org/array.prototype.findlastindex 111ms (cache miss)
894 silly packumentCache full:https://registry.npmjs.org/array.prototype.findlastindex set size:undefined disposed:false
895 silly fetch manifest object.fromentries@^2.0.8
896 silly packumentCache full:https://registry.npmjs.org/object.fromentries cache-miss
897 http fetch GET 200 https://registry.npmjs.org/array.prototype.flatmap 101ms (cache miss)
898 silly packumentCache full:https://registry.npmjs.org/array.prototype.flatmap set size:undefined disposed:false
899 silly fetch manifest object.groupby@^1.0.3
900 silly packumentCache full:https://registry.npmjs.org/object.groupby cache-miss
901 http fetch GET 200 https://registry.npmjs.org/array.prototype.flat 115ms (cache miss)
902 silly packumentCache full:https://registry.npmjs.org/array.prototype.flat set size:undefined disposed:false
903 silly fetch manifest object.values@^1.2.1
904 silly packumentCache full:https://registry.npmjs.org/object.values cache-miss
905 http fetch GET 200 https://registry.npmjs.org/doctrine 92ms (cache miss)
906 silly packumentCache full:https://registry.npmjs.org/doctrine set size:undefined disposed:false
907 silly fetch manifest semver@^6.3.1
908 silly packumentCache full:https://registry.npmjs.org/semver cache-miss
909 http fetch GET 200 https://registry.npmjs.org/unrs-resolver 229ms (cache miss)
910 silly packumentCache full:https://registry.npmjs.org/unrs-resolver set size:undefined disposed:false
911 silly fetch manifest string.prototype.trimend@^1.0.9
912 silly packumentCache full:https://registry.npmjs.org/string.prototype.trimend cache-miss
913 http fetch GET 200 https://registry.npmjs.org/hasown 94ms (cache miss)
914 silly packumentCache full:https://registry.npmjs.org/hasown set size:undefined disposed:false
915 silly fetch manifest tsconfig-paths@^3.15.0
916 silly packumentCache full:https://registry.npmjs.org/tsconfig-paths cache-miss
917 http fetch GET 200 https://registry.npmjs.org/eslint-module-utils 112ms (cache miss)
918 silly packumentCache full:https://registry.npmjs.org/eslint-module-utils set size:undefined disposed:false
919 silly fetch manifest aria-query@^5.3.2
920 silly packumentCache full:https://registry.npmjs.org/aria-query cache-miss
921 http fetch GET 200 https://registry.npmjs.org/object.fromentries 102ms (cache miss)
922 silly packumentCache full:https://registry.npmjs.org/object.fromentries set size:undefined disposed:false
923 silly fetch manifest array-includes@^3.1.8
924 silly packumentCache full:https://registry.npmjs.org/array-includes cache-miss
925 http fetch GET 200 https://registry.npmjs.org/object.groupby 100ms (cache miss)
926 silly packumentCache full:https://registry.npmjs.org/object.groupby set size:undefined disposed:false
927 silly fetch manifest array.prototype.flatmap@^1.3.2
928 silly packumentCache full:https://registry.npmjs.org/array.prototype.flatmap cache-miss
929 http fetch GET 200 https://registry.npmjs.org/object.values 97ms (cache miss)
930 silly packumentCache full:https://registry.npmjs.org/object.values set size:undefined disposed:false
931 silly fetch manifest ast-types-flow@^0.0.8
932 silly packumentCache full:https://registry.npmjs.org/ast-types-flow cache-miss
933 http fetch GET 200 https://registry.npmjs.org/semver 90ms (cache miss)
934 silly packumentCache full:https://registry.npmjs.org/semver set size:undefined disposed:false
935 silly fetch manifest axe-core@^4.10.0
936 silly packumentCache full:https://registry.npmjs.org/axe-core cache-miss
937 http fetch GET 200 https://registry.npmjs.org/string.prototype.trimend 84ms (cache miss)
938 silly packumentCache full:https://registry.npmjs.org/string.prototype.trimend set size:undefined disposed:false
939 silly fetch manifest axobject-query@^4.1.0
940 silly packumentCache full:https://registry.npmjs.org/axobject-query cache-miss
941 http fetch GET 200 https://registry.npmjs.org/aria-query 89ms (cache miss)
942 silly packumentCache full:https://registry.npmjs.org/aria-query set size:undefined disposed:false
943 silly fetch manifest damerau-levenshtein@^1.0.8
944 silly packumentCache full:https://registry.npmjs.org/damerau-levenshtein cache-miss
945 http fetch GET 200 https://registry.npmjs.org/tsconfig-paths 98ms (cache miss)
946 silly packumentCache full:https://registry.npmjs.org/tsconfig-paths set size:undefined disposed:false
947 silly fetch manifest emoji-regex@^9.2.2
948 silly packumentCache full:https://registry.npmjs.org/emoji-regex cache-miss
949 http fetch GET 200 https://registry.npmjs.org/array-includes 96ms (cache revalidated)
950 silly packumentCache full:https://registry.npmjs.org/array-includes set size:77143 disposed:false
951 silly fetch manifest jsx-ast-utils@^3.3.5
952 silly packumentCache full:https://registry.npmjs.org/jsx-ast-utils cache-miss
953 http fetch GET 200 https://registry.npmjs.org/array.prototype.flatmap 95ms (cache revalidated)
954 silly packumentCache full:https://registry.npmjs.org/array.prototype.flatmap set size:51458 disposed:false
955 silly fetch manifest language-tags@^1.0.9
956 silly packumentCache full:https://registry.npmjs.org/language-tags cache-miss
957 http fetch GET 200 https://registry.npmjs.org/ast-types-flow 96ms (cache miss)
958 silly packumentCache full:https://registry.npmjs.org/ast-types-flow set size:undefined disposed:false
959 silly fetch manifest safe-regex-test@^1.0.3
960 silly packumentCache full:https://registry.npmjs.org/safe-regex-test cache-miss
961 http fetch GET 200 https://registry.npmjs.org/axobject-query 84ms (cache miss)
962 silly packumentCache full:https://registry.npmjs.org/axobject-query set size:undefined disposed:false
963 silly fetch manifest string.prototype.includes@^2.0.1
964 silly packumentCache full:https://registry.npmjs.org/string.prototype.includes cache-miss
965 http fetch GET 200 https://registry.npmjs.org/damerau-levenshtein 100ms (cache miss)
966 silly packumentCache full:https://registry.npmjs.org/damerau-levenshtein set size:undefined disposed:false
967 silly fetch manifest array.prototype.findlast@^1.2.5
968 silly packumentCache full:https://registry.npmjs.org/array.prototype.findlast cache-miss
969 http fetch GET 200 https://registry.npmjs.org/emoji-regex 98ms (cache miss)
970 silly packumentCache full:https://registry.npmjs.org/emoji-regex set size:undefined disposed:false
971 silly fetch manifest array.prototype.tosorted@^1.1.4
972 silly packumentCache full:https://registry.npmjs.org/array.prototype.tosorted cache-miss
973 http fetch GET 200 https://registry.npmjs.org/language-tags 105ms (cache miss)
974 silly packumentCache full:https://registry.npmjs.org/language-tags set size:undefined disposed:false
975 silly fetch manifest es-iterator-helpers@^1.2.1
976 silly packumentCache full:https://registry.npmjs.org/es-iterator-helpers cache-miss
977 http fetch GET 200 https://registry.npmjs.org/jsx-ast-utils 113ms (cache miss)
978 silly packumentCache full:https://registry.npmjs.org/jsx-ast-utils set size:undefined disposed:false
979 silly fetch manifest estraverse@^5.3.0
980 silly packumentCache full:https://registry.npmjs.org/estraverse cache-miss
981 http fetch GET 200 https://registry.npmjs.org/safe-regex-test 110ms (cache miss)
982 silly packumentCache full:https://registry.npmjs.org/safe-regex-test set size:undefined disposed:false
983 silly fetch manifest jsx-ast-utils@^2.4.1 || ^3.0.0
984 silly packumentCache full:https://registry.npmjs.org/jsx-ast-utils cache-miss
985 http fetch GET 200 https://registry.npmjs.org/string.prototype.includes 95ms (cache miss)
986 silly packumentCache full:https://registry.npmjs.org/string.prototype.includes set size:undefined disposed:false
987 silly fetch manifest object.entries@^1.1.9
988 silly packumentCache full:https://registry.npmjs.org/object.entries cache-miss
989 http fetch GET 200 https://registry.npmjs.org/array.prototype.findlast 93ms (cache miss)
990 silly packumentCache full:https://registry.npmjs.org/array.prototype.findlast set size:undefined disposed:false
991 silly fetch manifest prop-types@^15.8.1
992 silly packumentCache full:https://registry.npmjs.org/prop-types cache-miss
993 http fetch GET 200 https://registry.npmjs.org/array.prototype.tosorted 103ms (cache miss)
994 silly packumentCache full:https://registry.npmjs.org/array.prototype.tosorted set size:undefined disposed:false
995 silly fetch manifest resolve@^2.0.0-next.5
996 silly packumentCache full:https://registry.npmjs.org/resolve cache-miss
997 http fetch GET 200 https://registry.npmjs.org/estraverse 148ms (cache revalidated)
998 silly packumentCache full:https://registry.npmjs.org/estraverse set size:62412 disposed:false
999 silly fetch manifest string.prototype.matchall@^4.0.12
1000 silly packumentCache full:https://registry.npmjs.org/string.prototype.matchall cache-miss
1001 http fetch GET 200 https://registry.npmjs.org/jsx-ast-utils 156ms (cache revalidated)
1002 silly packumentCache full:https://registry.npmjs.org/jsx-ast-utils set size:115998 disposed:false
1003 silly fetch manifest string.prototype.repeat@^1.0.0
1004 silly packumentCache full:https://registry.npmjs.org/string.prototype.repeat cache-miss
1005 http fetch GET 200 https://registry.npmjs.org/object.entries 136ms (cache miss)
1006 silly packumentCache full:https://registry.npmjs.org/object.entries set size:undefined disposed:false
1007 silly fetch manifest zod@^3.25.0 || ^4.0.0
1008 silly packumentCache full:https://registry.npmjs.org/zod cache-miss
1009 http fetch GET 200 https://registry.npmjs.org/es-iterator-helpers 203ms (cache miss)
1010 silly packumentCache full:https://registry.npmjs.org/es-iterator-helpers set size:undefined disposed:false
1011 silly fetch manifest @babel/core@^7.24.4
1012 silly packumentCache full:https://registry.npmjs.org/@babel%2fcore cache-miss
1013 http fetch GET 200 https://registry.npmjs.org/prop-types 141ms (cache miss)
1014 silly packumentCache full:https://registry.npmjs.org/prop-types set size:undefined disposed:false
1015 silly fetch manifest @babel/parser@^7.24.4
1016 silly packumentCache full:https://registry.npmjs.org/@babel%2fparser cache-miss
1017 http fetch GET 200 https://registry.npmjs.org/string.prototype.matchall 95ms (cache miss)
1018 silly packumentCache full:https://registry.npmjs.org/string.prototype.matchall set size:undefined disposed:false
1019 silly fetch manifest hermes-parser@^0.25.1
1020 silly packumentCache full:https://registry.npmjs.org/hermes-parser cache-miss
1021 http fetch GET 200 https://registry.npmjs.org/resolve 202ms (cache revalidated)
1022 silly packumentCache full:https://registry.npmjs.org/resolve set size:252941 disposed:false
1023 silly fetch manifest zod-validation-error@^3.5.0 || ^4.0.0
1024 silly packumentCache full:https://registry.npmjs.org/zod-validation-error cache-miss
1025 http fetch GET 200 https://registry.npmjs.org/string.prototype.repeat 141ms (cache miss)
1026 silly packumentCache full:https://registry.npmjs.org/string.prototype.repeat set size:undefined disposed:false
1027 silly fetch manifest @typescript-eslint/utils@8.59.1
1028 silly packumentCache full:https://registry.npmjs.org/@typescript-eslint%2futils cache-miss
1029 http fetch GET 200 https://registry.npmjs.org/axe-core 505ms (cache miss)
1030 silly packumentCache full:https://registry.npmjs.org/axe-core set size:undefined disposed:false
1031 silly fetch manifest @typescript-eslint/parser@8.59.1
1032 silly packumentCache full:https://registry.npmjs.org/@typescript-eslint%2fparser cache-miss
1033 http fetch GET 200 https://registry.npmjs.org/hermes-parser 268ms (cache miss)
1034 silly packumentCache full:https://registry.npmjs.org/hermes-parser set size:undefined disposed:false
1035 silly fetch manifest @typescript-eslint/eslint-plugin@8.59.1
1036 silly packumentCache full:https://registry.npmjs.org/@typescript-eslint%2feslint-plugin cache-miss
1037 http fetch GET 200 https://registry.npmjs.org/@typescript-eslint%2futils 249ms (cache revalidated)
1038 silly packumentCache full:https://registry.npmjs.org/@typescript-eslint%2futils set size:10049998 disposed:false
1039 silly fetch manifest @typescript-eslint/typescript-estree@8.59.1
1040 silly packumentCache full:https://registry.npmjs.org/@typescript-eslint%2ftypescript-estree cache-miss
1041 http fetch GET 200 https://registry.npmjs.org/@babel%2fcore 519ms (cache miss)
1042 silly packumentCache full:https://registry.npmjs.org/@babel%2fcore set size:undefined disposed:false
1043 http fetch GET 200 https://registry.npmjs.org/zod-validation-error 439ms (cache miss)
1044 silly packumentCache full:https://registry.npmjs.org/zod-validation-error set size:undefined disposed:false
1045 http fetch GET 200 https://registry.npmjs.org/@babel%2fparser 530ms (cache miss)
1046 silly packumentCache full:https://registry.npmjs.org/@babel%2fparser set size:undefined disposed:false
1047 http fetch GET 200 https://registry.npmjs.org/zod 745ms (cache miss)
1048 silly packumentCache full:https://registry.npmjs.org/zod set size:undefined disposed:false
1049 http fetch GET 200 https://registry.npmjs.org/@typescript-eslint%2fparser 979ms (cache miss)
1050 silly packumentCache full:https://registry.npmjs.org/@typescript-eslint%2fparser set size:undefined disposed:false
1051 http fetch GET 200 https://registry.npmjs.org/@typescript-eslint%2feslint-plugin 1175ms (cache miss)
1052 silly packumentCache full:https://registry.npmjs.org/@typescript-eslint%2feslint-plugin set size:undefined disposed:false
1053 http fetch GET 200 https://registry.npmjs.org/@typescript-eslint%2ftypescript-estree 1208ms (cache miss)
1054 silly packumentCache full:https://registry.npmjs.org/@typescript-eslint%2ftypescript-estree set size:undefined disposed:false
1055 silly placeDep ROOT fast-glob@3.3.1 OK for: @next/eslint-plugin-next@16.2.4 want: 3.3.1
1056 silly fetch manifest merge2@^1.3.0
1057 silly packumentCache full:https://registry.npmjs.org/merge2 cache-miss
1058 silly fetch manifest micromatch@^4.0.4
1059 silly packumentCache full:https://registry.npmjs.org/micromatch cache-miss
1060 silly fetch manifest glob-parent@^5.1.2
1061 silly packumentCache full:https://registry.npmjs.org/glob-parent cache-miss
1062 silly fetch manifest @nodelib/fs.stat@^2.0.2
1063 silly packumentCache full:https://registry.npmjs.org/@nodelib%2ffs.stat cache-miss
1064 silly fetch manifest @nodelib/fs.walk@^1.2.3
1065 silly packumentCache full:https://registry.npmjs.org/@nodelib%2ffs.walk cache-miss
1066 http fetch GET 200 https://registry.npmjs.org/merge2 102ms (cache miss)
1067 silly packumentCache full:https://registry.npmjs.org/merge2 set size:undefined disposed:false
1068 http fetch GET 200 https://registry.npmjs.org/@nodelib%2ffs.stat 126ms (cache miss)
1069 silly packumentCache full:https://registry.npmjs.org/@nodelib%2ffs.stat set size:undefined disposed:false
1070 http fetch GET 200 https://registry.npmjs.org/glob-parent 128ms (cache revalidated)
1071 silly packumentCache full:https://registry.npmjs.org/glob-parent set size:42445 disposed:false
1072 http fetch GET 200 https://registry.npmjs.org/micromatch 133ms (cache miss)
1073 silly packumentCache full:https://registry.npmjs.org/micromatch set size:undefined disposed:false
1074 http fetch GET 200 https://registry.npmjs.org/@nodelib%2ffs.walk 143ms (cache miss)
1075 silly packumentCache full:https://registry.npmjs.org/@nodelib%2ffs.walk set size:undefined disposed:false
1076 silly placeDep node_modules/eslint-import-resolver-node debug@3.2.7 OK for: eslint-import-resolver-node@0.3.10 want: ^3.2.7
1077 silly placeDep ROOT is-core-module@2.16.1 OK for: eslint-import-resolver-node@0.3.10 want: ^2.16.1
1078 silly placeDep ROOT resolve@2.0.0-next.6 OK for: eslint-import-resolver-node@0.3.10 want: ^2.0.0-next.6
1079 silly fetch manifest es-errors@^1.3.0
1080 silly packumentCache full:https://registry.npmjs.org/es-errors cache-miss
1081 silly fetch manifest path-parse@^1.0.7
1082 silly packumentCache full:https://registry.npmjs.org/path-parse cache-miss
1083 silly fetch manifest object-keys@^1.1.1
1084 silly packumentCache full:https://registry.npmjs.org/object-keys cache-miss
1085 silly fetch manifest node-exports-info@^1.6.0
1086 silly packumentCache full:https://registry.npmjs.org/node-exports-info cache-miss
1087 silly fetch manifest supports-preserve-symlinks-flag@^1.0.0
1088 silly packumentCache full:https://registry.npmjs.org/supports-preserve-symlinks-flag cache-miss
1089 http fetch GET 200 https://registry.npmjs.org/path-parse 103ms (cache miss)
1090 silly packumentCache full:https://registry.npmjs.org/path-parse set size:undefined disposed:false
1091 http fetch GET 200 https://registry.npmjs.org/supports-preserve-symlinks-flag 105ms (cache miss)
1092 silly packumentCache full:https://registry.npmjs.org/supports-preserve-symlinks-flag set size:undefined disposed:false
1093 http fetch GET 200 https://registry.npmjs.org/object-keys 108ms (cache miss)
1094 silly packumentCache full:https://registry.npmjs.org/object-keys set size:undefined disposed:false
1095 http fetch GET 200 https://registry.npmjs.org/es-errors 113ms (cache miss)
1096 silly packumentCache full:https://registry.npmjs.org/es-errors set size:undefined disposed:false
1097 http fetch GET 200 https://registry.npmjs.org/node-exports-info 115ms (cache miss)
1098 silly packumentCache full:https://registry.npmjs.org/node-exports-info set size:undefined disposed:false
1099 silly placeDep ROOT @nolyfill/is-core-module@1.0.39 OK for: eslint-import-resolver-typescript@3.10.1 want: 1.0.39
1100 silly placeDep ROOT get-tsconfig@4.14.0 OK for: eslint-import-resolver-typescript@3.10.1 want: ^4.10.0
1101 silly placeDep ROOT is-bun-module@2.0.0 OK for: eslint-import-resolver-typescript@3.10.1 want: ^2.0.0
1102 silly placeDep ROOT stable-hash@0.0.5 OK for: eslint-import-resolver-typescript@3.10.1 want: ^0.0.5
1103 silly placeDep ROOT tinyglobby@0.2.16 OK for: eslint-import-resolver-typescript@3.10.1 want: ^0.2.13
1104 silly placeDep ROOT unrs-resolver@1.11.1 OK for: eslint-import-resolver-typescript@3.10.1 want: ^1.6.2
1105 silly fetch manifest resolve-pkg-maps@^1.0.0
1106 silly packumentCache full:https://registry.npmjs.org/resolve-pkg-maps cache-miss
1107 silly fetch manifest semver@^7.7.1
1108 silly packumentCache full:https://registry.npmjs.org/semver cache-miss
1109 silly fetch manifest fdir@^6.5.0
1110 silly packumentCache full:https://registry.npmjs.org/fdir cache-miss
1111 silly fetch manifest picomatch@^4.0.4
1112 silly packumentCache full:https://registry.npmjs.org/picomatch cache-miss
1113 silly fetch manifest napi-postinstall@^0.3.0
1114 silly packumentCache full:https://registry.npmjs.org/napi-postinstall cache-miss
1115 silly fetch manifest @unrs/resolver-binding-win32-x64-msvc@1.11.1
1116 silly packumentCache full:https://registry.npmjs.org/@unrs%2fresolver-binding-win32-x64-msvc cache-miss
1117 silly fetch manifest @unrs/resolver-binding-win32-arm64-msvc@1.11.1
1118 silly packumentCache full:https://registry.npmjs.org/@unrs%2fresolver-binding-win32-arm64-msvc cache-miss
1119 http fetch GET 200 https://registry.npmjs.org/resolve-pkg-maps 92ms (cache miss)
1120 silly packumentCache full:https://registry.npmjs.org/resolve-pkg-maps set size:undefined disposed:false
1121 silly fetch manifest @unrs/resolver-binding-win32-ia32-msvc@1.11.1
1122 silly packumentCache full:https://registry.npmjs.org/@unrs%2fresolver-binding-win32-ia32-msvc cache-miss
1123 http fetch GET 200 https://registry.npmjs.org/napi-postinstall 98ms (cache miss)
1124 silly packumentCache full:https://registry.npmjs.org/napi-postinstall set size:undefined disposed:false
1125 silly fetch manifest @unrs/resolver-binding-linux-x64-gnu@1.11.1
1126 silly packumentCache full:https://registry.npmjs.org/@unrs%2fresolver-binding-linux-x64-gnu cache-miss
1127 http fetch GET 200 https://registry.npmjs.org/picomatch 108ms (cache miss)
1128 silly packumentCache full:https://registry.npmjs.org/picomatch set size:undefined disposed:false
1129 silly fetch manifest @unrs/resolver-binding-linux-x64-musl@1.11.1
1130 silly packumentCache full:https://registry.npmjs.org/@unrs%2fresolver-binding-linux-x64-musl cache-miss
1131 http fetch GET 200 https://registry.npmjs.org/semver 117ms (cache revalidated)
1132 silly packumentCache full:https://registry.npmjs.org/semver set size:229571 disposed:false
1133 silly fetch manifest @unrs/resolver-binding-freebsd-x64@1.11.1
1134 silly packumentCache full:https://registry.npmjs.org/@unrs%2fresolver-binding-freebsd-x64 cache-miss
1135 http fetch GET 200 https://registry.npmjs.org/@unrs%2fresolver-binding-win32-arm64-msvc 129ms (cache miss)
1136 silly packumentCache full:https://registry.npmjs.org/@unrs%2fresolver-binding-win32-arm64-msvc set size:undefined disposed:false
1137 silly fetch manifest @unrs/resolver-binding-android-arm64@1.11.1
1138 silly packumentCache full:https://registry.npmjs.org/@unrs%2fresolver-binding-android-arm64 cache-miss
1139 http fetch GET 200 https://registry.npmjs.org/@unrs%2fresolver-binding-win32-x64-msvc 132ms (cache miss)
1140 silly packumentCache full:https://registry.npmjs.org/@unrs%2fresolver-binding-win32-x64-msvc set size:undefined disposed:false
1141 silly fetch manifest @unrs/resolver-binding-linux-arm64-gnu@1.11.1
1142 silly packumentCache full:https://registry.npmjs.org/@unrs%2fresolver-binding-linux-arm64-gnu cache-miss
1143 http fetch GET 200 https://registry.npmjs.org/fdir 138ms (cache miss)
1144 silly packumentCache full:https://registry.npmjs.org/fdir set size:undefined disposed:false
1145 silly fetch manifest @unrs/resolver-binding-linux-arm64-musl@1.11.1
1146 silly packumentCache full:https://registry.npmjs.org/@unrs%2fresolver-binding-linux-arm64-musl cache-miss
1147 http fetch GET 200 https://registry.npmjs.org/@unrs%2fresolver-binding-win32-ia32-msvc 107ms (cache miss)
1148 silly packumentCache full:https://registry.npmjs.org/@unrs%2fresolver-binding-win32-ia32-msvc set size:undefined disposed:false
1149 silly fetch manifest @unrs/resolver-binding-android-arm-eabi@1.11.1
1150 silly packumentCache full:https://registry.npmjs.org/@unrs%2fresolver-binding-android-arm-eabi cache-miss
1151 http fetch GET 200 https://registry.npmjs.org/@unrs%2fresolver-binding-linux-x64-gnu 109ms (cache miss)
1152 silly packumentCache full:https://registry.npmjs.org/@unrs%2fresolver-binding-linux-x64-gnu set size:undefined disposed:false
1153 silly fetch manifest @unrs/resolver-binding-linux-arm-gnueabihf@1.11.1
1154 silly packumentCache full:https://registry.npmjs.org/@unrs%2fresolver-binding-linux-arm-gnueabihf cache-miss
1155 http fetch GET 200 https://registry.npmjs.org/@unrs%2fresolver-binding-linux-x64-musl 123ms (cache miss)
1156 silly packumentCache full:https://registry.npmjs.org/@unrs%2fresolver-binding-linux-x64-musl set size:undefined disposed:false
1157 silly fetch manifest @unrs/resolver-binding-linux-arm-musleabihf@1.11.1
1158 silly packumentCache full:https://registry.npmjs.org/@unrs%2fresolver-binding-linux-arm-musleabihf cache-miss
1159 http fetch GET 200 https://registry.npmjs.org/@unrs%2fresolver-binding-freebsd-x64 118ms (cache miss)
1160 silly packumentCache full:https://registry.npmjs.org/@unrs%2fresolver-binding-freebsd-x64 set size:undefined disposed:false
1161 silly fetch manifest @unrs/resolver-binding-linux-ppc64-gnu@1.11.1
1162 silly packumentCache full:https://registry.npmjs.org/@unrs%2fresolver-binding-linux-ppc64-gnu cache-miss
1163 http fetch GET 200 https://registry.npmjs.org/@unrs%2fresolver-binding-linux-arm64-musl 111ms (cache miss)
1164 silly packumentCache full:https://registry.npmjs.org/@unrs%2fresolver-binding-linux-arm64-musl set size:undefined disposed:false
1165 silly fetch manifest @unrs/resolver-binding-linux-riscv64-gnu@1.11.1
1166 silly packumentCache full:https://registry.npmjs.org/@unrs%2fresolver-binding-linux-riscv64-gnu cache-miss
1167 http fetch GET 200 https://registry.npmjs.org/@unrs%2fresolver-binding-linux-arm64-gnu 123ms (cache miss)
1168 silly packumentCache full:https://registry.npmjs.org/@unrs%2fresolver-binding-linux-arm64-gnu set size:undefined disposed:false
1169 silly fetch manifest @unrs/resolver-binding-linux-riscv64-musl@1.11.1
1170 silly packumentCache full:https://registry.npmjs.org/@unrs%2fresolver-binding-linux-riscv64-musl cache-miss
1171 http fetch GET 200 https://registry.npmjs.org/@unrs%2fresolver-binding-android-arm64 139ms (cache miss)
1172 silly packumentCache full:https://registry.npmjs.org/@unrs%2fresolver-binding-android-arm64 set size:undefined disposed:false
1173 silly fetch manifest @unrs/resolver-binding-linux-s390x-gnu@1.11.1
1174 silly packumentCache full:https://registry.npmjs.org/@unrs%2fresolver-binding-linux-s390x-gnu cache-miss
1175 http fetch GET 200 https://registry.npmjs.org/@unrs%2fresolver-binding-android-arm-eabi 99ms (cache miss)
1176 silly packumentCache full:https://registry.npmjs.org/@unrs%2fresolver-binding-android-arm-eabi set size:undefined disposed:false
1177 silly fetch manifest @unrs/resolver-binding-darwin-x64@1.11.1
1178 silly packumentCache full:https://registry.npmjs.org/@unrs%2fresolver-binding-darwin-x64 cache-miss
1179 http fetch GET 200 https://registry.npmjs.org/@unrs%2fresolver-binding-linux-arm-gnueabihf 101ms (cache miss)
1180 silly packumentCache full:https://registry.npmjs.org/@unrs%2fresolver-binding-linux-arm-gnueabihf set size:undefined disposed:false
1181 silly fetch manifest @unrs/resolver-binding-darwin-arm64@1.11.1
1182 silly packumentCache full:https://registry.npmjs.org/@unrs%2fresolver-binding-darwin-arm64 cache-miss
1183 http fetch GET 200 https://registry.npmjs.org/@unrs%2fresolver-binding-linux-arm-musleabihf 109ms (cache miss)
1184 silly packumentCache full:https://registry.npmjs.org/@unrs%2fresolver-binding-linux-arm-musleabihf set size:undefined disposed:false
1185 silly fetch manifest @unrs/resolver-binding-wasm32-wasi@1.11.1
1186 silly packumentCache full:https://registry.npmjs.org/@unrs%2fresolver-binding-wasm32-wasi cache-miss
1187 http fetch GET 200 https://registry.npmjs.org/@unrs%2fresolver-binding-linux-ppc64-gnu 117ms (cache miss)
1188 silly packumentCache full:https://registry.npmjs.org/@unrs%2fresolver-binding-linux-ppc64-gnu set size:undefined disposed:false
1189 http fetch GET 200 https://registry.npmjs.org/@unrs%2fresolver-binding-linux-riscv64-gnu 108ms (cache miss)
1190 silly packumentCache full:https://registry.npmjs.org/@unrs%2fresolver-binding-linux-riscv64-gnu set size:undefined disposed:false
1191 http fetch GET 200 https://registry.npmjs.org/@unrs%2fresolver-binding-linux-riscv64-musl 112ms (cache miss)
1192 silly packumentCache full:https://registry.npmjs.org/@unrs%2fresolver-binding-linux-riscv64-musl set size:undefined disposed:false
1193 http fetch GET 200 https://registry.npmjs.org/@unrs%2fresolver-binding-darwin-x64 102ms (cache miss)
1194 silly packumentCache full:https://registry.npmjs.org/@unrs%2fresolver-binding-darwin-x64 set size:undefined disposed:false
1195 http fetch GET 200 https://registry.npmjs.org/@unrs%2fresolver-binding-linux-s390x-gnu 137ms (cache miss)
1196 silly packumentCache full:https://registry.npmjs.org/@unrs%2fresolver-binding-linux-s390x-gnu set size:undefined disposed:false
1197 http fetch GET 200 https://registry.npmjs.org/@unrs%2fresolver-binding-darwin-arm64 101ms (cache miss)
1198 silly packumentCache full:https://registry.npmjs.org/@unrs%2fresolver-binding-darwin-arm64 set size:undefined disposed:false
1199 http fetch GET 200 https://registry.npmjs.org/@unrs%2fresolver-binding-wasm32-wasi 99ms (cache miss)
1200 silly packumentCache full:https://registry.npmjs.org/@unrs%2fresolver-binding-wasm32-wasi set size:undefined disposed:false
1201 silly placeDep ROOT @rtsao/scc@1.1.0 OK for: eslint-plugin-import@2.32.0 want: ^1.1.0
1202 silly placeDep ROOT array-includes@3.1.9 OK for: eslint-plugin-import@2.32.0 want: ^3.1.9
1203 silly placeDep ROOT array.prototype.findlastindex@1.2.6 OK for: eslint-plugin-import@2.32.0 want: ^1.2.6
1204 silly placeDep ROOT array.prototype.flat@1.3.3 OK for: eslint-plugin-import@2.32.0 want: ^1.3.3
1205 silly placeDep ROOT array.prototype.flatmap@1.3.3 OK for: eslint-plugin-import@2.32.0 want: ^1.3.3
1206 silly placeDep node_modules/eslint-plugin-import debug@3.2.7 OK for: eslint-plugin-import@2.32.0 want: ^3.2.7
1207 silly placeDep ROOT doctrine@2.1.0 OK for: eslint-plugin-import@2.32.0 want: ^2.1.0
1208 silly placeDep ROOT eslint-module-utils@2.12.1 OK for: eslint-plugin-import@2.32.0 want: ^2.12.1
1209 silly placeDep ROOT hasown@2.0.3 OK for: eslint-plugin-import@2.32.0 want: ^2.0.2
1210 silly placeDep ROOT object.fromentries@2.0.8 OK for: eslint-plugin-import@2.32.0 want: ^2.0.8
1211 silly placeDep ROOT object.groupby@1.0.3 OK for: eslint-plugin-import@2.32.0 want: ^1.0.3
1212 silly placeDep ROOT object.values@1.2.1 OK for: eslint-plugin-import@2.32.0 want: ^1.2.1
1213 silly placeDep ROOT semver@6.3.1 OK for: eslint-plugin-import@2.32.0 want: ^6.3.1
1214 silly placeDep ROOT string.prototype.trimend@1.0.9 OK for: eslint-plugin-import@2.32.0 want: ^1.0.9
1215 silly placeDep ROOT tsconfig-paths@3.15.0 OK for: eslint-plugin-import@2.32.0 want: ^3.15.0
1216 silly fetch manifest call-bind@^1.0.8
1217 silly packumentCache full:https://registry.npmjs.org/call-bind cache-miss
1218 silly fetch manifest call-bound@^1.0.4
1219 silly packumentCache full:https://registry.npmjs.org/call-bound cache-miss
1220 silly fetch manifest define-properties@^1.2.1
1221 silly packumentCache full:https://registry.npmjs.org/define-properties cache-miss
1222 silly fetch manifest es-abstract@^1.24.0
1223 silly packumentCache full:https://registry.npmjs.org/es-abstract cache-miss
1224 silly fetch manifest es-object-atoms@^1.1.1
1225 silly packumentCache full:https://registry.npmjs.org/es-object-atoms cache-miss
1226 silly fetch manifest get-intrinsic@^1.3.0
1227 silly packumentCache full:https://registry.npmjs.org/get-intrinsic cache-miss
1228 silly fetch manifest is-string@^1.1.1
1229 silly packumentCache full:https://registry.npmjs.org/is-string cache-miss
1230 http fetch GET 200 https://registry.npmjs.org/is-string 102ms (cache miss)
1231 silly packumentCache full:https://registry.npmjs.org/is-string set size:undefined disposed:false
1232 silly fetch manifest math-intrinsics@^1.1.0
1233 silly packumentCache full:https://registry.npmjs.org/math-intrinsics cache-miss
1234 http fetch GET 200 https://registry.npmjs.org/es-object-atoms 107ms (cache miss)
1235 silly packumentCache full:https://registry.npmjs.org/es-object-atoms set size:undefined disposed:false
1236 silly fetch manifest call-bind@^1.0.8
1237 silly packumentCache full:https://registry.npmjs.org/call-bind cache-miss
1238 http fetch GET 200 https://registry.npmjs.org/call-bind 114ms (cache miss)
1239 silly packumentCache full:https://registry.npmjs.org/call-bind set size:undefined disposed:false
1240 silly fetch manifest call-bound@^1.0.4
1241 silly packumentCache full:https://registry.npmjs.org/call-bound cache-miss
1242 http fetch GET 200 https://registry.npmjs.org/get-intrinsic 114ms (cache miss)
1243 silly packumentCache full:https://registry.npmjs.org/get-intrinsic set size:undefined disposed:false
1244 silly fetch manifest define-properties@^1.2.1
1245 silly packumentCache full:https://registry.npmjs.org/define-properties cache-miss
1246 http fetch GET 200 https://registry.npmjs.org/define-properties 123ms (cache miss)
1247 silly packumentCache full:https://registry.npmjs.org/define-properties set size:undefined disposed:false
1248 silly fetch manifest es-abstract@^1.23.9
1249 silly packumentCache full:https://registry.npmjs.org/es-abstract cache-miss
1250 http fetch GET 200 https://registry.npmjs.org/call-bound 127ms (cache miss)
1251 silly packumentCache full:https://registry.npmjs.org/call-bound set size:undefined disposed:false
1252 silly fetch manifest es-shim-unscopables@^1.1.0
1253 silly packumentCache full:https://registry.npmjs.org/es-shim-unscopables cache-miss
1254 http fetch GET 200 https://registry.npmjs.org/es-abstract 141ms (cache miss)
1255 silly packumentCache full:https://registry.npmjs.org/es-abstract set size:undefined disposed:false
1256 silly fetch manifest es-abstract@^1.23.5
1257 silly packumentCache full:https://registry.npmjs.org/es-abstract cache-miss
1258 http fetch GET 200 https://registry.npmjs.org/math-intrinsics 87ms (cache miss)
1259 silly packumentCache full:https://registry.npmjs.org/math-intrinsics set size:undefined disposed:false
1260 silly fetch manifest es-shim-unscopables@^1.0.2
1261 silly packumentCache full:https://registry.npmjs.org/es-shim-unscopables cache-miss
1262 http fetch GET 200 https://registry.npmjs.org/call-bound 91ms (cache miss)
1263 silly packumentCache full:https://registry.npmjs.org/call-bound set size:undefined disposed:false
1264 silly fetch manifest es-abstract@^1.23.5
1265 silly packumentCache full:https://registry.npmjs.org/es-abstract cache-miss
1266 http fetch GET 200 https://registry.npmjs.org/call-bind 112ms (cache revalidated)
1267 silly packumentCache full:https://registry.npmjs.org/call-bind set size:32985 disposed:false
1268 silly fetch manifest es-shim-unscopables@^1.0.2
1269 silly packumentCache full:https://registry.npmjs.org/es-shim-unscopables cache-miss
1270 http fetch GET 200 https://registry.npmjs.org/define-properties 108ms (cache revalidated)
1271 silly packumentCache full:https://registry.npmjs.org/define-properties set size:31491 disposed:false
1272 silly fetch manifest function-bind@^1.1.2
1273 silly packumentCache full:https://registry.npmjs.org/function-bind cache-miss
1274 http fetch GET 200 https://registry.npmjs.org/es-shim-unscopables 109ms (cache miss)
1275 silly packumentCache full:https://registry.npmjs.org/es-shim-unscopables set size:undefined disposed:false
1276 silly fetch manifest call-bind@^1.0.7
1277 silly packumentCache full:https://registry.npmjs.org/call-bind cache-hit
1278 silly fetch manifest es-abstract@^1.23.2
1279 silly packumentCache full:https://registry.npmjs.org/es-abstract cache-miss
1280 http fetch GET 200 https://registry.npmjs.org/es-abstract 95ms (cache revalidated)
1281 silly packumentCache full:https://registry.npmjs.org/es-abstract set size:384124 disposed:false
1282 silly fetch manifest es-object-atoms@^1.0.0
1283 silly packumentCache full:https://registry.npmjs.org/es-object-atoms cache-miss
1284 http fetch GET 200 https://registry.npmjs.org/es-abstract 136ms (cache miss)
1285 silly packumentCache full:https://registry.npmjs.org/es-abstract set size:undefined disposed:false
1286 silly packumentCache full:https://registry.npmjs.org/es-abstract dispose
1287 silly fetch manifest es-abstract@^1.23.2
1288 silly packumentCache full:https://registry.npmjs.org/es-abstract cache-miss
1289 http fetch GET 200 https://registry.npmjs.org/es-shim-unscopables 85ms (cache miss)
1290 silly packumentCache full:https://registry.npmjs.org/es-shim-unscopables set size:undefined disposed:false
1291 silly fetch manifest call-bound@^1.0.3
1292 silly packumentCache full:https://registry.npmjs.org/call-bound cache-miss
1293 http fetch GET 200 https://registry.npmjs.org/es-abstract 89ms (cache revalidated)
1294 silly packumentCache full:https://registry.npmjs.org/es-abstract set size:384124 disposed:true
1295 silly fetch manifest es-object-atoms@^1.0.0
1296 silly packumentCache full:https://registry.npmjs.org/es-object-atoms cache-miss
1297 http fetch GET 200 https://registry.npmjs.org/es-shim-unscopables 86ms (cache miss)
1298 silly packumentCache full:https://registry.npmjs.org/es-shim-unscopables set size:undefined disposed:false
1299 silly fetch manifest call-bound@^1.0.2
1300 silly packumentCache full:https://registry.npmjs.org/call-bound cache-miss
1301 http fetch GET 200 https://registry.npmjs.org/function-bind 96ms (cache miss)
1302 silly packumentCache full:https://registry.npmjs.org/function-bind set size:undefined disposed:false
1303 silly fetch manifest es-object-atoms@^1.0.0
1304 silly packumentCache full:https://registry.npmjs.org/es-object-atoms cache-miss
1305 http fetch GET 200 https://registry.npmjs.org/es-object-atoms 90ms (cache revalidated)
1306 silly packumentCache full:https://registry.npmjs.org/es-object-atoms set size:15304 disposed:false
1307 silly fetch manifest json5@^1.0.2
1308 silly packumentCache full:https://registry.npmjs.org/json5 cache-miss
1309 http fetch GET 200 https://registry.npmjs.org/es-abstract 106ms (cache revalidated)
1310 silly packumentCache full:https://registry.npmjs.org/es-abstract set size:384124 disposed:false
1311 silly packumentCache full:https://registry.npmjs.org/es-abstract dispose
1312 silly fetch manifest minimist@^1.2.6
1313 silly packumentCache full:https://registry.npmjs.org/minimist cache-miss
1314 http fetch GET 200 https://registry.npmjs.org/es-abstract 93ms (cache revalidated)
1315 silly packumentCache full:https://registry.npmjs.org/es-abstract set size:384124 disposed:true
1316 silly packumentCache full:https://registry.npmjs.org/es-abstract dispose
1317 silly fetch manifest strip-bom@^3.0.0
1318 silly packumentCache full:https://registry.npmjs.org/strip-bom cache-miss
1319 http fetch GET 200 https://registry.npmjs.org/call-bound 91ms (cache revalidated)
1320 silly packumentCache full:https://registry.npmjs.org/call-bound set size:15317 disposed:false
1321 silly fetch manifest @types/json5@^0.0.29
1322 silly packumentCache full:https://registry.npmjs.org/@types%2fjson5 cache-miss
1323 http fetch GET 200 https://registry.npmjs.org/es-object-atoms 88ms (cache revalidated)
1324 silly packumentCache full:https://registry.npmjs.org/es-object-atoms set size:15304 disposed:false
1325 silly packumentCache full:https://registry.npmjs.org/es-object-atoms dispose
1326 http fetch GET 200 https://registry.npmjs.org/call-bound 92ms (cache revalidated)
1327 silly packumentCache full:https://registry.npmjs.org/call-bound set size:15317 disposed:false
1328 silly packumentCache full:https://registry.npmjs.org/call-bound dispose
1329 http fetch GET 200 https://registry.npmjs.org/es-object-atoms 97ms (cache revalidated)
1330 silly packumentCache full:https://registry.npmjs.org/es-object-atoms set size:15304 disposed:true
1331 silly packumentCache full:https://registry.npmjs.org/es-object-atoms dispose
1332 http fetch GET 200 https://registry.npmjs.org/json5 92ms (cache miss)
1333 silly packumentCache full:https://registry.npmjs.org/json5 set size:undefined disposed:false
1334 http fetch GET 200 https://registry.npmjs.org/minimist 96ms (cache miss)
1335 silly packumentCache full:https://registry.npmjs.org/minimist set size:undefined disposed:false
1336 http fetch GET 200 https://registry.npmjs.org/strip-bom 94ms (cache miss)
1337 silly packumentCache full:https://registry.npmjs.org/strip-bom set size:undefined disposed:false
1338 http fetch GET 200 https://registry.npmjs.org/@types%2fjson5 97ms (cache miss)
1339 silly packumentCache full:https://registry.npmjs.org/@types%2fjson5 set size:undefined disposed:false
1340 silly placeDep ROOT call-bind@1.0.9 OK for: array-includes@3.1.9 want: ^1.0.8
1341 silly placeDep ROOT call-bound@1.0.4 OK for: array-includes@3.1.9 want: ^1.0.4
1342 silly placeDep ROOT define-properties@1.2.1 OK for: array-includes@3.1.9 want: ^1.2.1
1343 silly placeDep ROOT es-abstract@1.24.2 OK for: array-includes@3.1.9 want: ^1.24.0
1344 silly placeDep ROOT es-object-atoms@1.1.1 OK for: array-includes@3.1.9 want: ^1.1.1
1345 silly placeDep ROOT get-intrinsic@1.3.0 OK for: array-includes@3.1.9 want: ^1.3.0
1346 silly placeDep ROOT is-string@1.1.1 OK for: array-includes@3.1.9 want: ^1.1.1
1347 silly placeDep ROOT math-intrinsics@1.1.0 OK for: array-includes@3.1.9 want: ^1.1.0
1348 silly fetch manifest call-bind-apply-helpers@^1.0.2
1349 silly packumentCache full:https://registry.npmjs.org/call-bind-apply-helpers cache-miss
1350 silly fetch manifest es-define-property@^1.0.1
1351 silly packumentCache full:https://registry.npmjs.org/es-define-property cache-miss
1352 silly fetch manifest set-function-length@^1.2.2
1353 silly packumentCache full:https://registry.npmjs.org/set-function-length cache-miss
1354 silly fetch manifest call-bind-apply-helpers@^1.0.2
1355 silly packumentCache full:https://registry.npmjs.org/call-bind-apply-helpers cache-miss
1356 silly fetch manifest define-data-property@^1.0.1
1357 silly packumentCache full:https://registry.npmjs.org/define-data-property cache-miss
1358 silly fetch manifest has-property-descriptors@^1.0.0
1359 silly packumentCache full:https://registry.npmjs.org/has-property-descriptors cache-miss
1360 silly fetch manifest array-buffer-byte-length@^1.0.2
1361 silly packumentCache full:https://registry.npmjs.org/array-buffer-byte-length cache-miss
1362 http fetch GET 200 https://registry.npmjs.org/set-function-length 113ms (cache miss)
1363 silly packumentCache full:https://registry.npmjs.org/set-function-length set size:undefined disposed:false
1364 silly fetch manifest arraybuffer.prototype.slice@^1.0.4
1365 silly packumentCache full:https://registry.npmjs.org/arraybuffer.prototype.slice cache-miss
1366 http fetch GET 200 https://registry.npmjs.org/call-bind-apply-helpers 122ms (cache miss)
1367 silly packumentCache full:https://registry.npmjs.org/call-bind-apply-helpers set size:undefined disposed:false
1368 silly fetch manifest available-typed-arrays@^1.0.7
1369 silly packumentCache full:https://registry.npmjs.org/available-typed-arrays cache-miss
1370 http fetch GET 200 https://registry.npmjs.org/call-bind-apply-helpers 128ms (cache miss)
1371 silly packumentCache full:https://registry.npmjs.org/call-bind-apply-helpers set size:undefined disposed:false
1372 silly fetch manifest data-view-buffer@^1.0.2
1373 silly packumentCache full:https://registry.npmjs.org/data-view-buffer cache-miss
1374 http fetch GET 200 https://registry.npmjs.org/es-define-property 134ms (cache miss)
1375 silly packumentCache full:https://registry.npmjs.org/es-define-property set size:undefined disposed:false
1376 silly fetch manifest data-view-byte-length@^1.0.2
1377 silly packumentCache full:https://registry.npmjs.org/data-view-byte-length cache-miss
1378 http fetch GET 200 https://registry.npmjs.org/has-property-descriptors 134ms (cache miss)
1379 silly packumentCache full:https://registry.npmjs.org/has-property-descriptors set size:undefined disposed:false
1380 silly fetch manifest data-view-byte-offset@^1.0.1
1381 silly packumentCache full:https://registry.npmjs.org/data-view-byte-offset cache-miss
1382 http fetch GET 200 https://registry.npmjs.org/define-data-property 137ms (cache miss)
1383 silly packumentCache full:https://registry.npmjs.org/define-data-property set size:undefined disposed:false
1384 silly fetch manifest es-set-tostringtag@^2.1.0
1385 silly packumentCache full:https://registry.npmjs.org/es-set-tostringtag cache-miss
1386 http fetch GET 200 https://registry.npmjs.org/array-buffer-byte-length 145ms (cache miss)
1387 silly packumentCache full:https://registry.npmjs.org/array-buffer-byte-length set size:undefined disposed:false
1388 silly fetch manifest es-to-primitive@^1.3.0
1389 silly packumentCache full:https://registry.npmjs.org/es-to-primitive cache-miss
1390 http fetch GET 200 https://registry.npmjs.org/arraybuffer.prototype.slice 86ms (cache miss)
1391 silly packumentCache full:https://registry.npmjs.org/arraybuffer.prototype.slice set size:undefined disposed:false
1392 silly fetch manifest function.prototype.name@^1.1.8
1393 silly packumentCache full:https://registry.npmjs.org/function.prototype.name cache-miss
1394 http fetch GET 200 https://registry.npmjs.org/available-typed-arrays 94ms (cache miss)
1395 silly packumentCache full:https://registry.npmjs.org/available-typed-arrays set size:undefined disposed:false
1396 silly fetch manifest get-proto@^1.0.1
1397 silly packumentCache full:https://registry.npmjs.org/get-proto cache-miss
1398 http fetch GET 200 https://registry.npmjs.org/data-view-buffer 106ms (cache miss)
1399 silly packumentCache full:https://registry.npmjs.org/data-view-buffer set size:undefined disposed:false
1400 silly fetch manifest get-symbol-description@^1.1.0
1401 silly packumentCache full:https://registry.npmjs.org/get-symbol-description cache-miss
1402 http fetch GET 200 https://registry.npmjs.org/es-set-tostringtag 104ms (cache miss)
1403 silly packumentCache full:https://registry.npmjs.org/es-set-tostringtag set size:undefined disposed:false
1404 silly fetch manifest globalthis@^1.0.4
1405 silly packumentCache full:https://registry.npmjs.org/globalthis cache-miss
1406 http fetch GET 200 https://registry.npmjs.org/data-view-byte-length 115ms (cache miss)
1407 silly packumentCache full:https://registry.npmjs.org/data-view-byte-length set size:undefined disposed:false
1408 silly fetch manifest gopd@^1.2.0
1409 silly packumentCache full:https://registry.npmjs.org/gopd cache-miss
1410 http fetch GET 200 https://registry.npmjs.org/es-to-primitive 105ms (cache miss)
1411 silly packumentCache full:https://registry.npmjs.org/es-to-primitive set size:undefined disposed:false
1412 silly fetch manifest has-property-descriptors@^1.0.2
1413 silly packumentCache full:https://registry.npmjs.org/has-property-descriptors cache-miss
1414 http fetch GET 200 https://registry.npmjs.org/data-view-byte-offset 123ms (cache miss)
1415 silly packumentCache full:https://registry.npmjs.org/data-view-byte-offset set size:undefined disposed:false
1416 silly fetch manifest has-proto@^1.2.0
1417 silly packumentCache full:https://registry.npmjs.org/has-proto cache-miss
1418 http fetch GET 200 https://registry.npmjs.org/function.prototype.name 89ms (cache miss)
1419 silly packumentCache full:https://registry.npmjs.org/function.prototype.name set size:undefined disposed:false
1420 silly fetch manifest has-symbols@^1.1.0
1421 silly packumentCache full:https://registry.npmjs.org/has-symbols cache-miss
1422 http fetch GET 200 https://registry.npmjs.org/get-symbol-description 100ms (cache miss)
1423 silly packumentCache full:https://registry.npmjs.org/get-symbol-description set size:undefined disposed:false
1424 silly fetch manifest internal-slot@^1.1.0
1425 silly packumentCache full:https://registry.npmjs.org/internal-slot cache-miss
1426 http fetch GET 200 https://registry.npmjs.org/get-proto 128ms (cache miss)
1427 silly packumentCache full:https://registry.npmjs.org/get-proto set size:undefined disposed:false
1428 silly fetch manifest is-array-buffer@^3.0.5
1429 silly packumentCache full:https://registry.npmjs.org/is-array-buffer cache-miss
1430 http fetch GET 200 https://registry.npmjs.org/globalthis 106ms (cache miss)
1431 silly packumentCache full:https://registry.npmjs.org/globalthis set size:undefined disposed:false
1432 silly fetch manifest is-callable@^1.2.7
1433 silly packumentCache full:https://registry.npmjs.org/is-callable cache-miss
1434 http fetch GET 200 https://registry.npmjs.org/has-property-descriptors 104ms (cache revalidated)
1435 silly packumentCache full:https://registry.npmjs.org/has-property-descriptors set size:12452 disposed:false
1436 silly fetch manifest is-data-view@^1.0.2
1437 silly packumentCache full:https://registry.npmjs.org/is-data-view cache-miss
1438 http fetch GET 200 https://registry.npmjs.org/gopd 117ms (cache miss)
1439 silly packumentCache full:https://registry.npmjs.org/gopd set size:undefined disposed:false
1440 silly fetch manifest is-negative-zero@^2.0.3
1441 silly packumentCache full:https://registry.npmjs.org/is-negative-zero cache-miss
1442 http fetch GET 200 https://registry.npmjs.org/has-proto 116ms (cache miss)
1443 silly packumentCache full:https://registry.npmjs.org/has-proto set size:undefined disposed:false
1444 silly fetch manifest is-regex@^1.2.1
1445 silly packumentCache full:https://registry.npmjs.org/is-regex cache-miss
1446 http fetch GET 200 https://registry.npmjs.org/has-symbols 92ms (cache miss)
1447 silly packumentCache full:https://registry.npmjs.org/has-symbols set size:undefined disposed:false
1448 silly fetch manifest is-set@^2.0.3
1449 silly packumentCache full:https://registry.npmjs.org/is-set cache-miss
1450 http fetch GET 200 https://registry.npmjs.org/internal-slot 130ms (cache miss)
1451 silly packumentCache full:https://registry.npmjs.org/internal-slot set size:undefined disposed:false
1452 silly fetch manifest is-shared-array-buffer@^1.0.4
1453 silly packumentCache full:https://registry.npmjs.org/is-shared-array-buffer cache-miss
1454 http fetch GET 200 https://registry.npmjs.org/is-array-buffer 134ms (cache miss)
1455 silly packumentCache full:https://registry.npmjs.org/is-array-buffer set size:undefined disposed:false
1456 silly fetch manifest is-typed-array@^1.1.15
1457 silly packumentCache full:https://registry.npmjs.org/is-typed-array cache-miss
1458 http fetch GET 200 https://registry.npmjs.org/is-data-view 146ms (cache miss)
1459 silly packumentCache full:https://registry.npmjs.org/is-data-view set size:undefined disposed:false
1460 silly fetch manifest is-weakref@^1.1.1
1461 silly packumentCache full:https://registry.npmjs.org/is-weakref cache-miss
1462 http fetch GET 200 https://registry.npmjs.org/is-callable 168ms (cache miss)
1463 silly packumentCache full:https://registry.npmjs.org/is-callable set size:undefined disposed:false
1464 silly fetch manifest object-inspect@^1.13.4
1465 silly packumentCache full:https://registry.npmjs.org/object-inspect cache-miss
1466 http fetch GET 200 https://registry.npmjs.org/is-negative-zero 163ms (cache miss)
1467 silly packumentCache full:https://registry.npmjs.org/is-negative-zero set size:undefined disposed:false
1468 silly fetch manifest object.assign@^4.1.7
1469 silly packumentCache full:https://registry.npmjs.org/object.assign cache-miss
1470 http fetch GET 200 https://registry.npmjs.org/is-regex 169ms (cache miss)
1471 silly packumentCache full:https://registry.npmjs.org/is-regex set size:undefined disposed:false
1472 silly fetch manifest own-keys@^1.0.1
1473 silly packumentCache full:https://registry.npmjs.org/own-keys cache-miss
1474 http fetch GET 200 https://registry.npmjs.org/is-set 167ms (cache miss)
1475 silly packumentCache full:https://registry.npmjs.org/is-set set size:undefined disposed:false
1476 silly fetch manifest regexp.prototype.flags@^1.5.4
1477 silly packumentCache full:https://registry.npmjs.org/regexp.prototype.flags cache-miss
1478 http fetch GET 200 https://registry.npmjs.org/is-shared-array-buffer 108ms (cache miss)
1479 silly packumentCache full:https://registry.npmjs.org/is-shared-array-buffer set size:undefined disposed:false
1480 silly fetch manifest safe-array-concat@^1.1.3
1481 silly packumentCache full:https://registry.npmjs.org/safe-array-concat cache-miss
1482 http fetch GET 200 https://registry.npmjs.org/is-typed-array 99ms (cache miss)
1483 silly packumentCache full:https://registry.npmjs.org/is-typed-array set size:undefined disposed:false
1484 silly fetch manifest safe-push-apply@^1.0.0
1485 silly packumentCache full:https://registry.npmjs.org/safe-push-apply cache-miss
1486 http fetch GET 200 https://registry.npmjs.org/is-weakref 94ms (cache miss)
1487 silly packumentCache full:https://registry.npmjs.org/is-weakref set size:undefined disposed:false
1488 silly fetch manifest safe-regex-test@^1.1.0
1489 silly packumentCache full:https://registry.npmjs.org/safe-regex-test cache-miss
1490 http fetch GET 200 https://registry.npmjs.org/object-inspect 99ms (cache miss)
1491 silly packumentCache full:https://registry.npmjs.org/object-inspect set size:undefined disposed:false
1492 silly fetch manifest set-proto@^1.0.0
1493 silly packumentCache full:https://registry.npmjs.org/set-proto cache-miss
1494 http fetch GET 200 https://registry.npmjs.org/object.assign 101ms (cache miss)
1495 silly packumentCache full:https://registry.npmjs.org/object.assign set size:undefined disposed:false
1496 silly fetch manifest stop-iteration-iterator@^1.1.0
1497 silly packumentCache full:https://registry.npmjs.org/stop-iteration-iterator cache-miss
1498 http fetch GET 200 https://registry.npmjs.org/regexp.prototype.flags 96ms (cache miss)
1499 silly packumentCache full:https://registry.npmjs.org/regexp.prototype.flags set size:undefined disposed:false
1500 silly fetch manifest string.prototype.trim@^1.2.10
1501 silly packumentCache full:https://registry.npmjs.org/string.prototype.trim cache-miss
1502 http fetch GET 200 https://registry.npmjs.org/own-keys 107ms (cache miss)
1503 silly packumentCache full:https://registry.npmjs.org/own-keys set size:undefined disposed:false
1504 silly fetch manifest string.prototype.trimstart@^1.0.8
1505 silly packumentCache full:https://registry.npmjs.org/string.prototype.trimstart cache-miss
1506 http fetch GET 200 https://registry.npmjs.org/safe-array-concat 100ms (cache miss)
1507 silly packumentCache full:https://registry.npmjs.org/safe-array-concat set size:undefined disposed:false
1508 silly fetch manifest typed-array-buffer@^1.0.3
1509 silly packumentCache full:https://registry.npmjs.org/typed-array-buffer cache-miss
1510 http fetch GET 200 https://registry.npmjs.org/safe-push-apply 99ms (cache miss)
1511 silly packumentCache full:https://registry.npmjs.org/safe-push-apply set size:undefined disposed:false
1512 silly fetch manifest typed-array-byte-length@^1.0.3
1513 silly packumentCache full:https://registry.npmjs.org/typed-array-byte-length cache-miss
1514 http fetch GET 200 https://registry.npmjs.org/safe-regex-test 88ms (cache revalidated)
1515 silly packumentCache full:https://registry.npmjs.org/safe-regex-test set size:17412 disposed:false
1516 silly fetch manifest typed-array-byte-offset@^1.0.4
1517 silly packumentCache full:https://registry.npmjs.org/typed-array-byte-offset cache-miss
1518 http fetch GET 200 https://registry.npmjs.org/set-proto 99ms (cache miss)
1519 silly packumentCache full:https://registry.npmjs.org/set-proto set size:undefined disposed:false
1520 silly fetch manifest typed-array-length@^1.0.7
1521 silly packumentCache full:https://registry.npmjs.org/typed-array-length cache-miss
1522 http fetch GET 200 https://registry.npmjs.org/stop-iteration-iterator 100ms (cache miss)
1523 silly packumentCache full:https://registry.npmjs.org/stop-iteration-iterator set size:undefined disposed:false
1524 silly fetch manifest unbox-primitive@^1.1.0
1525 silly packumentCache full:https://registry.npmjs.org/unbox-primitive cache-miss
1526 http fetch GET 200 https://registry.npmjs.org/string.prototype.trim 101ms (cache miss)
1527 silly packumentCache full:https://registry.npmjs.org/string.prototype.trim set size:undefined disposed:false
1528 silly fetch manifest which-typed-array@^1.1.19
1529 silly packumentCache full:https://registry.npmjs.org/which-typed-array cache-miss
1530 http fetch GET 200 https://registry.npmjs.org/string.prototype.trimstart 110ms (cache miss)
1531 silly packumentCache full:https://registry.npmjs.org/string.prototype.trimstart set size:undefined disposed:false
1532 silly fetch manifest has-tostringtag@^1.0.2
1533 silly packumentCache full:https://registry.npmjs.org/has-tostringtag cache-miss
1534 http fetch GET 200 https://registry.npmjs.org/typed-array-buffer 107ms (cache miss)
1535 silly packumentCache full:https://registry.npmjs.org/typed-array-buffer set size:undefined disposed:false
1536 http fetch GET 200 https://registry.npmjs.org/typed-array-byte-offset 97ms (cache miss)
1537 silly packumentCache full:https://registry.npmjs.org/typed-array-byte-offset set size:undefined disposed:false
1538 http fetch GET 200 https://registry.npmjs.org/typed-array-byte-length 107ms (cache miss)
1539 silly packumentCache full:https://registry.npmjs.org/typed-array-byte-length set size:undefined disposed:false
1540 http fetch GET 200 https://registry.npmjs.org/typed-array-length 90ms (cache miss)
1541 silly packumentCache full:https://registry.npmjs.org/typed-array-length set size:undefined disposed:false
1542 http fetch GET 200 https://registry.npmjs.org/unbox-primitive 89ms (cache miss)
1543 silly packumentCache full:https://registry.npmjs.org/unbox-primitive set size:undefined disposed:false
1544 http fetch GET 200 https://registry.npmjs.org/which-typed-array 97ms (cache miss)
1545 silly packumentCache full:https://registry.npmjs.org/which-typed-array set size:undefined disposed:false
1546 http fetch GET 200 https://registry.npmjs.org/has-tostringtag 95ms (cache miss)
1547 silly packumentCache full:https://registry.npmjs.org/has-tostringtag set size:undefined disposed:false
1548 silly placeDep ROOT es-errors@1.3.0 OK for: array.prototype.findlastindex@1.2.6 want: ^1.3.0
1549 silly placeDep ROOT es-shim-unscopables@1.1.0 OK for: array.prototype.findlastindex@1.2.6 want: ^1.1.0
1550 silly placeDep ROOT call-bind-apply-helpers@1.0.2 OK for: call-bind@1.0.9 want: ^1.0.2
1551 silly placeDep ROOT es-define-property@1.0.1 OK for: call-bind@1.0.9 want: ^1.0.1
1552 silly placeDep ROOT set-function-length@1.2.2 OK for: call-bind@1.0.9 want: ^1.2.2
1553 silly fetch manifest define-data-property@^1.1.4
1554 silly packumentCache full:https://registry.npmjs.org/define-data-property cache-miss
1555 silly fetch manifest gopd@^1.0.1
1556 silly packumentCache full:https://registry.npmjs.org/gopd cache-miss
1557 http fetch GET 200 https://registry.npmjs.org/define-data-property 99ms (cache revalidated)
1558 silly packumentCache full:https://registry.npmjs.org/define-data-property set size:28048 disposed:false
1559 http fetch GET 200 https://registry.npmjs.org/gopd 104ms (cache revalidated)
1560 silly packumentCache full:https://registry.npmjs.org/gopd set size:11458 disposed:false
1561 silly placeDep ROOT function-bind@1.1.2 OK for: call-bind-apply-helpers@1.0.2 want: ^1.1.2
1562 silly placeDep ROOT define-data-property@1.1.4 OK for: define-properties@1.2.1 want: ^1.0.1
1563 silly placeDep ROOT has-property-descriptors@1.0.2 OK for: define-properties@1.2.1 want: ^1.0.0
1564 silly placeDep ROOT object-keys@1.1.1 OK for: define-properties@1.2.1 want: ^1.1.1
1565 silly placeDep ROOT gopd@1.2.0 OK for: define-data-property@1.1.4 want: ^1.0.1
1566 silly placeDep ROOT array-buffer-byte-length@1.0.2 OK for: es-abstract@1.24.2 want: ^1.0.2
1567 silly placeDep ROOT arraybuffer.prototype.slice@1.0.4 OK for: es-abstract@1.24.2 want: ^1.0.4
1568 silly placeDep ROOT available-typed-arrays@1.0.7 OK for: es-abstract@1.24.2 want: ^1.0.7
1569 silly placeDep ROOT data-view-buffer@1.0.2 OK for: es-abstract@1.24.2 want: ^1.0.2
1570 silly placeDep ROOT data-view-byte-length@1.0.2 OK for: es-abstract@1.24.2 want: ^1.0.2
1571 silly placeDep ROOT data-view-byte-offset@1.0.1 OK for: es-abstract@1.24.2 want: ^1.0.1
1572 silly placeDep ROOT es-set-tostringtag@2.1.0 OK for: es-abstract@1.24.2 want: ^2.1.0
1573 silly placeDep ROOT es-to-primitive@1.3.0 OK for: es-abstract@1.24.2 want: ^1.3.0
1574 silly placeDep ROOT function.prototype.name@1.1.8 OK for: es-abstract@1.24.2 want: ^1.1.8
1575 silly placeDep ROOT get-proto@1.0.1 OK for: es-abstract@1.24.2 want: ^1.0.1
1576 silly placeDep ROOT get-symbol-description@1.1.0 OK for: es-abstract@1.24.2 want: ^1.1.0
1577 silly placeDep ROOT globalthis@1.0.4 OK for: es-abstract@1.24.2 want: ^1.0.4
1578 silly placeDep ROOT has-proto@1.2.0 OK for: es-abstract@1.24.2 want: ^1.2.0
1579 silly placeDep ROOT has-symbols@1.1.0 OK for: es-abstract@1.24.2 want: ^1.1.0
1580 silly placeDep ROOT internal-slot@1.1.0 OK for: es-abstract@1.24.2 want: ^1.1.0
1581 silly placeDep ROOT is-array-buffer@3.0.5 OK for: es-abstract@1.24.2 want: ^3.0.5
1582 silly placeDep ROOT is-callable@1.2.7 OK for: es-abstract@1.24.2 want: ^1.2.7
1583 silly placeDep ROOT is-data-view@1.0.2 OK for: es-abstract@1.24.2 want: ^1.0.2
1584 silly placeDep ROOT is-negative-zero@2.0.3 OK for: es-abstract@1.24.2 want: ^2.0.3
1585 silly placeDep ROOT is-regex@1.2.1 OK for: es-abstract@1.24.2 want: ^1.2.1
1586 silly placeDep ROOT is-set@2.0.3 OK for: es-abstract@1.24.2 want: ^2.0.3
1587 silly placeDep ROOT is-shared-array-buffer@1.0.4 OK for: es-abstract@1.24.2 want: ^1.0.4
1588 silly placeDep ROOT is-typed-array@1.1.15 OK for: es-abstract@1.24.2 want: ^1.1.15
1589 silly placeDep ROOT is-weakref@1.1.1 OK for: es-abstract@1.24.2 want: ^1.1.1
1590 silly placeDep ROOT object-inspect@1.13.4 OK for: es-abstract@1.24.2 want: ^1.13.4
1591 silly placeDep ROOT object.assign@4.1.7 OK for: es-abstract@1.24.2 want: ^4.1.7
1592 silly placeDep ROOT own-keys@1.0.1 OK for: es-abstract@1.24.2 want: ^1.0.1
1593 silly placeDep ROOT regexp.prototype.flags@1.5.4 OK for: es-abstract@1.24.2 want: ^1.5.4
1594 silly placeDep ROOT safe-array-concat@1.1.4 OK for: es-abstract@1.24.2 want: ^1.1.3
1595 silly placeDep ROOT safe-push-apply@1.0.0 OK for: es-abstract@1.24.2 want: ^1.0.0
1596 silly placeDep ROOT safe-regex-test@1.1.0 OK for: es-abstract@1.24.2 want: ^1.1.0
1597 silly placeDep ROOT set-proto@1.0.0 OK for: es-abstract@1.24.2 want: ^1.0.0
1598 silly placeDep ROOT stop-iteration-iterator@1.1.0 OK for: es-abstract@1.24.2 want: ^1.1.0
1599 silly placeDep ROOT string.prototype.trim@1.2.10 OK for: es-abstract@1.24.2 want: ^1.2.10
1600 silly placeDep ROOT string.prototype.trimstart@1.0.8 OK for: es-abstract@1.24.2 want: ^1.0.8
1601 silly placeDep ROOT typed-array-buffer@1.0.3 OK for: es-abstract@1.24.2 want: ^1.0.3
1602 silly placeDep ROOT typed-array-byte-length@1.0.3 OK for: es-abstract@1.24.2 want: ^1.0.3
1603 silly placeDep ROOT typed-array-byte-offset@1.0.4 OK for: es-abstract@1.24.2 want: ^1.0.4
1604 silly placeDep ROOT typed-array-length@1.0.7 OK for: es-abstract@1.24.2 want: ^1.0.7
1605 silly placeDep ROOT unbox-primitive@1.1.0 OK for: es-abstract@1.24.2 want: ^1.1.0
1606 silly placeDep ROOT which-typed-array@1.1.20 OK for: es-abstract@1.24.2 want: ^1.1.19
1607 silly fetch manifest is-array-buffer@^3.0.4
1608 silly packumentCache full:https://registry.npmjs.org/is-array-buffer cache-miss
1609 silly fetch manifest possible-typed-array-names@^1.0.0
1610 silly packumentCache full:https://registry.npmjs.org/possible-typed-array-names cache-miss
1611 silly fetch manifest is-data-view@^1.0.1
1612 silly packumentCache full:https://registry.npmjs.org/is-data-view cache-miss
1613 silly fetch manifest is-date-object@^1.0.5
1614 silly packumentCache full:https://registry.npmjs.org/is-date-object cache-miss
1615 silly fetch manifest is-symbol@^1.0.4
1616 silly packumentCache full:https://registry.npmjs.org/is-symbol cache-miss
1617 silly fetch manifest functions-have-names@^1.2.3
1618 silly packumentCache full:https://registry.npmjs.org/functions-have-names cache-miss
1619 silly fetch manifest dunder-proto@^1.0.1
1620 silly packumentCache full:https://registry.npmjs.org/dunder-proto cache-miss
1621 http fetch GET 200 https://registry.npmjs.org/possible-typed-array-names 111ms (cache miss)
1622 silly packumentCache full:https://registry.npmjs.org/possible-typed-array-names set size:undefined disposed:false
1623 silly fetch manifest dunder-proto@^1.0.0
1624 silly packumentCache full:https://registry.npmjs.org/dunder-proto cache-miss
1625 http fetch GET 200 https://registry.npmjs.org/functions-have-names 108ms (cache miss)
1626 silly packumentCache full:https://registry.npmjs.org/functions-have-names set size:undefined disposed:false
1627 silly fetch manifest side-channel@^1.1.0
1628 silly packumentCache full:https://registry.npmjs.org/side-channel cache-miss
1629 http fetch GET 200 https://registry.npmjs.org/dunder-proto 111ms (cache miss)
1630 silly packumentCache full:https://registry.npmjs.org/dunder-proto set size:undefined disposed:false
1631 silly fetch manifest is-typed-array@^1.1.13
1632 silly packumentCache full:https://registry.npmjs.org/is-typed-array cache-miss
1633 http fetch GET 200 https://registry.npmjs.org/is-date-object 121ms (cache miss)
1634 silly packumentCache full:https://registry.npmjs.org/is-date-object set size:undefined disposed:false
1635 silly fetch manifest which-typed-array@^1.1.16
1636 silly packumentCache full:https://registry.npmjs.org/which-typed-array cache-miss
1637 http fetch GET 200 https://registry.npmjs.org/is-symbol 127ms (cache miss)
1638 silly packumentCache full:https://registry.npmjs.org/is-symbol set size:undefined disposed:false
1639 silly fetch manifest set-function-name@^2.0.2
1640 silly packumentCache full:https://registry.npmjs.org/set-function-name cache-miss
1641 http fetch GET 200 https://registry.npmjs.org/is-array-buffer 138ms (cache revalidated)
1642 silly packumentCache full:https://registry.npmjs.org/is-array-buffer set size:33562 disposed:false
1643 silly fetch manifest isarray@^2.0.5
1644 silly packumentCache full:https://registry.npmjs.org/isarray cache-miss
1645 http fetch GET 200 https://registry.npmjs.org/is-data-view 144ms (cache revalidated)
1646 silly packumentCache full:https://registry.npmjs.org/is-data-view set size:13756 disposed:false
1647 silly fetch manifest isarray@^2.0.5
1648 silly packumentCache full:https://registry.npmjs.org/isarray cache-miss
1649 http fetch GET 200 https://registry.npmjs.org/side-channel 84ms (cache miss)
1650 silly packumentCache full:https://registry.npmjs.org/side-channel set size:undefined disposed:false
1651 silly fetch manifest for-each@^0.3.3
1652 silly packumentCache full:https://registry.npmjs.org/for-each cache-miss
1653 http fetch GET 200 https://registry.npmjs.org/set-function-name 100ms (cache miss)
1654 silly packumentCache full:https://registry.npmjs.org/set-function-name set size:undefined disposed:false
1655 silly fetch manifest for-each@^0.3.3
1656 silly packumentCache full:https://registry.npmjs.org/for-each cache-miss
1657 http fetch GET 200 https://registry.npmjs.org/dunder-proto 137ms (cache revalidated)
1658 silly packumentCache full:https://registry.npmjs.org/dunder-proto set size:8256 disposed:false
1659 silly fetch manifest reflect.getprototypeof@^1.0.9
1660 silly packumentCache full:https://registry.npmjs.org/reflect.getprototypeof cache-miss
1661 http fetch GET 200 https://registry.npmjs.org/is-typed-array 134ms (cache revalidated)
1662 silly packumentCache full:https://registry.npmjs.org/is-typed-array set size:79965 disposed:false
1663 silly fetch manifest for-each@^0.3.3
1664 silly packumentCache full:https://registry.npmjs.org/for-each cache-miss
1665 http fetch GET 200 https://registry.npmjs.org/which-typed-array 134ms (cache revalidated)
1666 silly packumentCache full:https://registry.npmjs.org/which-typed-array set size:93605 disposed:false
1667 silly fetch manifest reflect.getprototypeof@^1.0.6
1668 silly packumentCache full:https://registry.npmjs.org/reflect.getprototypeof cache-miss
1669 http fetch GET 200 https://registry.npmjs.org/isarray 122ms (cache miss)
1670 silly packumentCache full:https://registry.npmjs.org/isarray set size:undefined disposed:false
1671 silly fetch manifest has-bigints@^1.0.2
1672 silly packumentCache full:https://registry.npmjs.org/has-bigints cache-miss
1673 http fetch GET 200 https://registry.npmjs.org/isarray 140ms (cache miss)
1674 silly packumentCache full:https://registry.npmjs.org/isarray set size:undefined disposed:false
1675 silly fetch manifest which-boxed-primitive@^1.1.1
1676 silly packumentCache full:https://registry.npmjs.org/which-boxed-primitive cache-miss
1677 http fetch GET 200 https://registry.npmjs.org/for-each 94ms (cache miss)
1678 silly packumentCache full:https://registry.npmjs.org/for-each set size:undefined disposed:false
1679 silly fetch manifest for-each@^0.3.5
1680 silly packumentCache full:https://registry.npmjs.org/for-each cache-miss
1681 http fetch GET 200 https://registry.npmjs.org/for-each 92ms (cache miss)
1682 silly packumentCache full:https://registry.npmjs.org/for-each set size:undefined disposed:false
1683 http fetch GET 200 https://registry.npmjs.org/for-each 100ms (cache miss)
1684 silly packumentCache full:https://registry.npmjs.org/for-each set size:undefined disposed:false
1685 http fetch GET 200 https://registry.npmjs.org/reflect.getprototypeof 120ms (cache miss)
1686 silly packumentCache full:https://registry.npmjs.org/reflect.getprototypeof set size:undefined disposed:false
1687 http fetch GET 200 https://registry.npmjs.org/has-bigints 99ms (cache miss)
1688 silly packumentCache full:https://registry.npmjs.org/has-bigints set size:undefined disposed:false
1689 http fetch GET 200 https://registry.npmjs.org/reflect.getprototypeof 111ms (cache miss)
1690 silly packumentCache full:https://registry.npmjs.org/reflect.getprototypeof set size:undefined disposed:false
1691 http fetch GET 200 https://registry.npmjs.org/which-boxed-primitive 95ms (cache miss)
1692 silly packumentCache full:https://registry.npmjs.org/which-boxed-primitive set size:undefined disposed:false
1693 http fetch GET 200 https://registry.npmjs.org/for-each 87ms (cache revalidated)
1694 silly packumentCache full:https://registry.npmjs.org/for-each set size:14327 disposed:false
1695 silly placeDep ROOT possible-typed-array-names@1.1.0 OK for: available-typed-arrays@1.0.7 want: ^1.0.0
1696 silly placeDep ROOT has-tostringtag@1.0.2 OK for: es-set-tostringtag@2.1.0 want: ^1.0.2
1697 silly placeDep ROOT is-date-object@1.1.0 OK for: es-to-primitive@1.3.0 want: ^1.0.5
1698 silly placeDep ROOT is-symbol@1.1.1 OK for: es-to-primitive@1.3.0 want: ^1.0.4
1699 silly placeDep node_modules/eslint-module-utils debug@3.2.7 OK for: eslint-module-utils@2.12.1 want: ^3.2.7
1700 silly placeDep ROOT aria-query@5.3.2 OK for: eslint-plugin-jsx-a11y@6.10.2 want: ^5.3.2
1701 silly placeDep ROOT ast-types-flow@0.0.8 OK for: eslint-plugin-jsx-a11y@6.10.2 want: ^0.0.8
1702 silly placeDep ROOT axe-core@4.11.3 OK for: eslint-plugin-jsx-a11y@6.10.2 want: ^4.10.0
1703 silly placeDep ROOT axobject-query@4.1.0 OK for: eslint-plugin-jsx-a11y@6.10.2 want: ^4.1.0
1704 silly placeDep ROOT damerau-levenshtein@1.0.8 OK for: eslint-plugin-jsx-a11y@6.10.2 want: ^1.0.8
1705 silly placeDep ROOT emoji-regex@9.2.2 OK for: eslint-plugin-jsx-a11y@6.10.2 want: ^9.2.2
1706 silly placeDep ROOT jsx-ast-utils@3.3.5 OK for: eslint-plugin-jsx-a11y@6.10.2 want: ^3.3.5
1707 silly placeDep ROOT language-tags@1.0.9 OK for: eslint-plugin-jsx-a11y@6.10.2 want: ^1.0.9
1708 silly placeDep ROOT string.prototype.includes@2.0.1 OK for: eslint-plugin-jsx-a11y@6.10.2 want: ^2.0.1
1709 silly fetch manifest language-subtag-registry@^0.3.20
1710 silly packumentCache full:https://registry.npmjs.org/language-subtag-registry cache-miss
1711 http fetch GET 200 https://registry.npmjs.org/language-subtag-registry 100ms (cache miss)
1712 silly packumentCache full:https://registry.npmjs.org/language-subtag-registry set size:undefined disposed:false
1713 silly placeDep ROOT array.prototype.findlast@1.2.5 OK for: eslint-plugin-react@7.37.5 want: ^1.2.5
1714 silly placeDep ROOT array.prototype.tosorted@1.1.4 OK for: eslint-plugin-react@7.37.5 want: ^1.1.4
1715 silly placeDep ROOT es-iterator-helpers@1.3.2 OK for: eslint-plugin-react@7.37.5 want: ^1.2.1
1716 silly placeDep ROOT estraverse@5.3.0 OK for: eslint-plugin-react@7.37.5 want: ^5.3.0
1717 silly placeDep ROOT object.entries@1.1.9 OK for: eslint-plugin-react@7.37.5 want: ^1.1.9
1718 silly placeDep ROOT prop-types@15.8.1 OK for: eslint-plugin-react@7.37.5 want: ^15.8.1
1719 silly placeDep ROOT string.prototype.matchall@4.0.12 OK for: eslint-plugin-react@7.37.5 want: ^4.0.12
1720 silly placeDep ROOT string.prototype.repeat@1.0.0 OK for: eslint-plugin-react@7.37.5 want: ^1.0.0
1721 silly fetch manifest iterator.prototype@^1.1.5
1722 silly packumentCache full:https://registry.npmjs.org/iterator.prototype cache-miss
1723 silly fetch manifest loose-envify@^1.4.0
1724 silly packumentCache full:https://registry.npmjs.org/loose-envify cache-miss
1725 silly fetch manifest object-assign@^4.1.1
1726 silly packumentCache full:https://registry.npmjs.org/object-assign cache-miss
1727 silly fetch manifest react-is@^16.13.1
1728 silly packumentCache full:https://registry.npmjs.org/react-is cache-miss
1729 http fetch GET 200 https://registry.npmjs.org/iterator.prototype 94ms (cache miss)
1730 silly packumentCache full:https://registry.npmjs.org/iterator.prototype set size:undefined disposed:false
1731 http fetch GET 200 https://registry.npmjs.org/loose-envify 99ms (cache miss)
1732 silly packumentCache full:https://registry.npmjs.org/loose-envify set size:undefined disposed:false
1733 http fetch GET 200 https://registry.npmjs.org/object-assign 102ms (cache miss)
1734 silly packumentCache full:https://registry.npmjs.org/object-assign set size:undefined disposed:false
1735 http fetch GET 200 https://registry.npmjs.org/react-is 271ms (cache miss)
1736 silly packumentCache full:https://registry.npmjs.org/react-is set size:undefined disposed:false
1737 silly placeDep ROOT iterator.prototype@1.1.5 OK for: es-iterator-helpers@1.3.2 want: ^1.1.5
1738 silly placeDep ROOT @babel/core@7.29.0 OK for: eslint-plugin-react-hooks@7.1.1 want: ^7.24.4
1739 silly placeDep ROOT @babel/parser@7.29.2 OK for: eslint-plugin-react-hooks@7.1.1 want: ^7.24.4
1740 silly placeDep ROOT hermes-parser@0.25.1 OK for: eslint-plugin-react-hooks@7.1.1 want: ^0.25.1
1741 silly placeDep ROOT zod@4.3.6 OK for: eslint-plugin-react-hooks@7.1.1 want: ^3.25.0 || ^4.0.0
1742 silly placeDep ROOT zod-validation-error@4.0.2 OK for: eslint-plugin-react-hooks@7.1.1 want: ^3.5.0 || ^4.0.0
1743 silly fetch manifest json5@^2.2.3
1744 silly packumentCache full:https://registry.npmjs.org/json5 cache-miss
1745 silly fetch manifest gensync@^1.0.0-beta.2
1746 silly packumentCache full:https://registry.npmjs.org/gensync cache-miss
1747 silly fetch manifest @babel/types@^7.29.0
1748 silly packumentCache full:https://registry.npmjs.org/@babel%2ftypes cache-miss
1749 silly fetch manifest @babel/parser@^7.29.0
1750 silly packumentCache full:https://registry.npmjs.org/@babel%2fparser cache-miss
1751 silly fetch manifest @babel/helpers@^7.28.6
1752 silly packumentCache full:https://registry.npmjs.org/@babel%2fhelpers cache-miss
1753 silly fetch manifest @babel/template@^7.28.6
1754 silly packumentCache full:https://registry.npmjs.org/@babel%2ftemplate cache-miss
1755 silly fetch manifest @babel/traverse@^7.29.0
1756 silly packumentCache full:https://registry.npmjs.org/@babel%2ftraverse cache-miss
1757 http fetch GET 200 https://registry.npmjs.org/gensync 87ms (cache miss)
1758 silly packumentCache full:https://registry.npmjs.org/gensync set size:undefined disposed:false
1759 silly fetch manifest @babel/generator@^7.29.0
1760 silly packumentCache full:https://registry.npmjs.org/@babel%2fgenerator cache-miss
1761 http fetch GET 200 https://registry.npmjs.org/@babel%2fparser 106ms (cache revalidated)
1762 silly packumentCache full:https://registry.npmjs.org/@babel%2fparser set size:718758 disposed:false
1763 silly fetch manifest @babel/code-frame@^7.29.0
1764 silly packumentCache full:https://registry.npmjs.org/@babel%2fcode-frame cache-miss
1765 http fetch GET 200 https://registry.npmjs.org/@babel%2ftemplate 133ms (cache miss)
1766 silly packumentCache full:https://registry.npmjs.org/@babel%2ftemplate set size:undefined disposed:false
1767 silly fetch manifest convert-source-map@^2.0.0
1768 silly packumentCache full:https://registry.npmjs.org/convert-source-map cache-miss
1769 http fetch GET 200 https://registry.npmjs.org/json5 141ms (cache revalidated)
1770 silly packumentCache full:https://registry.npmjs.org/json5 set size:86136 disposed:false
1771 silly fetch manifest @babel/helper-module-transforms@^7.28.6
1772 silly packumentCache full:https://registry.npmjs.org/@babel%2fhelper-module-transforms cache-miss
1773 http fetch GET 200 https://registry.npmjs.org/@babel%2fhelpers 165ms (cache miss)
1774 silly packumentCache full:https://registry.npmjs.org/@babel%2fhelpers set size:undefined disposed:false
1775 silly fetch manifest @babel/helper-compilation-targets@^7.28.6
1776 silly packumentCache full:https://registry.npmjs.org/@babel%2fhelper-compilation-targets cache-miss
1777 http fetch GET 200 https://registry.npmjs.org/@babel%2ftypes 176ms (cache miss)
1778 silly packumentCache full:https://registry.npmjs.org/@babel%2ftypes set size:undefined disposed:false
1779 silly fetch manifest hermes-estree@0.25.1
1780 silly packumentCache full:https://registry.npmjs.org/hermes-estree cache-miss
1781 http fetch GET 200 https://registry.npmjs.org/@babel%2ftraverse 183ms (cache miss)
1782 silly packumentCache full:https://registry.npmjs.org/@babel%2ftraverse set size:undefined disposed:false
1783 http fetch GET 200 https://registry.npmjs.org/@babel%2fgenerator 122ms (cache miss)
1784 silly packumentCache full:https://registry.npmjs.org/@babel%2fgenerator set size:undefined disposed:false
1785 http fetch GET 200 https://registry.npmjs.org/@babel%2fcode-frame 115ms (cache miss)
1786 silly packumentCache full:https://registry.npmjs.org/@babel%2fcode-frame set size:undefined disposed:false
1787 http fetch GET 200 https://registry.npmjs.org/convert-source-map 98ms (cache miss)
1788 silly packumentCache full:https://registry.npmjs.org/convert-source-map set size:undefined disposed:false
1789 http fetch GET 200 https://registry.npmjs.org/@babel%2fhelper-module-transforms 119ms (cache miss)
1790 silly packumentCache full:https://registry.npmjs.org/@babel%2fhelper-module-transforms set size:undefined disposed:false
1791 http fetch GET 200 https://registry.npmjs.org/@babel%2fhelper-compilation-targets 115ms (cache miss)
1792 silly packumentCache full:https://registry.npmjs.org/@babel%2fhelper-compilation-targets set size:undefined disposed:false
1793 http fetch GET 200 https://registry.npmjs.org/hermes-estree 110ms (cache miss)
1794 silly packumentCache full:https://registry.npmjs.org/hermes-estree set size:undefined disposed:false
1795 silly fetch manifest @babel/core@^7.0.0
1796 silly packumentCache full:https://registry.npmjs.org/@babel%2fcore cache-miss
1797 http fetch GET 200 https://registry.npmjs.org/@babel%2fcore 100ms (cache revalidated)
1798 silly packumentCache full:https://registry.npmjs.org/@babel%2fcore set size:760113 disposed:false
1799 silly placeDep ROOT @babel/code-frame@7.29.0 OK for: @babel/core@7.29.0 want: ^7.29.0
1800 silly placeDep ROOT @babel/generator@7.29.1 OK for: @babel/core@7.29.0 want: ^7.29.0
1801 silly placeDep ROOT @babel/helper-compilation-targets@7.28.6 OK for: @babel/core@7.29.0 want: ^7.28.6
1802 silly placeDep ROOT @babel/helper-module-transforms@7.28.6 OK for: @babel/core@7.29.0 want: ^7.28.6
1803 silly placeDep ROOT @babel/helpers@7.29.2 OK for: @babel/core@7.29.0 want: ^7.28.6
1804 silly placeDep ROOT @babel/template@7.28.6 OK for: @babel/core@7.29.0 want: ^7.28.6
1805 silly placeDep ROOT @babel/traverse@7.29.0 OK for: @babel/core@7.29.0 want: ^7.29.0
1806 silly placeDep ROOT @babel/types@7.29.0 OK for: @babel/core@7.29.0 want: ^7.29.0
1807 silly placeDep ROOT convert-source-map@2.0.0 OK for: @babel/core@7.29.0 want: ^2.0.0
1808 silly placeDep ROOT gensync@1.0.0-beta.2 OK for: @babel/core@7.29.0 want: ^1.0.0-beta.2
1809 silly placeDep ROOT json5@2.2.3 OK for: @babel/core@7.29.0 want: ^2.2.3
1810 silly fetch manifest js-tokens@^4.0.0
1811 silly packumentCache full:https://registry.npmjs.org/js-tokens cache-miss
1812 silly fetch manifest @babel/helper-validator-identifier@^7.28.5
1813 silly packumentCache full:https://registry.npmjs.org/@babel%2fhelper-validator-identifier cache-miss
1814 silly fetch manifest jsesc@^3.0.2
1815 silly packumentCache full:https://registry.npmjs.org/jsesc cache-miss
1816 silly fetch manifest lru-cache@^5.1.1
1817 silly packumentCache full:https://registry.npmjs.org/lru-cache cache-miss
1818 silly fetch manifest browserslist@^4.24.0
1819 silly packumentCache full:https://registry.npmjs.org/browserslist cache-miss
1820 silly fetch manifest @babel/compat-data@^7.28.6
1821 silly packumentCache full:https://registry.npmjs.org/@babel%2fcompat-data cache-miss
1822 silly fetch manifest @babel/helper-validator-option@^7.27.1
1823 silly packumentCache full:https://registry.npmjs.org/@babel%2fhelper-validator-option cache-miss
1824 http fetch GET 200 https://registry.npmjs.org/js-tokens 127ms (cache miss)
1825 silly packumentCache full:https://registry.npmjs.org/js-tokens set size:undefined disposed:false
1826 silly fetch manifest @babel/traverse@^7.28.6
1827 silly packumentCache full:https://registry.npmjs.org/@babel%2ftraverse cache-miss
1828 http fetch GET 200 https://registry.npmjs.org/jsesc 134ms (cache miss)
1829 silly packumentCache full:https://registry.npmjs.org/jsesc set size:undefined disposed:false
1830 silly fetch manifest @babel/helper-module-imports@^7.28.6
1831 silly packumentCache full:https://registry.npmjs.org/@babel%2fhelper-module-imports cache-miss
1832 http fetch GET 200 https://registry.npmjs.org/@babel%2fhelper-validator-identifier 143ms (cache miss)
1833 silly packumentCache full:https://registry.npmjs.org/@babel%2fhelper-validator-identifier set size:undefined disposed:false
1834 silly fetch manifest @babel/types@^7.28.6
1835 silly packumentCache full:https://registry.npmjs.org/@babel%2ftypes cache-miss
1836 http fetch GET 200 https://registry.npmjs.org/@babel%2fhelper-validator-option 150ms (cache miss)
1837 silly packumentCache full:https://registry.npmjs.org/@babel%2fhelper-validator-option set size:undefined disposed:false
1838 silly fetch manifest @babel/helper-globals@^7.28.0
1839 silly packumentCache full:https://registry.npmjs.org/@babel%2fhelper-globals cache-miss
1840 http fetch GET 200 https://registry.npmjs.org/lru-cache 169ms (cache miss)
1841 silly packumentCache full:https://registry.npmjs.org/lru-cache set size:undefined disposed:false
1842 silly fetch manifest @babel/helper-string-parser@^7.27.1
1843 silly packumentCache full:https://registry.npmjs.org/@babel%2fhelper-string-parser cache-miss
1844 http fetch GET 200 https://registry.npmjs.org/@babel%2fcompat-data 176ms (cache miss)
1845 silly packumentCache full:https://registry.npmjs.org/@babel%2fcompat-data set size:undefined disposed:false
1846 http fetch GET 200 https://registry.npmjs.org/browserslist 193ms (cache miss)
1847 silly packumentCache full:https://registry.npmjs.org/browserslist set size:undefined disposed:false
1848 http fetch GET 200 https://registry.npmjs.org/@babel%2fhelper-module-imports 104ms (cache miss)
1849 silly packumentCache full:https://registry.npmjs.org/@babel%2fhelper-module-imports set size:undefined disposed:false
1850 http fetch GET 200 https://registry.npmjs.org/@babel%2ftraverse 127ms (cache revalidated)
1851 silly packumentCache full:https://registry.npmjs.org/@babel%2ftraverse set size:548722 disposed:false
1852 http fetch GET 200 https://registry.npmjs.org/@babel%2ftypes 117ms (cache revalidated)
1853 silly packumentCache full:https://registry.npmjs.org/@babel%2ftypes set size:487885 disposed:false
1854 http fetch GET 200 https://registry.npmjs.org/@babel%2fhelper-globals 114ms (cache miss)
1855 silly packumentCache full:https://registry.npmjs.org/@babel%2fhelper-globals set size:undefined disposed:false
1856 http fetch GET 200 https://registry.npmjs.org/@babel%2fhelper-string-parser 118ms (cache miss)
1857 silly packumentCache full:https://registry.npmjs.org/@babel%2fhelper-string-parser set size:undefined disposed:false
1858 silly placeDep ROOT @babel/helper-validator-identifier@7.28.5 OK for: @babel/code-frame@7.29.0 want: ^7.28.5
1859 silly placeDep ROOT js-tokens@4.0.0 OK for: @babel/code-frame@7.29.0 want: ^4.0.0
1860 silly placeDep ROOT picocolors@1.1.1 OK for: @babel/code-frame@7.29.0 want: ^1.1.1
1861 silly placeDep ROOT jsesc@3.1.0 OK for: @babel/generator@7.29.1 want: ^3.0.2
1862 silly placeDep ROOT @babel/compat-data@7.29.0 OK for: @babel/helper-compilation-targets@7.28.6 want: ^7.28.6
1863 silly placeDep ROOT @babel/helper-validator-option@7.27.1 OK for: @babel/helper-compilation-targets@7.28.6 want: ^7.27.1
1864 silly placeDep ROOT browserslist@4.28.2 OK for: @babel/helper-compilation-targets@7.28.6 want: ^4.24.0
1865 silly placeDep ROOT lru-cache@5.1.1 OK for: @babel/helper-compilation-targets@7.28.6 want: ^5.1.1
1866 silly fetch manifest baseline-browser-mapping@^2.10.12
1867 silly packumentCache full:https://registry.npmjs.org/baseline-browser-mapping cache-miss
1868 silly fetch manifest caniuse-lite@^1.0.30001782
1869 silly packumentCache full:https://registry.npmjs.org/caniuse-lite cache-miss
1870 silly fetch manifest electron-to-chromium@^1.5.328
1871 silly packumentCache full:https://registry.npmjs.org/electron-to-chromium cache-miss
1872 silly fetch manifest node-releases@^2.0.36
1873 silly packumentCache full:https://registry.npmjs.org/node-releases cache-miss
1874 silly fetch manifest update-browserslist-db@^1.2.3
1875 silly packumentCache full:https://registry.npmjs.org/update-browserslist-db cache-miss
1876 silly fetch manifest yallist@^3.0.2
1877 silly packumentCache full:https://registry.npmjs.org/yallist cache-miss
1878 http fetch GET 200 https://registry.npmjs.org/update-browserslist-db 89ms (cache miss)
1879 silly packumentCache full:https://registry.npmjs.org/update-browserslist-db set size:undefined disposed:false
1880 http fetch GET 200 https://registry.npmjs.org/yallist 91ms (cache miss)
1881 silly packumentCache full:https://registry.npmjs.org/yallist set size:undefined disposed:false
1882 http fetch GET 200 https://registry.npmjs.org/baseline-browser-mapping 99ms (cache revalidated)
1883 silly packumentCache full:https://registry.npmjs.org/baseline-browser-mapping set size:463617 disposed:false
1884 http fetch GET 200 https://registry.npmjs.org/caniuse-lite 117ms (cache revalidated)
1885 silly packumentCache full:https://registry.npmjs.org/caniuse-lite set size:2289092 disposed:false
1886 http fetch GET 200 https://registry.npmjs.org/node-releases 151ms (cache miss)
1887 silly packumentCache full:https://registry.npmjs.org/node-releases set size:undefined disposed:false
1888 http fetch GET 200 https://registry.npmjs.org/electron-to-chromium 232ms (cache miss)
1889 silly packumentCache full:https://registry.npmjs.org/electron-to-chromium set size:undefined disposed:false
1890 silly placeDep ROOT @babel/helper-module-imports@7.28.6 OK for: @babel/helper-module-transforms@7.28.6 want: ^7.28.6
1891 silly placeDep ROOT @babel/helper-globals@7.28.0 OK for: @babel/traverse@7.29.0 want: ^7.28.0
1892 silly placeDep ROOT @babel/helper-string-parser@7.27.1 OK for: @babel/types@7.29.0 want: ^7.27.1
1893 silly fetch manifest browserslist@>= 4.21.0
1894 silly packumentCache full:https://registry.npmjs.org/browserslist cache-miss
1895 http fetch GET 200 https://registry.npmjs.org/browserslist 94ms (cache revalidated)
1896 silly packumentCache full:https://registry.npmjs.org/browserslist set size:504681 disposed:false
1897 silly placeDep ROOT baseline-browser-mapping@2.10.24 OK for: browserslist@4.28.2 want: ^2.10.12
1898 silly placeDep ROOT caniuse-lite@1.0.30001791 OK for: browserslist@4.28.2 want: ^1.0.30001782
1899 silly placeDep ROOT electron-to-chromium@1.5.344 OK for: browserslist@4.28.2 want: ^1.5.328
1900 silly placeDep ROOT node-releases@2.0.38 OK for: browserslist@4.28.2 want: ^2.0.36
1901 silly placeDep ROOT update-browserslist-db@1.2.3 OK for: browserslist@4.28.2 want: ^1.2.3
1902 silly fetch manifest escalade@^3.2.0
1903 silly packumentCache full:https://registry.npmjs.org/escalade cache-miss
1904 http fetch GET 200 https://registry.npmjs.org/escalade 83ms (cache miss)
1905 silly packumentCache full:https://registry.npmjs.org/escalade set size:undefined disposed:false
1906 silly placeDep ROOT esrecurse@4.3.0 OK for: eslint-scope@8.4.0 want: ^4.3.0
1907 silly placeDep ROOT acorn@8.16.0 OK for: espree@10.4.0 want: ^8.15.0
1908 silly placeDep ROOT acorn-jsx@5.3.2 OK for: espree@10.4.0 want: ^5.3.2
1909 silly placeDep ROOT @nodelib/fs.stat@2.0.5 OK for: fast-glob@3.3.1 want: ^2.0.2
1910 silly placeDep ROOT @nodelib/fs.walk@1.2.8 OK for: fast-glob@3.3.1 want: ^1.2.3
1911 silly placeDep node_modules/fast-glob glob-parent@5.1.2 OK for: fast-glob@3.3.1 want: ^5.1.2
1912 silly placeDep ROOT merge2@1.4.1 OK for: fast-glob@3.3.1 want: ^1.3.0
1913 silly placeDep ROOT micromatch@4.0.8 OK for: fast-glob@3.3.1 want: ^4.0.4
1914 silly fetch manifest fastq@^1.6.0
1915 silly packumentCache full:https://registry.npmjs.org/fastq cache-miss
1916 silly fetch manifest @nodelib/fs.scandir@2.1.5
1917 silly packumentCache full:https://registry.npmjs.org/@nodelib%2ffs.scandir cache-miss
1918 silly fetch manifest braces@^3.0.3
1919 silly packumentCache full:https://registry.npmjs.org/braces cache-miss
1920 silly fetch manifest picomatch@^2.3.1
1921 silly packumentCache full:https://registry.npmjs.org/picomatch cache-miss
1922 http fetch GET 200 https://registry.npmjs.org/braces 96ms (cache miss)
1923 silly packumentCache full:https://registry.npmjs.org/braces set size:undefined disposed:false
1924 http fetch GET 200 https://registry.npmjs.org/picomatch 100ms (cache revalidated)
1925 silly packumentCache full:https://registry.npmjs.org/picomatch set size:126376 disposed:false
1926 http fetch GET 200 https://registry.npmjs.org/fastq 104ms (cache miss)
1927 silly packumentCache full:https://registry.npmjs.org/fastq set size:undefined disposed:false
1928 http fetch GET 200 https://registry.npmjs.org/@nodelib%2ffs.scandir 110ms (cache miss)
1929 silly packumentCache full:https://registry.npmjs.org/@nodelib%2ffs.scandir set size:undefined disposed:false
1930 silly placeDep ROOT @nodelib/fs.scandir@2.1.5 OK for: @nodelib/fs.walk@1.2.8 want: 2.1.5
1931 silly placeDep ROOT fastq@1.20.1 OK for: @nodelib/fs.walk@1.2.8 want: ^1.6.0
1932 silly fetch manifest run-parallel@^1.1.9
1933 silly packumentCache full:https://registry.npmjs.org/run-parallel cache-miss
1934 silly fetch manifest reusify@^1.0.4
1935 silly packumentCache full:https://registry.npmjs.org/reusify cache-miss
1936 http fetch GET 200 https://registry.npmjs.org/reusify 91ms (cache miss)
1937 silly packumentCache full:https://registry.npmjs.org/reusify set size:undefined disposed:false
1938 http fetch GET 200 https://registry.npmjs.org/run-parallel 95ms (cache miss)
1939 silly packumentCache full:https://registry.npmjs.org/run-parallel set size:undefined disposed:false
1940 silly placeDep ROOT run-parallel@1.2.0 OK for: @nodelib/fs.scandir@2.1.5 want: ^1.1.9
1941 silly fetch manifest queue-microtask@^1.2.2
1942 silly packumentCache full:https://registry.npmjs.org/queue-microtask cache-miss
1943 http fetch GET 200 https://registry.npmjs.org/queue-microtask 84ms (cache miss)
1944 silly packumentCache full:https://registry.npmjs.org/queue-microtask set size:undefined disposed:false
1945 silly placeDep ROOT reusify@1.1.0 OK for: fastq@1.20.1 want: ^1.0.4
1946 silly placeDep ROOT flat-cache@4.0.1 OK for: file-entry-cache@8.0.0 want: ^4.0.0
1947 silly fetch manifest keyv@^4.5.4
1948 silly packumentCache full:https://registry.npmjs.org/keyv cache-miss
1949 silly fetch manifest flatted@^3.2.9
1950 silly packumentCache full:https://registry.npmjs.org/flatted cache-miss
1951 http fetch GET 200 https://registry.npmjs.org/flatted 94ms (cache miss)
1952 silly packumentCache full:https://registry.npmjs.org/flatted set size:undefined disposed:false
1953 http fetch GET 200 https://registry.npmjs.org/keyv 97ms (cache miss)
1954 silly packumentCache full:https://registry.npmjs.org/keyv set size:undefined disposed:false
1955 silly placeDep ROOT locate-path@6.0.0 OK for: find-up@5.0.0 want: ^6.0.0
1956 silly placeDep ROOT path-exists@4.0.0 OK for: find-up@5.0.0 want: ^4.0.0
1957 silly fetch manifest p-locate@^5.0.0
1958 silly packumentCache full:https://registry.npmjs.org/p-locate cache-miss
1959 http fetch GET 200 https://registry.npmjs.org/p-locate 92ms (cache miss)
1960 silly packumentCache full:https://registry.npmjs.org/p-locate set size:undefined disposed:false
1961 silly placeDep ROOT flatted@3.4.2 OK for: flat-cache@4.0.1 want: ^3.2.9
1962 silly placeDep ROOT keyv@4.5.4 OK for: flat-cache@4.0.1 want: ^4.5.4
1963 silly fetch manifest json-buffer@3.0.1
1964 silly packumentCache full:https://registry.npmjs.org/json-buffer cache-miss
1965 http fetch GET 200 https://registry.npmjs.org/json-buffer 86ms (cache miss)
1966 silly packumentCache full:https://registry.npmjs.org/json-buffer set size:undefined disposed:false
1967 silly placeDep ROOT functions-have-names@1.2.3 OK for: function.prototype.name@1.1.8 want: ^1.2.3
1968 silly placeDep ROOT dunder-proto@1.0.1 OK for: get-proto@1.0.1 want: ^1.0.1
1969 silly placeDep ROOT resolve-pkg-maps@1.0.0 OK for: get-tsconfig@4.14.0 want: ^1.0.0
1970 silly placeDep ROOT hermes-estree@0.25.1 OK for: hermes-parser@0.25.1 want: 0.25.1
1971 silly placeDep ROOT parent-module@1.0.1 OK for: import-fresh@3.3.1 want: ^1.0.0
1972 silly placeDep ROOT resolve-from@4.0.0 OK for: import-fresh@3.3.1 want: ^4.0.0
1973 silly fetch manifest callsites@^3.0.0
1974 silly packumentCache full:https://registry.npmjs.org/callsites cache-miss
1975 http fetch GET 200 https://registry.npmjs.org/callsites 85ms (cache miss)
1976 silly packumentCache full:https://registry.npmjs.org/callsites set size:undefined disposed:false
1977 silly placeDep ROOT side-channel@1.1.0 OK for: internal-slot@1.1.0 want: ^1.1.0
1978 silly fetch manifest side-channel-list@^1.0.0
1979 silly packumentCache full:https://registry.npmjs.org/side-channel-list cache-miss
1980 silly fetch manifest side-channel-map@^1.0.1
1981 silly packumentCache full:https://registry.npmjs.org/side-channel-map cache-miss
1982 silly fetch manifest side-channel-weakmap@^1.0.2
1983 silly packumentCache full:https://registry.npmjs.org/side-channel-weakmap cache-miss
1984 http fetch GET 200 https://registry.npmjs.org/side-channel-map 86ms (cache miss)
1985 silly packumentCache full:https://registry.npmjs.org/side-channel-map set size:undefined disposed:false
1986 http fetch GET 200 https://registry.npmjs.org/side-channel-list 93ms (cache miss)
1987 silly packumentCache full:https://registry.npmjs.org/side-channel-list set size:undefined disposed:false
1988 http fetch GET 200 https://registry.npmjs.org/side-channel-weakmap 95ms (cache miss)
1989 silly packumentCache full:https://registry.npmjs.org/side-channel-weakmap set size:undefined disposed:false
1990 silly placeDep node_modules/is-bun-module semver@7.7.4 OK for: is-bun-module@2.0.0 want: ^7.7.1
1991 silly placeDep ROOT is-extglob@2.1.1 OK for: is-glob@4.0.3 want: ^2.1.1
1992 silly placeDep ROOT set-function-name@2.0.2 OK for: iterator.prototype@1.1.5 want: ^2.0.2
1993 silly placeDep ROOT argparse@2.0.1 OK for: js-yaml@4.1.1 want: ^2.0.1
1994 silly placeDep ROOT json-buffer@3.0.1 OK for: keyv@4.5.4 want: 3.0.1
1995 silly placeDep ROOT language-subtag-registry@0.3.23 OK for: language-tags@1.0.9 want: ^0.3.20
1996 silly placeDep ROOT prelude-ls@1.2.1 OK for: levn@0.4.1 want: ^1.2.1
1997 silly placeDep ROOT type-check@0.4.0 OK for: levn@0.4.1 want: ~0.4.0
1998 silly placeDep ROOT detect-libc@2.1.2 OK for: lightningcss@1.32.0 want: ^2.0.3
1999 silly placeDep ROOT lightningcss-android-arm64@1.32.0 OK for: lightningcss@1.32.0 want: 1.32.0
2000 silly placeDep ROOT lightningcss-darwin-arm64@1.32.0 OK for: lightningcss@1.32.0 want: 1.32.0
2001 silly placeDep ROOT lightningcss-darwin-x64@1.32.0 OK for: lightningcss@1.32.0 want: 1.32.0
2002 silly placeDep ROOT lightningcss-freebsd-x64@1.32.0 OK for: lightningcss@1.32.0 want: 1.32.0
2003 silly placeDep ROOT lightningcss-linux-arm-gnueabihf@1.32.0 OK for: lightningcss@1.32.0 want: 1.32.0
2004 silly placeDep ROOT lightningcss-linux-arm64-gnu@1.32.0 OK for: lightningcss@1.32.0 want: 1.32.0
2005 silly placeDep ROOT lightningcss-linux-arm64-musl@1.32.0 OK for: lightningcss@1.32.0 want: 1.32.0
2006 silly placeDep ROOT lightningcss-linux-x64-gnu@1.32.0 OK for: lightningcss@1.32.0 want: 1.32.0
2007 silly placeDep ROOT lightningcss-linux-x64-musl@1.32.0 OK for: lightningcss@1.32.0 want: 1.32.0
2008 silly placeDep ROOT lightningcss-win32-arm64-msvc@1.32.0 OK for: lightningcss@1.32.0 want: 1.32.0
2009 silly placeDep ROOT lightningcss-win32-x64-msvc@1.32.0 OK for: lightningcss@1.32.0 want: 1.32.0
2010 silly placeDep ROOT p-locate@5.0.0 OK for: locate-path@6.0.0 want: ^5.0.0
2011 silly fetch manifest p-limit@^3.0.2
2012 silly packumentCache full:https://registry.npmjs.org/p-limit cache-miss
2013 http fetch GET 200 https://registry.npmjs.org/p-limit 85ms (cache miss)
2014 silly packumentCache full:https://registry.npmjs.org/p-limit set size:undefined disposed:false
2015 silly placeDep ROOT yallist@3.1.1 OK for: lru-cache@5.1.1 want: ^3.0.2
2016 silly placeDep ROOT braces@3.0.3 OK for: micromatch@4.0.8 want: ^3.0.3
2017 silly placeDep ROOT picomatch@2.3.2 OK for: micromatch@4.0.8 want: ^2.3.1
2018 silly fetch manifest fill-range@^7.1.1
2019 silly packumentCache full:https://registry.npmjs.org/fill-range cache-miss
2020 http fetch GET 200 https://registry.npmjs.org/fill-range 110ms (cache miss)
2021 silly packumentCache full:https://registry.npmjs.org/fill-range set size:undefined disposed:false
2022 silly placeDep ROOT fill-range@7.1.1 OK for: braces@3.0.3 want: ^7.1.1
2023 silly fetch manifest to-regex-range@^5.0.1
2024 silly packumentCache full:https://registry.npmjs.org/to-regex-range cache-miss
2025 http fetch GET 200 https://registry.npmjs.org/to-regex-range 87ms (cache miss)
2026 silly packumentCache full:https://registry.npmjs.org/to-regex-range set size:undefined disposed:false
2027 silly placeDep ROOT to-regex-range@5.0.1 OK for: fill-range@7.1.1 want: ^5.0.1
2028 silly fetch manifest is-number@^7.0.0
2029 silly packumentCache full:https://registry.npmjs.org/is-number cache-miss
2030 http fetch GET 200 https://registry.npmjs.org/is-number 86ms (cache miss)
2031 silly packumentCache full:https://registry.npmjs.org/is-number set size:undefined disposed:false
2032 silly placeDep ROOT brace-expansion@1.1.14 OK for: minimatch@3.1.5 want: ^1.1.7
2033 silly fetch manifest concat-map@0.0.1
2034 silly packumentCache full:https://registry.npmjs.org/concat-map cache-miss
2035 silly fetch manifest balanced-match@^1.0.0
2036 silly packumentCache full:https://registry.npmjs.org/balanced-match cache-miss
2037 http fetch GET 200 https://registry.npmjs.org/concat-map 84ms (cache miss)
2038 silly packumentCache full:https://registry.npmjs.org/concat-map set size:undefined disposed:false
2039 http fetch GET 200 https://registry.npmjs.org/balanced-match 92ms (cache miss)
2040 silly packumentCache full:https://registry.npmjs.org/balanced-match set size:undefined disposed:false
2041 silly placeDep ROOT balanced-match@1.0.2 OK for: brace-expansion@1.1.14 want: ^1.0.0
2042 silly placeDep ROOT concat-map@0.0.1 OK for: brace-expansion@1.1.14 want: 0.0.1
2043 silly fetch manifest react@^18.2.0 || 19.0.0-rc-de68d2f4-20241204 || ^19.0.0
2044 silly packumentCache full:https://registry.npmjs.org/react cache-miss
2045 http fetch GET 200 https://registry.npmjs.org/react 110ms (cache revalidated)
2046 silly packumentCache full:https://registry.npmjs.org/react set size:6629670 disposed:false
2047 silly placeDep ROOT @next/env@16.2.4 OK for: next@16.2.4 want: 16.2.4
2048 silly placeDep ROOT @next/swc-darwin-arm64@16.2.4 OK for: next@16.2.4 want: 16.2.4
2049 silly placeDep ROOT @next/swc-darwin-x64@16.2.4 OK for: next@16.2.4 want: 16.2.4
2050 silly placeDep ROOT @next/swc-linux-arm64-gnu@16.2.4 OK for: next@16.2.4 want: 16.2.4
2051 silly placeDep ROOT @next/swc-linux-arm64-musl@16.2.4 OK for: next@16.2.4 want: 16.2.4
2052 silly placeDep ROOT @next/swc-linux-x64-gnu@16.2.4 OK for: next@16.2.4 want: 16.2.4
2053 silly placeDep ROOT @next/swc-linux-x64-musl@16.2.4 OK for: next@16.2.4 want: 16.2.4
2054 silly placeDep ROOT @next/swc-win32-arm64-msvc@16.2.4 OK for: next@16.2.4 want: 16.2.4
2055 silly placeDep ROOT @next/swc-win32-x64-msvc@16.2.4 OK for: next@16.2.4 want: 16.2.4
2056 silly placeDep ROOT @swc/helpers@0.5.15 OK for: next@16.2.4 want: 0.5.15
2057 silly placeDep node_modules/next postcss@8.4.31 OK for: next@16.2.4 want: 8.4.31
2058 silly placeDep ROOT sharp@0.34.5 OK for: next@16.2.4 want: ^0.34.5
2059 silly placeDep ROOT styled-jsx@5.1.6 OK for: next@16.2.4 want: 5.1.6
2060 silly fetch manifest tslib@^2.8.0
2061 silly packumentCache full:https://registry.npmjs.org/tslib cache-miss
2062 silly fetch manifest nanoid@^3.3.6
2063 silly packumentCache full:https://registry.npmjs.org/nanoid cache-miss
2064 silly fetch manifest semver@^7.7.3
2065 silly packumentCache full:https://registry.npmjs.org/semver cache-hit
2066 silly fetch manifest @img/colour@^1.0.0
2067 silly packumentCache full:https://registry.npmjs.org/@img%2fcolour cache-miss
2068 silly fetch manifest @img/sharp-wasm32@0.34.5
2069 silly packumentCache full:https://registry.npmjs.org/@img%2fsharp-wasm32 cache-miss
2070 silly fetch manifest @img/sharp-linux-arm@0.34.5
2071 silly packumentCache full:https://registry.npmjs.org/@img%2fsharp-linux-arm cache-miss
2072 silly fetch manifest @img/sharp-linux-x64@0.34.5
2073 silly packumentCache full:https://registry.npmjs.org/@img%2fsharp-linux-x64 cache-miss
2074 silly fetch manifest @img/sharp-win32-x64@0.34.5
2075 silly packumentCache full:https://registry.npmjs.org/@img%2fsharp-win32-x64 cache-miss
2076 http fetch GET 200 https://registry.npmjs.org/tslib 103ms (cache miss)
2077 silly packumentCache full:https://registry.npmjs.org/tslib set size:undefined disposed:false
2078 silly fetch manifest @img/sharp-darwin-x64@0.34.5
2079 silly packumentCache full:https://registry.npmjs.org/@img%2fsharp-darwin-x64 cache-miss
2080 http fetch GET 200 https://registry.npmjs.org/@img%2fsharp-wasm32 123ms (cache miss)
2081 silly packumentCache full:https://registry.npmjs.org/@img%2fsharp-wasm32 set size:undefined disposed:false
2082 silly fetch manifest @img/sharp-win32-ia32@0.34.5
2083 silly packumentCache full:https://registry.npmjs.org/@img%2fsharp-win32-ia32 cache-miss
2084 http fetch GET 200 https://registry.npmjs.org/@img%2fcolour 133ms (cache miss)
2085 silly packumentCache full:https://registry.npmjs.org/@img%2fcolour set size:undefined disposed:false
2086 silly fetch manifest @img/sharp-linux-arm64@0.34.5
2087 silly packumentCache full:https://registry.npmjs.org/@img%2fsharp-linux-arm64 cache-miss
2088 http fetch GET 200 https://registry.npmjs.org/nanoid 138ms (cache revalidated)
2089 silly packumentCache full:https://registry.npmjs.org/nanoid set size:304025 disposed:false
2090 silly fetch manifest @img/sharp-linux-ppc64@0.34.5
2091 silly packumentCache full:https://registry.npmjs.org/@img%2fsharp-linux-ppc64 cache-miss
2092 http fetch GET 200 https://registry.npmjs.org/@img%2fsharp-linux-x64 143ms (cache miss)
2093 silly packumentCache full:https://registry.npmjs.org/@img%2fsharp-linux-x64 set size:undefined disposed:false
2094 silly fetch manifest @img/sharp-linux-s390x@0.34.5
2095 silly packumentCache full:https://registry.npmjs.org/@img%2fsharp-linux-s390x cache-miss
2096 http fetch GET 200 https://registry.npmjs.org/@img%2fsharp-linux-arm 150ms (cache miss)
2097 silly packumentCache full:https://registry.npmjs.org/@img%2fsharp-linux-arm set size:undefined disposed:false
2098 silly fetch manifest @img/sharp-win32-arm64@0.34.5
2099 silly packumentCache full:https://registry.npmjs.org/@img%2fsharp-win32-arm64 cache-miss
2100 http fetch GET 200 https://registry.npmjs.org/@img%2fsharp-win32-x64 150ms (cache miss)
2101 silly packumentCache full:https://registry.npmjs.org/@img%2fsharp-win32-x64 set size:undefined disposed:false
2102 silly fetch manifest @img/sharp-darwin-arm64@0.34.5
2103 silly packumentCache full:https://registry.npmjs.org/@img%2fsharp-darwin-arm64 cache-miss
2104 http fetch GET 200 https://registry.npmjs.org/@img%2fsharp-darwin-x64 97ms (cache miss)
2105 silly packumentCache full:https://registry.npmjs.org/@img%2fsharp-darwin-x64 set size:undefined disposed:false
2106 silly fetch manifest @img/sharp-linux-riscv64@0.34.5
2107 silly packumentCache full:https://registry.npmjs.org/@img%2fsharp-linux-riscv64 cache-miss
2108 http fetch GET 200 https://registry.npmjs.org/@img%2fsharp-win32-ia32 104ms (cache miss)
2109 silly packumentCache full:https://registry.npmjs.org/@img%2fsharp-win32-ia32 set size:undefined disposed:false
2110 silly fetch manifest @img/sharp-linuxmusl-x64@0.34.5
2111 silly packumentCache full:https://registry.npmjs.org/@img%2fsharp-linuxmusl-x64 cache-miss
2112 http fetch GET 200 https://registry.npmjs.org/@img%2fsharp-linux-ppc64 107ms (cache miss)
2113 silly packumentCache full:https://registry.npmjs.org/@img%2fsharp-linux-ppc64 set size:undefined disposed:false
2114 silly fetch manifest @img/sharp-linuxmusl-arm64@0.34.5
2115 silly packumentCache full:https://registry.npmjs.org/@img%2fsharp-linuxmusl-arm64 cache-miss
2116 http fetch GET 200 https://registry.npmjs.org/@img%2fsharp-darwin-arm64 110ms (cache miss)
2117 silly packumentCache full:https://registry.npmjs.org/@img%2fsharp-darwin-arm64 set size:undefined disposed:false
2118 silly fetch manifest @img/sharp-libvips-linux-arm@1.2.4
2119 silly packumentCache full:https://registry.npmjs.org/@img%2fsharp-libvips-linux-arm cache-miss
2120 http fetch GET 200 https://registry.npmjs.org/@img%2fsharp-linux-arm64 134ms (cache miss)
2121 silly packumentCache full:https://registry.npmjs.org/@img%2fsharp-linux-arm64 set size:undefined disposed:false
2122 silly fetch manifest @img/sharp-libvips-linux-x64@1.2.4
2123 silly packumentCache full:https://registry.npmjs.org/@img%2fsharp-libvips-linux-x64 cache-miss
2124 http fetch GET 200 https://registry.npmjs.org/@img%2fsharp-linux-s390x 128ms (cache miss)
2125 silly packumentCache full:https://registry.npmjs.org/@img%2fsharp-linux-s390x set size:undefined disposed:false
2126 silly fetch manifest @img/sharp-libvips-darwin-x64@1.2.4
2127 silly packumentCache full:https://registry.npmjs.org/@img%2fsharp-libvips-darwin-x64 cache-miss
2128 http fetch GET 200 https://registry.npmjs.org/@img%2fsharp-win32-arm64 129ms (cache miss)
2129 silly packumentCache full:https://registry.npmjs.org/@img%2fsharp-win32-arm64 set size:undefined disposed:false
2130 silly fetch manifest @img/sharp-libvips-linux-arm64@1.2.4
2131 silly packumentCache full:https://registry.npmjs.org/@img%2fsharp-libvips-linux-arm64 cache-miss
2132 http fetch GET 200 https://registry.npmjs.org/@img%2fsharp-linux-riscv64 96ms (cache miss)
2133 silly packumentCache full:https://registry.npmjs.org/@img%2fsharp-linux-riscv64 set size:undefined disposed:false
2134 silly fetch manifest @img/sharp-libvips-linux-ppc64@1.2.4
2135 silly packumentCache full:https://registry.npmjs.org/@img%2fsharp-libvips-linux-ppc64 cache-miss
2136 http fetch GET 200 https://registry.npmjs.org/@img%2fsharp-linuxmusl-x64 104ms (cache miss)
2137 silly packumentCache full:https://registry.npmjs.org/@img%2fsharp-linuxmusl-x64 set size:undefined disposed:false
2138 silly fetch manifest @img/sharp-libvips-linux-s390x@1.2.4
2139 silly packumentCache full:https://registry.npmjs.org/@img%2fsharp-libvips-linux-s390x cache-miss
2140 http fetch GET 200 https://registry.npmjs.org/@img%2fsharp-linuxmusl-arm64 105ms (cache miss)
2141 silly packumentCache full:https://registry.npmjs.org/@img%2fsharp-linuxmusl-arm64 set size:undefined disposed:false
2142 silly fetch manifest @img/sharp-libvips-darwin-arm64@1.2.4
2143 silly packumentCache full:https://registry.npmjs.org/@img%2fsharp-libvips-darwin-arm64 cache-miss
2144 http fetch GET 200 https://registry.npmjs.org/@img%2fsharp-libvips-linux-arm 105ms (cache miss)
2145 silly packumentCache full:https://registry.npmjs.org/@img%2fsharp-libvips-linux-arm set size:undefined disposed:false
2146 silly fetch manifest @img/sharp-libvips-linux-riscv64@1.2.4
2147 silly packumentCache full:https://registry.npmjs.org/@img%2fsharp-libvips-linux-riscv64 cache-miss
2148 http fetch GET 200 https://registry.npmjs.org/@img%2fsharp-libvips-linux-x64 111ms (cache miss)
2149 silly packumentCache full:https://registry.npmjs.org/@img%2fsharp-libvips-linux-x64 set size:undefined disposed:false
2150 silly fetch manifest @img/sharp-libvips-linuxmusl-x64@1.2.4
2151 silly packumentCache full:https://registry.npmjs.org/@img%2fsharp-libvips-linuxmusl-x64 cache-miss
2152 http fetch GET 200 https://registry.npmjs.org/@img%2fsharp-libvips-darwin-x64 124ms (cache miss)
2153 silly packumentCache full:https://registry.npmjs.org/@img%2fsharp-libvips-darwin-x64 set size:undefined disposed:false
2154 silly fetch manifest @img/sharp-libvips-linuxmusl-arm64@1.2.4
2155 silly packumentCache full:https://registry.npmjs.org/@img%2fsharp-libvips-linuxmusl-arm64 cache-miss
2156 http fetch GET 200 https://registry.npmjs.org/@img%2fsharp-libvips-linux-arm64 131ms (cache miss)
2157 silly packumentCache full:https://registry.npmjs.org/@img%2fsharp-libvips-linux-arm64 set size:undefined disposed:false
2158 silly fetch manifest client-only@0.0.1
2159 silly packumentCache full:https://registry.npmjs.org/client-only cache-miss
2160 http fetch GET 200 https://registry.npmjs.org/@img%2fsharp-libvips-linux-ppc64 117ms (cache miss)
2161 silly packumentCache full:https://registry.npmjs.org/@img%2fsharp-libvips-linux-ppc64 set size:undefined disposed:false
2162 http fetch GET 200 https://registry.npmjs.org/@img%2fsharp-libvips-linux-s390x 103ms (cache miss)
2163 silly packumentCache full:https://registry.npmjs.org/@img%2fsharp-libvips-linux-s390x set size:undefined disposed:false
2164 http fetch GET 200 https://registry.npmjs.org/@img%2fsharp-libvips-darwin-arm64 100ms (cache miss)
2165 silly packumentCache full:https://registry.npmjs.org/@img%2fsharp-libvips-darwin-arm64 set size:undefined disposed:false
2166 http fetch GET 200 https://registry.npmjs.org/@img%2fsharp-libvips-linux-riscv64 104ms (cache miss)
2167 silly packumentCache full:https://registry.npmjs.org/@img%2fsharp-libvips-linux-riscv64 set size:undefined disposed:false
2168 http fetch GET 200 https://registry.npmjs.org/@img%2fsharp-libvips-linuxmusl-x64 123ms (cache miss)
2169 silly packumentCache full:https://registry.npmjs.org/@img%2fsharp-libvips-linuxmusl-x64 set size:undefined disposed:false
2170 http fetch GET 200 https://registry.npmjs.org/client-only 104ms (cache miss)
2171 silly packumentCache full:https://registry.npmjs.org/client-only set size:undefined disposed:false
2172 http fetch GET 200 https://registry.npmjs.org/@img%2fsharp-libvips-linuxmusl-arm64 125ms (cache miss)
2173 silly packumentCache full:https://registry.npmjs.org/@img%2fsharp-libvips-linuxmusl-arm64 set size:undefined disposed:false
2174 silly placeDep ROOT tslib@2.8.1 OK for: @swc/helpers@0.5.15 want: ^2.8.0
2175 silly placeDep ROOT deep-is@0.1.4 OK for: optionator@0.9.4 want: ^0.1.3
2176 silly placeDep ROOT fast-levenshtein@2.0.6 OK for: optionator@0.9.4 want: ^2.0.6
2177 silly placeDep ROOT word-wrap@1.2.5 OK for: optionator@0.9.4 want: ^1.2.5
2178 silly placeDep ROOT p-limit@3.1.0 OK for: p-locate@5.0.0 want: ^3.0.2
2179 silly fetch manifest yocto-queue@^0.1.0
2180 silly packumentCache full:https://registry.npmjs.org/yocto-queue cache-miss
2181 http fetch GET 200 https://registry.npmjs.org/yocto-queue 90ms (cache miss)
2182 silly packumentCache full:https://registry.npmjs.org/yocto-queue set size:undefined disposed:false
2183 silly placeDep ROOT yocto-queue@0.1.0 OK for: p-limit@3.1.0 want: ^0.1.0
2184 silly placeDep ROOT callsites@3.1.0 OK for: parent-module@1.0.1 want: ^3.0.0
2185 silly placeDep ROOT nanoid@3.3.11 OK for: postcss@8.5.12 want: ^3.3.11
2186 silly placeDep ROOT loose-envify@1.4.0 OK for: prop-types@15.8.1 want: ^1.4.0
2187 silly placeDep ROOT object-assign@4.1.1 OK for: prop-types@15.8.1 want: ^4.1.1
2188 silly placeDep ROOT react-is@16.13.1 OK for: prop-types@15.8.1 want: ^16.13.1
2189 silly placeDep ROOT scheduler@0.27.0 OK for: react-dom@19.2.4 want: ^0.27.0
2190 silly placeDep ROOT node-exports-info@1.6.0 OK for: resolve@2.0.0-next.6 want: ^1.6.0
2191 silly placeDep ROOT path-parse@1.0.7 OK for: resolve@2.0.0-next.6 want: ^1.0.7
2192 silly placeDep ROOT supports-preserve-symlinks-flag@1.0.0 OK for: resolve@2.0.0-next.6 want: ^1.0.0
2193 silly placeDep ROOT queue-microtask@1.2.3 OK for: run-parallel@1.2.0 want: ^1.2.2
2194 silly placeDep ROOT isarray@2.0.5 OK for: safe-array-concat@1.1.4 want: ^2.0.5
2195 silly placeDep ROOT @img/colour@1.1.0 OK for: sharp@0.34.5 want: ^1.0.0
2196 silly placeDep ROOT @img/sharp-darwin-arm64@0.34.5 OK for: sharp@0.34.5 want: 0.34.5
2197 silly placeDep ROOT @img/sharp-darwin-x64@0.34.5 OK for: sharp@0.34.5 want: 0.34.5
2198 silly placeDep ROOT @img/sharp-libvips-darwin-arm64@1.2.4 OK for: sharp@0.34.5 want: 1.2.4
2199 silly placeDep ROOT @img/sharp-libvips-darwin-x64@1.2.4 OK for: sharp@0.34.5 want: 1.2.4
2200 silly placeDep ROOT @img/sharp-libvips-linux-arm@1.2.4 OK for: sharp@0.34.5 want: 1.2.4
2201 silly placeDep ROOT @img/sharp-libvips-linux-arm64@1.2.4 OK for: sharp@0.34.5 want: 1.2.4
2202 silly placeDep ROOT @img/sharp-libvips-linux-ppc64@1.2.4 OK for: sharp@0.34.5 want: 1.2.4
2203 silly placeDep ROOT @img/sharp-libvips-linux-riscv64@1.2.4 OK for: sharp@0.34.5 want: 1.2.4
2204 silly placeDep ROOT @img/sharp-libvips-linux-s390x@1.2.4 OK for: sharp@0.34.5 want: 1.2.4
2205 silly placeDep ROOT @img/sharp-libvips-linux-x64@1.2.4 OK for: sharp@0.34.5 want: 1.2.4
2206 silly placeDep ROOT @img/sharp-libvips-linuxmusl-arm64@1.2.4 OK for: sharp@0.34.5 want: 1.2.4
2207 silly placeDep ROOT @img/sharp-libvips-linuxmusl-x64@1.2.4 OK for: sharp@0.34.5 want: 1.2.4
2208 silly placeDep ROOT @img/sharp-linux-arm@0.34.5 OK for: sharp@0.34.5 want: 0.34.5
2209 silly placeDep ROOT @img/sharp-linux-arm64@0.34.5 OK for: sharp@0.34.5 want: 0.34.5
2210 silly placeDep ROOT @img/sharp-linux-ppc64@0.34.5 OK for: sharp@0.34.5 want: 0.34.5
2211 silly placeDep ROOT @img/sharp-linux-riscv64@0.34.5 OK for: sharp@0.34.5 want: 0.34.5
2212 silly placeDep ROOT @img/sharp-linux-s390x@0.34.5 OK for: sharp@0.34.5 want: 0.34.5
2213 silly placeDep ROOT @img/sharp-linux-x64@0.34.5 OK for: sharp@0.34.5 want: 0.34.5
2214 silly placeDep ROOT @img/sharp-linuxmusl-arm64@0.34.5 OK for: sharp@0.34.5 want: 0.34.5
2215 silly placeDep ROOT @img/sharp-linuxmusl-x64@0.34.5 OK for: sharp@0.34.5 want: 0.34.5
2216 silly placeDep ROOT @img/sharp-wasm32@0.34.5 OK for: sharp@0.34.5 want: 0.34.5
2217 silly placeDep ROOT @img/sharp-win32-arm64@0.34.5 OK for: sharp@0.34.5 want: 0.34.5
2218 silly placeDep ROOT @img/sharp-win32-ia32@0.34.5 OK for: sharp@0.34.5 want: 0.34.5
2219 silly placeDep ROOT @img/sharp-win32-x64@0.34.5 OK for: sharp@0.34.5 want: 0.34.5
2220 silly placeDep node_modules/sharp semver@7.7.4 OK for: sharp@0.34.5 want: ^7.7.3
2221 silly fetch manifest @emnapi/runtime@^1.7.0
2222 silly packumentCache full:https://registry.npmjs.org/@emnapi%2fruntime cache-miss
2223 http fetch GET 200 https://registry.npmjs.org/@emnapi%2fruntime 124ms (cache miss)
2224 silly packumentCache full:https://registry.npmjs.org/@emnapi%2fruntime set size:undefined disposed:false
2225 silly placeDep ROOT @emnapi/runtime@1.10.0 OK for: @img/sharp-wasm32@0.34.5 want: ^1.7.0
2226 silly placeDep ROOT shebang-regex@3.0.0 OK for: shebang-command@2.0.0 want: ^3.0.0
2227 silly placeDep ROOT side-channel-list@1.0.1 OK for: side-channel@1.1.0 want: ^1.0.0
2228 silly placeDep ROOT side-channel-map@1.0.1 OK for: side-channel@1.1.0 want: ^1.0.1
2229 silly placeDep ROOT side-channel-weakmap@1.0.2 OK for: side-channel@1.1.0 want: ^1.0.2
2230 silly placeDep ROOT client-only@0.0.1 OK for: styled-jsx@5.1.6 want: 0.0.1
2231 silly placeDep ROOT has-flag@4.0.0 OK for: supports-color@7.2.0 want: ^4.0.0
2232 silly placeDep node_modules/tinyglobby fdir@6.5.0 OK for: tinyglobby@0.2.16 want: ^6.5.0
2233 silly placeDep node_modules/tinyglobby picomatch@4.0.4 OK for: fdir@6.5.0 want: ^3 || ^4
2234 silly placeDep ROOT is-number@7.0.0 OK for: to-regex-range@5.0.1 want: ^7.0.0
2235 silly placeDep ROOT @types/json5@0.0.29 OK for: tsconfig-paths@3.15.0 want: ^0.0.29
2236 silly placeDep node_modules/tsconfig-paths json5@1.0.2 OK for: tsconfig-paths@3.15.0 want: ^1.0.2
2237 silly placeDep ROOT minimist@1.2.8 OK for: tsconfig-paths@3.15.0 want: ^1.2.6
2238 silly placeDep ROOT strip-bom@3.0.0 OK for: tsconfig-paths@3.15.0 want: ^3.0.0
2239 silly fetch manifest minimist@^1.2.0
2240 silly packumentCache full:https://registry.npmjs.org/minimist cache-miss
2241 http fetch GET 200 https://registry.npmjs.org/minimist 90ms (cache revalidated)
2242 silly packumentCache full:https://registry.npmjs.org/minimist set size:77063 disposed:false
2243 silly placeDep ROOT for-each@0.3.5 OK for: typed-array-byte-length@1.0.3 want: ^0.3.3
2244 silly placeDep ROOT reflect.getprototypeof@1.0.10 OK for: typed-array-byte-offset@1.0.4 want: ^1.0.9
2245 silly fetch manifest which-builtin-type@^1.2.1
2246 silly packumentCache full:https://registry.npmjs.org/which-builtin-type cache-miss
2247 http fetch GET 200 https://registry.npmjs.org/which-builtin-type 90ms (cache miss)
2248 silly packumentCache full:https://registry.npmjs.org/which-builtin-type set size:undefined disposed:false
2249 silly placeDep ROOT which-builtin-type@1.2.1 OK for: reflect.getprototypeof@1.0.10 want: ^1.2.1
2250 silly fetch manifest is-async-function@^2.0.0
2251 silly packumentCache full:https://registry.npmjs.org/is-async-function cache-miss
2252 silly fetch manifest is-finalizationregistry@^1.1.0
2253 silly packumentCache full:https://registry.npmjs.org/is-finalizationregistry cache-miss
2254 silly fetch manifest is-generator-function@^1.0.10
2255 silly packumentCache full:https://registry.npmjs.org/is-generator-function cache-miss
2256 silly fetch manifest which-boxed-primitive@^1.1.0
2257 silly packumentCache full:https://registry.npmjs.org/which-boxed-primitive cache-miss
2258 silly fetch manifest which-collection@^1.0.2
2259 silly packumentCache full:https://registry.npmjs.org/which-collection cache-miss
2260 http fetch GET 200 https://registry.npmjs.org/which-boxed-primitive 97ms (cache revalidated)
2261 silly packumentCache full:https://registry.npmjs.org/which-boxed-primitive set size:19407 disposed:false
2262 http fetch GET 200 https://registry.npmjs.org/is-generator-function 104ms (cache miss)
2263 silly packumentCache full:https://registry.npmjs.org/is-generator-function set size:undefined disposed:false
2264 http fetch GET 200 https://registry.npmjs.org/which-collection 106ms (cache miss)
2265 silly packumentCache full:https://registry.npmjs.org/which-collection set size:undefined disposed:false
2266 http fetch GET 200 https://registry.npmjs.org/is-finalizationregistry 109ms (cache miss)
2267 silly packumentCache full:https://registry.npmjs.org/is-finalizationregistry set size:undefined disposed:false
2268 http fetch GET 200 https://registry.npmjs.org/is-async-function 122ms (cache miss)
2269 silly packumentCache full:https://registry.npmjs.org/is-async-function set size:undefined disposed:false
2270 silly fetch manifest eslint@^8.57.0 || ^9.0.0 || ^10.0.0
2271 silly packumentCache full:https://registry.npmjs.org/eslint cache-miss
2272 http fetch GET 200 https://registry.npmjs.org/eslint 100ms (cache revalidated)
2273 silly packumentCache full:https://registry.npmjs.org/eslint set size:1983515 disposed:false
2274 silly fetch manifest typescript@>=4.8.4 <6.1.0
2275 silly packumentCache full:https://registry.npmjs.org/typescript cache-miss
2276 http fetch GET 200 https://registry.npmjs.org/typescript 169ms (cache revalidated)
2277 silly packumentCache full:https://registry.npmjs.org/typescript set size:15409943 disposed:false
2278 silly placeDep ROOT @typescript-eslint/eslint-plugin@8.59.1 OK for: typescript-eslint@8.59.1 want: 8.59.1
2279 silly placeDep ROOT @typescript-eslint/parser@8.59.1 OK for: @typescript-eslint/eslint-plugin@8.59.1 want: ^8.59.1
2280 silly placeDep ROOT @typescript-eslint/typescript-estree@8.59.1 OK for: typescript-eslint@8.59.1 want: 8.59.1
2281 silly placeDep ROOT @typescript-eslint/utils@8.59.1 OK for: typescript-eslint@8.59.1 want: 8.59.1
2282 silly fetch manifest ignore@^7.0.5
2283 silly packumentCache full:https://registry.npmjs.org/ignore cache-miss
2284 silly fetch manifest ts-api-utils@^2.5.0
2285 silly packumentCache full:https://registry.npmjs.org/ts-api-utils cache-miss
2286 silly fetch manifest @typescript-eslint/type-utils@8.59.1
2287 silly packumentCache full:https://registry.npmjs.org/@typescript-eslint%2ftype-utils cache-miss
2288 silly fetch manifest @typescript-eslint/visitor-keys@8.59.1
2289 silly packumentCache full:https://registry.npmjs.org/@typescript-eslint%2fvisitor-keys cache-miss
2290 silly fetch manifest @typescript-eslint/scope-manager@8.59.1
2291 silly packumentCache full:https://registry.npmjs.org/@typescript-eslint%2fscope-manager cache-miss
2292 silly fetch manifest @typescript-eslint/types@8.59.1
2293 silly packumentCache full:https://registry.npmjs.org/@typescript-eslint%2ftypes cache-miss
2294 silly fetch manifest @typescript-eslint/visitor-keys@8.59.1
2295 silly packumentCache full:https://registry.npmjs.org/@typescript-eslint%2fvisitor-keys cache-miss
2296 http fetch GET 200 https://registry.npmjs.org/ts-api-utils 329ms (cache miss)
2297 silly packumentCache full:https://registry.npmjs.org/ts-api-utils set size:undefined disposed:false
2298 silly fetch manifest @typescript-eslint/scope-manager@8.59.1
2299 silly packumentCache full:https://registry.npmjs.org/@typescript-eslint%2fscope-manager cache-miss
2300 http fetch GET 200 https://registry.npmjs.org/ignore 433ms (cache revalidated)
2301 silly packumentCache full:https://registry.npmjs.org/ignore set size:237380 disposed:false
2302 silly fetch manifest minimatch@^10.2.2
2303 silly packumentCache full:https://registry.npmjs.org/minimatch cache-miss
2304 http fetch GET 200 https://registry.npmjs.org/minimatch 141ms (cache revalidated)
2305 silly packumentCache full:https://registry.npmjs.org/minimatch set size:375282 disposed:false
2306 silly fetch manifest @typescript-eslint/types@8.59.1
2307 silly packumentCache full:https://registry.npmjs.org/@typescript-eslint%2ftypes cache-miss
2308 http fetch GET 200 https://registry.npmjs.org/@typescript-eslint%2ftype-utils 1570ms (cache miss)
2309 silly packumentCache full:https://registry.npmjs.org/@typescript-eslint%2ftype-utils set size:undefined disposed:false
2310 silly fetch manifest @typescript-eslint/visitor-keys@8.59.1
2311 silly packumentCache full:https://registry.npmjs.org/@typescript-eslint%2fvisitor-keys cache-miss
2312 http fetch GET 200 https://registry.npmjs.org/@typescript-eslint%2fvisitor-keys 1888ms (cache miss)
2313 silly packumentCache full:https://registry.npmjs.org/@typescript-eslint%2fvisitor-keys set size:undefined disposed:false
2314 silly fetch manifest @typescript-eslint/tsconfig-utils@8.59.1
2315 silly packumentCache full:https://registry.npmjs.org/@typescript-eslint%2ftsconfig-utils cache-miss
2316 http fetch GET 200 https://registry.npmjs.org/@typescript-eslint%2fvisitor-keys 2110ms (cache miss)
2317 silly packumentCache full:https://registry.npmjs.org/@typescript-eslint%2fvisitor-keys set size:undefined disposed:false
2318 silly fetch manifest @typescript-eslint/project-service@8.59.1
2319 silly packumentCache full:https://registry.npmjs.org/@typescript-eslint%2fproject-service cache-miss
2320 http fetch GET 200 https://registry.npmjs.org/@typescript-eslint%2ftypes 2587ms (cache miss)
2321 silly packumentCache full:https://registry.npmjs.org/@typescript-eslint%2ftypes set size:undefined disposed:false
2322 silly fetch manifest @typescript-eslint/scope-manager@8.59.1
2323 silly packumentCache full:https://registry.npmjs.org/@typescript-eslint%2fscope-manager cache-miss
2324 http fetch GET 200 https://registry.npmjs.org/@typescript-eslint%2fscope-manager 2837ms (cache miss)
2325 silly packumentCache full:https://registry.npmjs.org/@typescript-eslint%2fscope-manager set size:undefined disposed:false
2326 http fetch GET 200 https://registry.npmjs.org/@typescript-eslint%2ftsconfig-utils 1024ms (cache miss)
2327 silly packumentCache full:https://registry.npmjs.org/@typescript-eslint%2ftsconfig-utils set size:undefined disposed:false
2328 http fetch GET 200 https://registry.npmjs.org/@typescript-eslint%2fscope-manager 2784ms (cache miss)
2329 silly packumentCache full:https://registry.npmjs.org/@typescript-eslint%2fscope-manager set size:undefined disposed:false
2330 http fetch GET 200 https://registry.npmjs.org/@typescript-eslint%2fproject-service 832ms (cache miss)
2331 silly packumentCache full:https://registry.npmjs.org/@typescript-eslint%2fproject-service set size:undefined disposed:false
2332 http fetch GET 200 https://registry.npmjs.org/@typescript-eslint%2ftypes 2857ms (cache miss)
2333 silly packumentCache full:https://registry.npmjs.org/@typescript-eslint%2ftypes set size:undefined disposed:false
2334 http fetch GET 200 https://registry.npmjs.org/@typescript-eslint%2fvisitor-keys 2316ms (cache miss)
2335 silly packumentCache full:https://registry.npmjs.org/@typescript-eslint%2fvisitor-keys set size:undefined disposed:false
2336 http fetch GET 200 https://registry.npmjs.org/@typescript-eslint%2fscope-manager 1524ms (cache miss)
2337 silly packumentCache full:https://registry.npmjs.org/@typescript-eslint%2fscope-manager set size:undefined disposed:false
2338 silly placeDep ROOT @typescript-eslint/scope-manager@8.59.1 OK for: @typescript-eslint/eslint-plugin@8.59.1 want: 8.59.1
2339 silly placeDep ROOT @typescript-eslint/type-utils@8.59.1 OK for: @typescript-eslint/eslint-plugin@8.59.1 want: 8.59.1
2340 silly placeDep ROOT @typescript-eslint/visitor-keys@8.59.1 OK for: @typescript-eslint/eslint-plugin@8.59.1 want: 8.59.1
2341 silly placeDep node_modules/@typescript-eslint/eslint-plugin ignore@7.0.5 OK for: @typescript-eslint/eslint-plugin@8.59.1 want: ^7.0.5
2342 silly placeDep ROOT ts-api-utils@2.5.0 OK for: @typescript-eslint/eslint-plugin@8.59.1 want: ^2.5.0
2343 silly fetch manifest eslint-visitor-keys@^5.0.0
2344 silly packumentCache full:https://registry.npmjs.org/eslint-visitor-keys cache-hit
2345 silly placeDep ROOT @typescript-eslint/types@8.59.1 OK for: @typescript-eslint/parser@8.59.1 want: 8.59.1
2346 silly placeDep ROOT @typescript-eslint/project-service@8.59.1 OK for: @typescript-eslint/typescript-estree@8.59.1 want: 8.59.1
2347 silly placeDep ROOT @typescript-eslint/tsconfig-utils@8.59.1 OK for: @typescript-eslint/typescript-estree@8.59.1 want: 8.59.1
2348 silly placeDep node_modules/@typescript-eslint/typescript-estree minimatch@10.2.5 OK for: @typescript-eslint/typescript-estree@8.59.1 want: ^10.2.2
2349 silly placeDep node_modules/@typescript-eslint/typescript-estree semver@7.7.4 OK for: @typescript-eslint/typescript-estree@8.59.1 want: ^7.7.3
2350 silly fetch manifest @typescript-eslint/tsconfig-utils@^8.59.1
2351 silly packumentCache full:https://registry.npmjs.org/@typescript-eslint%2ftsconfig-utils cache-miss
2352 silly fetch manifest brace-expansion@^5.0.5
2353 silly packumentCache full:https://registry.npmjs.org/brace-expansion cache-miss
2354 http fetch GET 200 https://registry.npmjs.org/brace-expansion 139ms (cache revalidated)
2355 silly packumentCache full:https://registry.npmjs.org/brace-expansion set size:65768 disposed:false
2356 http fetch GET 200 https://registry.npmjs.org/@typescript-eslint%2ftsconfig-utils 157ms (cache revalidated)
2357 silly packumentCache full:https://registry.npmjs.org/@typescript-eslint%2ftsconfig-utils set size:1168547 disposed:false
2358 silly placeDep node_modules/@typescript-eslint/visitor-keys eslint-visitor-keys@5.0.1 OK for: @typescript-eslint/visitor-keys@8.59.1 want: ^5.0.0
2359 silly placeDep ROOT has-bigints@1.1.0 OK for: unbox-primitive@1.1.0 want: ^1.0.2
2360 silly placeDep ROOT which-boxed-primitive@1.1.1 OK for: unbox-primitive@1.1.0 want: ^1.1.1
2361 silly fetch manifest is-bigint@^1.1.0
2362 silly packumentCache full:https://registry.npmjs.org/is-bigint cache-miss
2363 silly fetch manifest is-boolean-object@^1.2.1
2364 silly packumentCache full:https://registry.npmjs.org/is-boolean-object cache-miss
2365 silly fetch manifest is-number-object@^1.1.1
2366 silly packumentCache full:https://registry.npmjs.org/is-number-object cache-miss
2367 http fetch GET 200 https://registry.npmjs.org/is-bigint 93ms (cache miss)
2368 silly packumentCache full:https://registry.npmjs.org/is-bigint set size:undefined disposed:false
2369 http fetch GET 200 https://registry.npmjs.org/is-number-object 95ms (cache miss)
2370 silly packumentCache full:https://registry.npmjs.org/is-number-object set size:undefined disposed:false
2371 http fetch GET 200 https://registry.npmjs.org/is-boolean-object 107ms (cache miss)
2372 silly packumentCache full:https://registry.npmjs.org/is-boolean-object set size:undefined disposed:false
2373 silly placeDep ROOT @unrs/resolver-binding-android-arm-eabi@1.11.1 OK for: unrs-resolver@1.11.1 want: 1.11.1
2374 silly placeDep ROOT @unrs/resolver-binding-android-arm64@1.11.1 OK for: unrs-resolver@1.11.1 want: 1.11.1
2375 silly placeDep ROOT @unrs/resolver-binding-darwin-arm64@1.11.1 OK for: unrs-resolver@1.11.1 want: 1.11.1
2376 silly placeDep ROOT @unrs/resolver-binding-darwin-x64@1.11.1 OK for: unrs-resolver@1.11.1 want: 1.11.1
2377 silly placeDep ROOT @unrs/resolver-binding-freebsd-x64@1.11.1 OK for: unrs-resolver@1.11.1 want: 1.11.1
2378 silly placeDep ROOT @unrs/resolver-binding-linux-arm-gnueabihf@1.11.1 OK for: unrs-resolver@1.11.1 want: 1.11.1
2379 silly placeDep ROOT @unrs/resolver-binding-linux-arm-musleabihf@1.11.1 OK for: unrs-resolver@1.11.1 want: 1.11.1
2380 silly placeDep ROOT @unrs/resolver-binding-linux-arm64-gnu@1.11.1 OK for: unrs-resolver@1.11.1 want: 1.11.1
2381 silly placeDep ROOT @unrs/resolver-binding-linux-arm64-musl@1.11.1 OK for: unrs-resolver@1.11.1 want: 1.11.1
2382 silly placeDep ROOT @unrs/resolver-binding-linux-ppc64-gnu@1.11.1 OK for: unrs-resolver@1.11.1 want: 1.11.1
2383 silly placeDep ROOT @unrs/resolver-binding-linux-riscv64-gnu@1.11.1 OK for: unrs-resolver@1.11.1 want: 1.11.1
2384 silly placeDep ROOT @unrs/resolver-binding-linux-riscv64-musl@1.11.1 OK for: unrs-resolver@1.11.1 want: 1.11.1
2385 silly placeDep ROOT @unrs/resolver-binding-linux-s390x-gnu@1.11.1 OK for: unrs-resolver@1.11.1 want: 1.11.1
2386 silly placeDep ROOT @unrs/resolver-binding-linux-x64-gnu@1.11.1 OK for: unrs-resolver@1.11.1 want: 1.11.1
2387 silly placeDep ROOT @unrs/resolver-binding-linux-x64-musl@1.11.1 OK for: unrs-resolver@1.11.1 want: 1.11.1
2388 silly placeDep ROOT @unrs/resolver-binding-wasm32-wasi@1.11.1 OK for: unrs-resolver@1.11.1 want: 1.11.1
2389 silly placeDep ROOT @unrs/resolver-binding-win32-arm64-msvc@1.11.1 OK for: unrs-resolver@1.11.1 want: 1.11.1
2390 silly placeDep ROOT @unrs/resolver-binding-win32-ia32-msvc@1.11.1 OK for: unrs-resolver@1.11.1 want: 1.11.1
2391 silly placeDep ROOT @unrs/resolver-binding-win32-x64-msvc@1.11.1 OK for: unrs-resolver@1.11.1 want: 1.11.1
2392 silly placeDep ROOT napi-postinstall@0.3.4 OK for: unrs-resolver@1.11.1 want: ^0.3.0
2393 silly fetch manifest @napi-rs/wasm-runtime@^0.2.11
2394 silly packumentCache full:https://registry.npmjs.org/@napi-rs%2fwasm-runtime cache-miss
2395 http fetch GET 200 https://registry.npmjs.org/@napi-rs%2fwasm-runtime 109ms (cache miss)
2396 silly packumentCache full:https://registry.npmjs.org/@napi-rs%2fwasm-runtime set size:undefined disposed:false
2397 silly placeDep ROOT @napi-rs/wasm-runtime@0.2.12 OK for: @unrs/resolver-binding-wasm32-wasi@1.11.1 want: ^0.2.11
2398 silly fetch manifest @emnapi/core@^1.4.3
2399 silly packumentCache full:https://registry.npmjs.org/@emnapi%2fcore cache-miss
2400 silly fetch manifest @tybys/wasm-util@^0.10.0
2401 silly packumentCache full:https://registry.npmjs.org/@tybys%2fwasm-util cache-miss
2402 http fetch GET 200 https://registry.npmjs.org/@tybys%2fwasm-util 122ms (cache miss)
2403 silly packumentCache full:https://registry.npmjs.org/@tybys%2fwasm-util set size:undefined disposed:false
2404 http fetch GET 200 https://registry.npmjs.org/@emnapi%2fcore 128ms (cache miss)
2405 silly packumentCache full:https://registry.npmjs.org/@emnapi%2fcore set size:undefined disposed:false
2406 silly placeDep ROOT @emnapi/core@1.10.0 OK for: @napi-rs/wasm-runtime@0.2.12 want: ^1.4.3
2407 silly placeDep ROOT @tybys/wasm-util@0.10.1 OK for: @napi-rs/wasm-runtime@0.2.12 want: ^0.10.0
2408 silly fetch manifest @emnapi/wasi-threads@1.2.1
2409 silly packumentCache full:https://registry.npmjs.org/@emnapi%2fwasi-threads cache-miss
2410 http fetch GET 200 https://registry.npmjs.org/@emnapi%2fwasi-threads 115ms (cache miss)
2411 silly packumentCache full:https://registry.npmjs.org/@emnapi%2fwasi-threads set size:undefined disposed:false
2412 silly placeDep ROOT @emnapi/wasi-threads@1.2.1 OK for: @emnapi/core@1.10.0 want: 1.2.1
2413 silly placeDep ROOT escalade@3.2.0 OK for: update-browserslist-db@1.2.3 want: ^3.2.0
2414 silly placeDep ROOT punycode@2.3.1 OK for: uri-js@4.4.1 want: ^2.1.0
2415 silly placeDep ROOT isexe@2.0.0 OK for: which@2.0.2 want: ^2.0.0
2416 silly placeDep ROOT is-bigint@1.1.0 OK for: which-boxed-primitive@1.1.1 want: ^1.1.0
2417 silly placeDep ROOT is-boolean-object@1.2.2 OK for: which-boxed-primitive@1.1.1 want: ^1.2.1
2418 silly placeDep ROOT is-number-object@1.1.1 OK for: which-boxed-primitive@1.1.1 want: ^1.1.1
2419 silly placeDep ROOT is-async-function@2.1.1 OK for: which-builtin-type@1.2.1 want: ^2.0.0
2420 silly placeDep ROOT is-finalizationregistry@1.1.1 OK for: which-builtin-type@1.2.1 want: ^1.1.0
2421 silly placeDep ROOT is-generator-function@1.1.2 OK for: which-builtin-type@1.2.1 want: ^1.0.10
2422 silly placeDep ROOT which-collection@1.0.2 OK for: which-builtin-type@1.2.1 want: ^1.0.2
2423 silly fetch manifest async-function@^1.0.0
2424 silly packumentCache full:https://registry.npmjs.org/async-function cache-miss
2425 silly fetch manifest generator-function@^2.0.0
2426 silly packumentCache full:https://registry.npmjs.org/generator-function cache-miss
2427 silly fetch manifest is-map@^2.0.3
2428 silly packumentCache full:https://registry.npmjs.org/is-map cache-miss
2429 silly fetch manifest is-weakmap@^2.0.2
2430 silly packumentCache full:https://registry.npmjs.org/is-weakmap cache-miss
2431 silly fetch manifest is-weakset@^2.0.3
2432 silly packumentCache full:https://registry.npmjs.org/is-weakset cache-miss
2433 http fetch GET 200 https://registry.npmjs.org/async-function 101ms (cache miss)
2434 silly packumentCache full:https://registry.npmjs.org/async-function set size:undefined disposed:false
2435 http fetch GET 200 https://registry.npmjs.org/is-weakmap 105ms (cache miss)
2436 silly packumentCache full:https://registry.npmjs.org/is-weakmap set size:undefined disposed:false
2437 http fetch GET 200 https://registry.npmjs.org/generator-function 111ms (cache miss)
2438 silly packumentCache full:https://registry.npmjs.org/generator-function set size:undefined disposed:false
2439 http fetch GET 200 https://registry.npmjs.org/is-weakset 112ms (cache miss)
2440 silly packumentCache full:https://registry.npmjs.org/is-weakset set size:undefined disposed:false
2441 http fetch GET 200 https://registry.npmjs.org/is-map 116ms (cache miss)
2442 silly packumentCache full:https://registry.npmjs.org/is-map set size:undefined disposed:false
2443 silly placeDep ROOT async-function@1.0.0 OK for: is-async-function@2.1.1 want: ^1.0.0
2444 silly placeDep ROOT generator-function@2.0.1 OK for: is-generator-function@1.1.2 want: ^2.0.0
2445 silly placeDep ROOT is-map@2.0.3 OK for: which-collection@1.0.2 want: ^2.0.3
2446 silly placeDep ROOT is-weakmap@2.0.2 OK for: which-collection@1.0.2 want: ^2.0.2
2447 silly placeDep ROOT is-weakset@2.0.4 OK for: which-collection@1.0.2 want: ^2.0.3
2448 silly placeDep node_modules/@typescript-eslint/typescript-estree brace-expansion@5.0.5 OK for: minimatch@10.2.5 want: ^5.0.5
2449 silly fetch manifest balanced-match@^4.0.2
2450 silly packumentCache full:https://registry.npmjs.org/balanced-match cache-miss
2451 http fetch GET 200 https://registry.npmjs.org/balanced-match 95ms (cache revalidated)
2452 silly packumentCache full:https://registry.npmjs.org/balanced-match set size:39082 disposed:false
2453 silly placeDep node_modules/@typescript-eslint/typescript-estree balanced-match@4.0.4 OK for: brace-expansion@5.0.5 want: ^4.0.2
2454 silly reify moves {}
2455 http fetch GET 200 https://registry.npmjs.org/async-function/-/async-function-1.0.0.tgz 3175ms (cache miss)
2456 http fetch GET 200 https://registry.npmjs.org/which-collection/-/which-collection-1.0.2.tgz 3181ms (cache miss)
2457 http fetch GET 200 https://registry.npmjs.org/is-async-function/-/is-async-function-2.1.1.tgz 3195ms (cache miss)
2458 http fetch GET 200 https://registry.npmjs.org/is-number-object/-/is-number-object-1.1.1.tgz 3200ms (cache miss)
2459 http fetch GET 200 https://registry.npmjs.org/generator-function/-/generator-function-2.0.1.tgz 4947ms (cache miss)
2460 http fetch GET 200 https://registry.npmjs.org/has-bigints/-/has-bigints-1.1.0.tgz 4941ms (cache miss)
2461 http fetch GET 200 https://registry.npmjs.org/escalade/-/escalade-3.2.0.tgz 5179ms (cache miss)
2462 http fetch GET 200 https://registry.npmjs.org/@typescript-eslint/project-service/-/project-service-8.59.1.tgz 5180ms (cache miss)
2463 http fetch GET 200 https://registry.npmjs.org/which-boxed-primitive/-/which-boxed-primitive-1.1.1.tgz 5248ms (cache miss)
2464 http fetch GET 200 https://registry.npmjs.org/@typescript-eslint/tsconfig-utils/-/tsconfig-utils-8.59.1.tgz 5248ms (cache miss)
2465 http fetch GET 200 https://registry.npmjs.org/punycode/-/punycode-2.3.1.tgz 5240ms (cache miss)
2466 http fetch GET 200 https://registry.npmjs.org/@typescript-eslint/visitor-keys/-/visitor-keys-8.59.1.tgz 5242ms (cache miss)
2467 http fetch GET 200 https://registry.npmjs.org/isexe/-/isexe-2.0.0.tgz 5242ms (cache miss)
2468 http fetch GET 200 https://registry.npmjs.org/which-builtin-type/-/which-builtin-type-1.2.1.tgz 5596ms (cache miss)
2469 http fetch GET 200 https://registry.npmjs.org/@typescript-eslint/parser/-/parser-8.59.1.tgz 5601ms (cache miss)
2470 http fetch GET 200 https://registry.npmjs.org/has-flag/-/has-flag-4.0.0.tgz 5866ms (cache miss)
2471 http fetch GET 200 https://registry.npmjs.org/side-channel-map/-/side-channel-map-1.0.1.tgz 5857ms (cache miss)
2472 http fetch GET 200 https://registry.npmjs.org/shebang-regex/-/shebang-regex-3.0.0.tgz 5854ms (cache miss)
2473 http fetch GET 200 https://registry.npmjs.org/strip-bom/-/strip-bom-3.0.0.tgz 5983ms (cache miss)
2474 http fetch GET 200 https://registry.npmjs.org/is-number/-/is-number-7.0.0.tgz 6482ms (cache miss)
2475 http fetch GET 200 https://registry.npmjs.org/client-only/-/client-only-0.0.1.tgz 6480ms (cache miss)
2476 http fetch GET 200 https://registry.npmjs.org/@types/json5/-/json5-0.0.29.tgz 6496ms (cache miss)
2477 http fetch GET 200 https://registry.npmjs.org/scheduler/-/scheduler-0.27.0.tgz 6468ms (cache miss)
2478 http fetch GET 200 https://registry.npmjs.org/path-parse/-/path-parse-1.0.7.tgz 6475ms (cache miss)
2479 http fetch GET 200 https://registry.npmjs.org/nanoid/-/nanoid-3.3.11.tgz 6479ms (cache miss)
2480 http fetch GET 200 https://registry.npmjs.org/p-limit/-/p-limit-3.1.0.tgz 6481ms (cache miss)
2481 http fetch GET 200 https://registry.npmjs.org/isarray/-/isarray-2.0.5.tgz 6688ms (cache miss)
2482 http fetch GET 200 https://registry.npmjs.org/yocto-queue/-/yocto-queue-0.1.0.tgz 6687ms (cache miss)
2483 http fetch GET 200 https://registry.npmjs.org/callsites/-/callsites-3.1.0.tgz 6691ms (cache miss)
2484 http fetch GET 200 https://registry.npmjs.org/queue-microtask/-/queue-microtask-1.2.3.tgz 6902ms (cache miss)
2485 http fetch GET 200 https://registry.npmjs.org/@next/env/-/env-16.2.4.tgz 6895ms (cache miss)
2486 http fetch GET 200 https://registry.npmjs.org/brace-expansion/-/brace-expansion-1.1.14.tgz 6893ms (cache miss)
2487 http fetch GET 200 https://registry.npmjs.org/concat-map/-/concat-map-0.0.1.tgz 6894ms (cache miss)
2488 http fetch GET 200 https://registry.npmjs.org/fill-range/-/fill-range-7.1.1.tgz 6897ms (cache miss)
2489 http fetch GET 200 https://registry.npmjs.org/braces/-/braces-3.0.3.tgz 6898ms (cache miss)
2490 http fetch GET 200 https://registry.npmjs.org/yallist/-/yallist-3.1.1.tgz 6897ms (cache miss)
2491 http fetch GET 200 https://registry.npmjs.org/p-locate/-/p-locate-5.0.0.tgz 6899ms (cache miss)
2492 http fetch GET 200 https://registry.npmjs.org/fast-levenshtein/-/fast-levenshtein-2.0.6.tgz 7163ms (cache miss)
2493 http fetch GET 200 https://registry.npmjs.org/detect-libc/-/detect-libc-2.1.2.tgz 7182ms (cache miss)
2494 http fetch GET 200 https://registry.npmjs.org/json-buffer/-/json-buffer-3.0.1.tgz 7181ms (cache miss)
2495 http fetch GET 200 https://registry.npmjs.org/is-extglob/-/is-extglob-2.1.1.tgz 7182ms (cache miss)
2496 http fetch GET 200 https://registry.npmjs.org/word-wrap/-/word-wrap-1.2.5.tgz 7464ms (cache miss)
2497 http fetch GET 200 https://registry.npmjs.org/resolve-from/-/resolve-from-4.0.0.tgz 7498ms (cache miss)
2498 http fetch GET 200 https://registry.npmjs.org/parent-module/-/parent-module-1.0.1.tgz 7499ms (cache miss)
2499 http fetch GET 200 https://registry.npmjs.org/dunder-proto/-/dunder-proto-1.0.1.tgz 7503ms (cache miss)
2500 http fetch GET 200 https://registry.npmjs.org/keyv/-/keyv-4.5.4.tgz 7510ms (cache miss)
2501 http fetch GET 200 https://registry.npmjs.org/to-regex-range/-/to-regex-range-5.0.1.tgz 7975ms (cache miss)
2502 http fetch GET 200 https://registry.npmjs.org/type-check/-/type-check-0.4.0.tgz 7970ms (cache miss)
2503 http fetch GET 200 https://registry.npmjs.org/side-channel/-/side-channel-1.1.0.tgz 7978ms (cache miss)
2504 http fetch GET 200 https://registry.npmjs.org/flatted/-/flatted-3.4.2.tgz 7993ms (cache miss)
2505 http fetch GET 200 https://registry.npmjs.org/run-parallel/-/run-parallel-1.2.0.tgz 8000ms (cache miss)
2506 http fetch GET 200 https://registry.npmjs.org/prelude-ls/-/prelude-ls-1.2.1.tgz 8025ms (cache miss)
2507 http fetch GET 200 https://registry.npmjs.org/path-exists/-/path-exists-4.0.0.tgz 8017ms (cache miss)
2508 http fetch GET 200 https://registry.npmjs.org/resolve-pkg-maps/-/resolve-pkg-maps-1.0.0.tgz 8273ms (cache miss)
2509 http fetch GET 200 https://registry.npmjs.org/merge2/-/merge2-1.4.1.tgz 8266ms (cache miss)
2510 http fetch GET 200 https://registry.npmjs.org/@nodelib/fs.stat/-/fs.stat-2.0.5.tgz 8268ms (cache miss)
2511 http fetch GET 200 https://registry.npmjs.org/update-browserslist-db/-/update-browserslist-db-1.2.3.tgz 8304ms (cache miss)
2512 http fetch GET 200 https://registry.npmjs.org/balanced-match/-/balanced-match-1.0.2.tgz 8744ms (cache miss)
2513 http fetch GET 200 https://registry.npmjs.org/locate-path/-/locate-path-6.0.0.tgz 8741ms (cache miss)
2514 http fetch GET 200 https://registry.npmjs.org/node-releases/-/node-releases-2.0.38.tgz 8744ms (cache miss)
2515 http fetch GET 200 https://registry.npmjs.org/object-assign/-/object-assign-4.1.1.tgz 8749ms (cache miss)
2516 http fetch GET 200 https://registry.npmjs.org/lru-cache/-/lru-cache-5.1.1.tgz 8752ms (cache miss)
2517 http fetch GET 200 https://registry.npmjs.org/@nodelib/fs.scandir/-/fs.scandir-2.1.5.tgz 9063ms (cache miss)
2518 http fetch GET 200 https://registry.npmjs.org/@babel/helper-validator-identifier/-/helper-validator-identifier-7.28.5.tgz 9055ms (cache miss)
2519 http fetch GET 200 https://registry.npmjs.org/flat-cache/-/flat-cache-4.0.1.tgz 9317ms (cache miss)
2520 http fetch GET 200 https://registry.npmjs.org/picocolors/-/picocolors-1.1.1.tgz 9308ms (cache miss)
2521 http fetch GET 200 https://registry.npmjs.org/micromatch/-/micromatch-4.0.8.tgz 9628ms (cache miss)
2522 http fetch GET 200 https://registry.npmjs.org/@babel/helper-string-parser/-/helper-string-parser-7.27.1.tgz 9626ms (cache miss)
2523 http fetch GET 200 https://registry.npmjs.org/esrecurse/-/esrecurse-4.3.0.tgz 9929ms (cache miss)
2524 http fetch GET 200 https://registry.npmjs.org/@babel/helper-compilation-targets/-/helper-compilation-targets-7.28.6.tgz 9931ms (cache miss)
2525 http fetch GET 200 https://registry.npmjs.org/@babel/compat-data/-/compat-data-7.29.0.tgz 10346ms (cache miss)
2526 http fetch GET 200 https://registry.npmjs.org/convert-source-map/-/convert-source-map-2.0.0.tgz 10340ms (cache miss)
2527 http fetch GET 200 https://registry.npmjs.org/js-tokens/-/js-tokens-4.0.0.tgz 10353ms (cache miss)
2528 http fetch GET 200 https://registry.npmjs.org/iterator.prototype/-/iterator.prototype-1.1.5.tgz 10343ms (cache miss)
2529 http fetch GET 200 https://registry.npmjs.org/language-tags/-/language-tags-1.0.9.tgz 10835ms (cache miss)
2530 http fetch GET 200 https://registry.npmjs.org/string.prototype.repeat/-/string.prototype.repeat-1.0.0.tgz 11622ms (cache miss)
2531 http fetch GET 200 https://registry.npmjs.org/acorn-jsx/-/acorn-jsx-5.3.2.tgz 11872ms (cache miss)
2532 http fetch GET 200 https://registry.npmjs.org/string.prototype.includes/-/string.prototype.includes-2.0.1.tgz 11855ms (cache miss)
2533 http fetch GET 200 https://registry.npmjs.org/ast-types-flow/-/ast-types-flow-0.0.8.tgz 11853ms (cache miss)
2534 http fetch GET 200 https://registry.npmjs.org/is-date-object/-/is-date-object-1.1.0.tgz 11851ms (cache miss)
2535 http fetch GET 200 https://registry.npmjs.org/has-tostringtag/-/has-tostringtag-1.0.2.tgz 11853ms (cache miss)
2536 http fetch GET 200 https://registry.npmjs.org/typed-array-length/-/typed-array-length-1.0.7.tgz 11853ms (cache miss)
2537 http fetch GET 200 https://registry.npmjs.org/unbox-primitive/-/unbox-primitive-1.1.0.tgz 11854ms (cache miss)
2538 http fetch GET 200 https://registry.npmjs.org/typed-array-byte-length/-/typed-array-byte-length-1.0.3.tgz 11854ms (cache miss)
2539 http fetch GET 200 https://registry.npmjs.org/loose-envify/-/loose-envify-1.4.0.tgz 12062ms (cache miss)
2540 http fetch GET 200 https://registry.npmjs.org/typed-array-byte-offset/-/typed-array-byte-offset-1.0.4.tgz 12048ms (cache miss)
2541 http fetch GET 200 https://registry.npmjs.org/string.prototype.trim/-/string.prototype.trim-1.2.10.tgz 12049ms (cache miss)
2542 http fetch GET 200 https://registry.npmjs.org/set-proto/-/set-proto-1.0.0.tgz 12051ms (cache miss)
2543 http fetch GET 200 https://registry.npmjs.org/safe-array-concat/-/safe-array-concat-1.1.4.tgz 12052ms (cache miss)
2544 http fetch GET 200 https://registry.npmjs.org/stop-iteration-iterator/-/stop-iteration-iterator-1.1.0.tgz 12188ms (cache miss)
2545 http fetch GET 200 https://registry.npmjs.org/is-weakref/-/is-weakref-1.1.1.tgz 12190ms (cache miss)
2546 http fetch GET 200 https://registry.npmjs.org/regexp.prototype.flags/-/regexp.prototype.flags-1.5.4.tgz 12193ms (cache miss)
2547 http fetch GET 200 https://registry.npmjs.org/own-keys/-/own-keys-1.0.1.tgz 12316ms (cache miss)
2548 http fetch GET 200 https://registry.npmjs.org/is-typed-array/-/is-typed-array-1.1.15.tgz 12315ms (cache miss)
2549 http fetch GET 200 https://registry.npmjs.org/typed-array-buffer/-/typed-array-buffer-1.0.3.tgz 12317ms (cache miss)
2550 http fetch GET 200 https://registry.npmjs.org/@babel/code-frame/-/code-frame-7.29.0.tgz 12447ms (cache miss)
2551 http fetch GET 200 https://registry.npmjs.org/is-callable/-/is-callable-1.2.7.tgz 12559ms (cache miss)
2552 http fetch GET 200 https://registry.npmjs.org/has-proto/-/has-proto-1.2.0.tgz 12560ms (cache miss)
2553 http fetch GET 200 https://registry.npmjs.org/internal-slot/-/internal-slot-1.1.0.tgz 12565ms (cache miss)
2554 http fetch GET 200 https://registry.npmjs.org/jsesc/-/jsesc-3.1.0.tgz 12908ms (cache miss)
2555 http fetch GET 200 https://registry.npmjs.org/get-symbol-description/-/get-symbol-description-1.1.0.tgz 12916ms (cache miss)
2556 http fetch GET 200 https://registry.npmjs.org/globalthis/-/globalthis-1.0.4.tgz 12924ms (cache miss)
2557 http fetch GET 200 https://registry.npmjs.org/function.prototype.name/-/function.prototype.name-1.1.8.tgz 12924ms (cache miss)
2558 http fetch GET 200 https://registry.npmjs.org/@babel/helper-globals/-/helper-globals-7.28.0.tgz 13099ms (cache miss)
2559 http fetch GET 200 https://registry.npmjs.org/is-negative-zero/-/is-negative-zero-2.0.3.tgz 13098ms (cache miss)
2560 http fetch GET 200 https://registry.npmjs.org/data-view-byte-length/-/data-view-byte-length-1.0.2.tgz 13091ms (cache miss)
2561 http fetch GET 200 https://registry.npmjs.org/data-view-byte-offset/-/data-view-byte-offset-1.0.1.tgz 13094ms (cache miss)
2562 http fetch GET 200 https://registry.npmjs.org/arraybuffer.prototype.slice/-/arraybuffer.prototype.slice-1.0.4.tgz 13091ms (cache miss)
2563 http fetch GET 200 https://registry.npmjs.org/available-typed-arrays/-/available-typed-arrays-1.0.7.tgz 13091ms (cache miss)
2564 http fetch GET 200 https://registry.npmjs.org/gopd/-/gopd-1.2.0.tgz 13091ms (cache miss)
2565 http fetch GET 200 https://registry.npmjs.org/has-property-descriptors/-/has-property-descriptors-1.0.2.tgz 13093ms (cache miss)
2566 http fetch GET 200 https://registry.npmjs.org/es-to-primitive/-/es-to-primitive-1.3.0.tgz 13448ms (cache miss)
2567 http fetch GET 200 https://registry.npmjs.org/set-function-length/-/set-function-length-1.2.2.tgz 13440ms (cache miss)
2568 http fetch GET 200 https://registry.npmjs.org/define-data-property/-/define-data-property-1.1.4.tgz 13442ms (cache miss)
2569 http fetch GET 200 https://registry.npmjs.org/es-define-property/-/es-define-property-1.0.1.tgz 13445ms (cache miss)
2570 http fetch GET 200 https://registry.npmjs.org/call-bind-apply-helpers/-/call-bind-apply-helpers-1.0.2.tgz 13468ms (cache miss)
2571 http fetch GET 200 https://registry.npmjs.org/es-errors/-/es-errors-1.3.0.tgz 13838ms (cache miss)
2572 http fetch GET 200 https://registry.npmjs.org/es-shim-unscopables/-/es-shim-unscopables-1.1.0.tgz 13839ms (cache miss)
2573 http fetch GET 200 https://registry.npmjs.org/array-buffer-byte-length/-/array-buffer-byte-length-1.0.2.tgz 13848ms (cache miss)
2574 http fetch GET 200 https://registry.npmjs.org/is-string/-/is-string-1.1.1.tgz 13844ms (cache miss)
2575 http fetch GET 200 https://registry.npmjs.org/es-object-atoms/-/es-object-atoms-1.1.1.tgz 13845ms (cache miss)
2576 http fetch GET 200 https://registry.npmjs.org/set-function-name/-/set-function-name-2.0.2.tgz 14163ms (cache miss)
2577 http fetch GET 200 https://registry.npmjs.org/call-bind/-/call-bind-1.0.9.tgz 14149ms (cache miss)
2578 http fetch GET 200 https://registry.npmjs.org/string.prototype.trimend/-/string.prototype.trimend-1.0.9.tgz 14161ms (cache miss)
2579 http fetch GET 200 https://registry.npmjs.org/call-bound/-/call-bound-1.0.4.tgz 14164ms (cache miss)
2580 http fetch GET 200 https://registry.npmjs.org/get-intrinsic/-/get-intrinsic-1.3.0.tgz 14573ms (cache miss)
2581 http fetch GET 200 https://registry.npmjs.org/array-includes/-/array-includes-3.1.9.tgz 14567ms (cache miss)
2582 http fetch GET 200 https://registry.npmjs.org/object.groupby/-/object.groupby-1.0.3.tgz 14569ms (cache miss)
2583 http fetch GET 200 https://registry.npmjs.org/hasown/-/hasown-2.0.3.tgz 14571ms (cache miss)
2584 http fetch GET 200 https://registry.npmjs.org/object.fromentries/-/object.fromentries-2.0.8.tgz 14572ms (cache miss)
2585 http fetch GET 200 https://registry.npmjs.org/is-weakset/-/is-weakset-2.0.4.tgz 14982ms (cache miss)
2586 http fetch GET 200 https://registry.npmjs.org/react-is/-/react-is-16.13.1.tgz 14922ms (cache miss)
2587 http fetch GET 200 https://registry.npmjs.org/array.prototype.findlastindex/-/array.prototype.findlastindex-1.2.6.tgz 14939ms (cache miss)
2588 http fetch GET 200 https://registry.npmjs.org/@rtsao/scc/-/scc-1.1.0.tgz 14939ms (cache miss)
2589 http fetch GET 200 https://registry.npmjs.org/array.prototype.flat/-/array.prototype.flat-1.3.3.tgz 14941ms (cache miss)
2590 http fetch GET 200 https://registry.npmjs.org/tinyglobby/-/tinyglobby-0.2.16.tgz 14941ms (cache miss)
2591 http fetch GET 200 https://registry.npmjs.org/supports-preserve-symlinks-flag/-/supports-preserve-symlinks-flag-1.0.0.tgz 16022ms (cache miss)
2592 http fetch GET 200 https://registry.npmjs.org/argparse/-/argparse-2.0.1.tgz 16015ms (cache miss)
2593 http fetch GET 200 https://registry.npmjs.org/gensync/-/gensync-1.0.0-beta.2.tgz 16042ms (cache miss)
2594 http fetch GET 200 https://registry.npmjs.org/damerau-levenshtein/-/damerau-levenshtein-1.0.8.tgz 16082ms (cache miss)
2595 http fetch GET 200 https://registry.npmjs.org/stable-hash/-/stable-hash-0.0.5.tgz 16331ms (cache miss)
2596 http fetch GET 200 https://registry.npmjs.org/is-bun-module/-/is-bun-module-2.0.0.tgz 16357ms (cache miss)
2597 http fetch GET 200 https://registry.npmjs.org/estraverse/-/estraverse-5.3.0.tgz 16357ms (cache miss)
2598 http fetch GET 200 https://registry.npmjs.org/@nolyfill/is-core-module/-/is-core-module-1.0.39.tgz 16360ms (cache miss)
2599 http fetch GET 200 https://registry.npmjs.org/is-core-module/-/is-core-module-2.16.1.tgz 16425ms (cache miss)
2600 http fetch GET 200 https://registry.npmjs.org/possible-typed-array-names/-/possible-typed-array-names-1.1.0.tgz 16437ms (cache miss)
2601 http fetch GET 200 https://registry.npmjs.org/is-finalizationregistry/-/is-finalizationregistry-1.1.1.tgz 17303ms (cache miss)
2602 http fetch GET 200 https://registry.npmjs.org/is-map/-/is-map-2.0.3.tgz 17329ms (cache miss)
2603 http fetch GET 200 https://registry.npmjs.org/is-bigint/-/is-bigint-1.1.0.tgz 17322ms (cache miss)
2604 http fetch GET 200 https://registry.npmjs.org/deep-is/-/deep-is-0.1.4.tgz 17298ms (cache miss)
2605 http fetch GET 200 https://registry.npmjs.org/ms/-/ms-2.1.3.tgz 17301ms (cache miss)
2606 http fetch GET 200 https://registry.npmjs.org/which/-/which-2.0.2.tgz 17309ms (cache miss)
2607 http fetch GET 200 https://registry.npmjs.org/path-key/-/path-key-3.1.1.tgz 17310ms (cache miss)
2608 http fetch GET 200 https://registry.npmjs.org/color-name/-/color-name-1.1.4.tgz 17309ms (cache miss)
2609 http fetch GET 200 https://registry.npmjs.org/fast-json-stable-stringify/-/fast-json-stable-stringify-2.1.0.tgz 17819ms (cache miss)
2610 http fetch GET 200 https://registry.npmjs.org/ansi-styles/-/ansi-styles-4.3.0.tgz 17823ms (cache miss)
2611 http fetch GET 200 https://registry.npmjs.org/json-schema-traverse/-/json-schema-traverse-0.4.1.tgz 17824ms (cache miss)
2612 http fetch GET 200 https://registry.npmjs.org/@img/colour/-/colour-1.1.0.tgz 18286ms (cache miss)
2613 http fetch GET 200 https://registry.npmjs.org/functions-have-names/-/functions-have-names-1.2.3.tgz 18262ms (cache miss)
2614 http fetch GET 200 https://registry.npmjs.org/shebang-command/-/shebang-command-2.0.0.tgz 18257ms (cache miss)
2615 http fetch GET 200 https://registry.npmjs.org/eslint-import-resolver-node/-/eslint-import-resolver-node-0.3.10.tgz 18260ms (cache miss)
2616 http fetch GET 200 https://registry.npmjs.org/levn/-/levn-0.4.1.tgz 18254ms (cache miss)
2617 http fetch GET 200 https://registry.npmjs.org/strip-json-comments/-/strip-json-comments-3.1.1.tgz 18256ms (cache miss)
2618 http fetch GET 200 https://registry.npmjs.org/@humanfs/core/-/core-0.19.2.tgz 18259ms (cache miss)
2619 http fetch GET 200 https://registry.npmjs.org/import-fresh/-/import-fresh-3.3.1.tgz 18261ms (cache miss)
2620 http fetch GET 200 https://registry.npmjs.org/@types/json-schema/-/json-schema-7.0.15.tgz 18263ms (cache miss)
2621 http fetch GET 200 https://registry.npmjs.org/supports-color/-/supports-color-7.2.0.tgz 18472ms (cache miss)
2622 http fetch GET 200 https://registry.npmjs.org/@eslint/object-schema/-/object-schema-2.1.7.tgz 18465ms (cache miss)
2623 http fetch GET 200 https://registry.npmjs.org/is-weakmap/-/is-weakmap-2.0.2.tgz 18779ms (cache miss)
2624 http fetch GET 200 https://registry.npmjs.org/is-boolean-object/-/is-boolean-object-1.2.2.tgz 18773ms (cache miss)
2625 http fetch GET 200 https://registry.npmjs.org/unrs-resolver/-/unrs-resolver-1.11.1.tgz 18633ms (cache miss)
2626 http fetch GET 200 https://registry.npmjs.org/@humanfs/types/-/types-0.15.0.tgz 18688ms (cache miss)
2627 http fetch GET 200 https://registry.npmjs.org/json-stable-stringify-without-jsonify/-/json-stable-stringify-without-jsonify-1.0.1.tgz 18708ms (cache miss)
2628 http fetch GET 200 https://registry.npmjs.org/ignore/-/ignore-5.3.2.tgz 18708ms (cache miss)
2629 http fetch GET 200 https://registry.npmjs.org/glob-parent/-/glob-parent-6.0.2.tgz 18755ms (cache miss)
2630 http fetch GET 200 https://registry.npmjs.org/find-up/-/find-up-5.0.0.tgz 18758ms (cache miss)
2631 http fetch GET 200 https://registry.npmjs.org/is-glob/-/is-glob-4.0.3.tgz 18760ms (cache miss)
2632 http fetch GET 200 https://registry.npmjs.org/side-channel-weakmap/-/side-channel-weakmap-1.0.2.tgz 18963ms (cache miss)
2633 http fetch GET 200 https://registry.npmjs.org/imurmurhash/-/imurmurhash-0.1.4.tgz 18817ms (cache miss)
2634 http fetch GET 200 https://registry.npmjs.org/minimatch/-/minimatch-3.1.5.tgz 18819ms (cache miss)
2635 http fetch GET 200 https://registry.npmjs.org/file-entry-cache/-/file-entry-cache-8.0.0.tgz 18816ms (cache miss)
2636 http fetch GET 200 https://registry.npmjs.org/fast-deep-equal/-/fast-deep-equal-3.1.3.tgz 18820ms (cache miss)
2637 http fetch GET 200 https://registry.npmjs.org/lodash.merge/-/lodash.merge-4.6.2.tgz 18938ms (cache miss)
2638 http fetch GET 200 https://registry.npmjs.org/debug/-/debug-4.4.3.tgz 18935ms (cache miss)
2639 http fetch GET 200 https://registry.npmjs.org/chalk/-/chalk-4.1.2.tgz 18935ms (cache miss)
2640 http fetch GET 200 https://registry.npmjs.org/@types/estree/-/estree-1.0.8.tgz 18935ms (cache miss)
2641 http fetch GET 200 https://registry.npmjs.org/esutils/-/esutils-2.0.3.tgz 19122ms (cache miss)
2642 http fetch GET 200 https://registry.npmjs.org/@eslint/js/-/js-9.39.4.tgz 19115ms (cache miss)
2643 http fetch GET 200 https://registry.npmjs.org/@humanwhocodes/module-importer/-/module-importer-1.0.1.tgz 19119ms (cache miss)
2644 http fetch GET 200 https://registry.npmjs.org/side-channel-list/-/side-channel-list-1.0.1.tgz 19345ms (cache miss)
2645 http fetch GET 200 https://registry.npmjs.org/ts-api-utils/-/ts-api-utils-2.5.0.tgz 19422ms (cache miss)
2646 http fetch GET 200 https://registry.npmjs.org/@humanwhocodes/retry/-/retry-0.4.3.tgz 19236ms (cache miss)
2647 http fetch GET 200 https://registry.npmjs.org/natural-compare/-/natural-compare-1.4.0.tgz 19293ms (cache miss)
2648 http fetch GET 200 https://registry.npmjs.org/cross-spawn/-/cross-spawn-7.0.6.tgz 19284ms (cache miss)
2649 http fetch GET 200 https://registry.npmjs.org/escape-string-regexp/-/escape-string-regexp-4.0.0.tgz 19286ms (cache miss)
2650 http fetch GET 200 https://registry.npmjs.org/graceful-fs/-/graceful-fs-4.2.11.tgz 19278ms (cache miss)
2651 http fetch GET 200 https://registry.npmjs.org/@eslint/config-helpers/-/config-helpers-0.4.2.tgz 19282ms (cache miss)
2652 http fetch GET 200 https://registry.npmjs.org/@humanfs/node/-/node-0.16.8.tgz 19349ms (cache miss)
2653 http fetch GET 200 https://registry.npmjs.org/semver/-/semver-6.3.1.tgz 19439ms (cache miss)
2654 http fetch GET 200 https://registry.npmjs.org/browserslist/-/browserslist-4.28.2.tgz 19697ms (cache miss)
2655 http fetch GET 200 https://registry.npmjs.org/@tailwindcss/oxide/-/oxide-4.2.4.tgz 19715ms (cache miss)
2656 http fetch GET 200 https://registry.npmjs.org/@alloc/quick-lru/-/quick-lru-5.2.0.tgz 19718ms (cache miss)
2657 http fetch GET 200 https://registry.npmjs.org/for-each/-/for-each-0.3.5.tgz 19961ms (cache miss)
2658 http fetch GET 200 https://registry.npmjs.org/@babel/helper-validator-option/-/helper-validator-option-7.27.1.tgz 19899ms (cache miss)
2659 http fetch GET 200 https://registry.npmjs.org/eslint-config-next/-/eslint-config-next-16.2.4.tgz 19820ms (cache miss)
2660 http fetch GET 200 https://registry.npmjs.org/@jridgewell/remapping/-/remapping-2.3.5.tgz 19889ms (cache miss)
2661 http fetch GET 200 https://registry.npmjs.org/balanced-match/-/balanced-match-4.0.4.tgz 19888ms (cache miss)
2662 http fetch GET 200 https://registry.npmjs.org/color-convert/-/color-convert-2.0.1.tgz 19973ms (cache miss)
2663 http fetch GET 200 https://registry.npmjs.org/brace-expansion/-/brace-expansion-5.0.5.tgz 20104ms (cache miss)
2664 http fetch GET 200 https://registry.npmjs.org/glob-parent/-/glob-parent-5.1.2.tgz 20102ms (cache miss)
2665 http fetch GET 200 https://registry.npmjs.org/eslint-visitor-keys/-/eslint-visitor-keys-3.4.3.tgz 20102ms (cache miss)
2666 http fetch GET 200 https://registry.npmjs.org/baseline-browser-mapping/-/baseline-browser-mapping-2.10.24.tgz 20543ms (cache miss)
2667 http fetch GET 200 https://registry.npmjs.org/es-set-tostringtag/-/es-set-tostringtag-2.1.0.tgz 20529ms (cache miss)
2668 http fetch GET 200 https://registry.npmjs.org/globals/-/globals-14.0.0.tgz 20498ms (cache miss)
2669 http fetch GET 200 https://registry.npmjs.org/define-properties/-/define-properties-1.2.1.tgz 20634ms (cache miss)
2670 http fetch GET 200 https://registry.npmjs.org/safe-regex-test/-/safe-regex-test-1.1.0.tgz 20745ms (cache miss)
2671 http fetch GET 200 https://registry.npmjs.org/safe-push-apply/-/safe-push-apply-1.0.0.tgz 20871ms (cache miss)
2672 http fetch GET 200 https://registry.npmjs.org/is-regex/-/is-regex-1.2.1.tgz 20871ms (cache miss)
2673 http fetch GET 200 https://registry.npmjs.org/is-generator-function/-/is-generator-function-1.1.2.tgz 21089ms (cache miss)
2674 http fetch GET 200 https://registry.npmjs.org/is-shared-array-buffer/-/is-shared-array-buffer-1.0.4.tgz 20972ms (cache miss)
2675 http fetch GET 200 https://registry.npmjs.org/is-array-buffer/-/is-array-buffer-3.0.5.tgz 20977ms (cache miss)
2676 http fetch GET 200 https://registry.npmjs.org/is-symbol/-/is-symbol-1.1.1.tgz 21471ms (cache miss)
2677 http fetch GET 200 https://registry.npmjs.org/ignore/-/ignore-7.0.5.tgz 21481ms (cache miss)
2678 http fetch GET 200 https://registry.npmjs.org/electron-to-chromium/-/electron-to-chromium-1.5.344.tgz 21753ms (cache miss)
2679 http fetch GET 200 https://registry.npmjs.org/which-typed-array/-/which-typed-array-1.1.20.tgz 21734ms (cache miss)
2680 http fetch GET 200 https://registry.npmjs.org/data-view-buffer/-/data-view-buffer-1.0.2.tgz 21743ms (cache miss)
2681 http fetch GET 200 https://registry.npmjs.org/optionator/-/optionator-0.9.4.tgz 21705ms (cache miss)
2682 http fetch GET 200 https://registry.npmjs.org/@eslint/core/-/core-0.17.0.tgz 21689ms (cache miss)
2683 http fetch GET 200 https://registry.npmjs.org/is-data-view/-/is-data-view-1.0.2.tgz 21792ms (cache miss)
2684 http fetch GET 200 https://registry.npmjs.org/object-keys/-/object-keys-1.1.1.tgz 21812ms (cache miss)
2685 http fetch GET 200 https://registry.npmjs.org/prop-types/-/prop-types-15.8.1.tgz 21990ms (cache miss)
2686 http fetch GET 200 https://registry.npmjs.org/reusify/-/reusify-1.1.0.tgz 22073ms (cache miss)
2687 http fetch GET 200 https://registry.npmjs.org/picomatch/-/picomatch-2.3.2.tgz 22089ms (cache miss)
2688 http fetch GET 200 https://registry.npmjs.org/@babel/helper-module-imports/-/helper-module-imports-7.28.6.tgz 22065ms (cache miss)
2689 http fetch GET 200 https://registry.npmjs.org/fastq/-/fastq-1.20.1.tgz 22115ms (cache miss)
2690 http fetch GET 200 https://registry.npmjs.org/is-set/-/is-set-2.0.3.tgz 22165ms (cache miss)
2691 http fetch GET 200 https://registry.npmjs.org/@typescript-eslint/types/-/types-8.59.1.tgz 22338ms (cache miss)
2692 http fetch GET 200 https://registry.npmjs.org/tslib/-/tslib-2.8.1.tgz 22263ms (cache miss)
2693 http fetch GET 200 https://registry.npmjs.org/get-tsconfig/-/get-tsconfig-4.14.0.tgz 22185ms (cache miss)
2694 http fetch GET 200 https://registry.npmjs.org/eslint-import-resolver-typescript/-/eslint-import-resolver-typescript-3.10.1.tgz 22214ms (cache miss)
2695 http fetch GET 200 https://registry.npmjs.org/doctrine/-/doctrine-2.1.0.tgz 22225ms (cache miss)
2696 http fetch GET 200 https://registry.npmjs.org/reflect.getprototypeof/-/reflect.getprototypeof-1.0.10.tgz 22426ms (cache miss)
2697 http fetch GET 200 https://registry.npmjs.org/function-bind/-/function-bind-1.1.2.tgz 22644ms (cache miss)
2698 http fetch GET 200 https://registry.npmjs.org/globals/-/globals-16.4.0.tgz 22640ms (cache miss)
2699 http fetch GET 200 https://registry.npmjs.org/fdir/-/fdir-6.5.0.tgz 22667ms (cache miss)
2700 http fetch GET 200 https://registry.npmjs.org/@jridgewell/resolve-uri/-/resolve-uri-3.1.2.tgz 22710ms (cache miss)
2701 http fetch GET 200 https://registry.npmjs.org/@tailwindcss/postcss/-/postcss-4.2.4.tgz 22703ms (cache miss)
2702 http fetch GET 200 https://registry.npmjs.org/get-proto/-/get-proto-1.0.1.tgz 22850ms (cache miss)
2703 http fetch GET 200 https://registry.npmjs.org/eslint-visitor-keys/-/eslint-visitor-keys-4.2.1.tgz 22804ms (cache miss)
2704 http fetch GET 200 https://registry.npmjs.org/array.prototype.tosorted/-/array.prototype.tosorted-1.1.4.tgz 23056ms (cache miss)
2705 http fetch GET 200 https://registry.npmjs.org/typescript-eslint/-/typescript-eslint-8.59.1.tgz 23152ms (cache miss)
2706 http fetch GET 200 https://registry.npmjs.org/debug/-/debug-3.2.7.tgz 23184ms (cache miss)
2707 http fetch GET 200 https://registry.npmjs.org/debug/-/debug-3.2.7.tgz 23125ms (cache miss)
2708 http fetch GET 200 https://registry.npmjs.org/eslint-visitor-keys/-/eslint-visitor-keys-5.0.1.tgz 23200ms (cache miss)
2709 http fetch GET 200 https://registry.npmjs.org/string.prototype.trimstart/-/string.prototype.trimstart-1.0.8.tgz 23356ms (cache miss)
2710 http fetch GET 200 https://registry.npmjs.org/espree/-/espree-10.4.0.tgz 23307ms (cache miss)
2711 http fetch GET 200 https://registry.npmjs.org/debug/-/debug-3.2.7.tgz 23284ms (cache miss)
2712 http fetch GET 200 https://registry.npmjs.org/emoji-regex/-/emoji-regex-9.2.2.tgz 23414ms (cache miss)
2713 http fetch GET 200 https://registry.npmjs.org/array.prototype.findlast/-/array.prototype.findlast-1.2.5.tgz 23445ms (cache miss)
2714 http fetch GET 200 https://registry.npmjs.org/string.prototype.matchall/-/string.prototype.matchall-4.0.12.tgz 23592ms (cache miss)
2715 http fetch GET 200 https://registry.npmjs.org/has-symbols/-/has-symbols-1.1.0.tgz 23654ms (cache miss)
2716 http fetch GET 200 https://registry.npmjs.org/picomatch/-/picomatch-4.0.4.tgz 23703ms (cache miss)
2717 http fetch GET 200 https://registry.npmjs.org/object.entries/-/object.entries-1.1.9.tgz 23899ms (cache miss)
2718 http fetch GET 200 https://registry.npmjs.org/@eslint-community/regexpp/-/regexpp-4.12.2.tgz 23822ms (cache miss)
2719 http fetch GET 200 https://registry.npmjs.org/object.values/-/object.values-1.2.1.tgz 24072ms (cache miss)
2720 http fetch GET 200 https://registry.npmjs.org/array.prototype.flatmap/-/array.prototype.flatmap-1.3.3.tgz 24205ms (cache miss)
2721 http fetch GET 200 https://registry.npmjs.org/@tailwindcss/node/-/node-4.2.4.tgz 24152ms (cache miss)
2722 http fetch GET 200 https://registry.npmjs.org/@eslint-community/eslint-utils/-/eslint-utils-4.9.1.tgz 24169ms (cache miss)
2723 http fetch GET 200 https://registry.npmjs.org/@emnapi/wasi-threads/-/wasi-threads-1.2.1.tgz 24414ms (cache miss)
2724 http fetch GET 200 https://registry.npmjs.org/@eslint/plugin-kit/-/plugin-kit-0.4.1.tgz 24328ms (cache miss)
2725 http fetch GET 200 https://registry.npmjs.org/hermes-estree/-/hermes-estree-0.25.1.tgz 24492ms (cache miss)
2726 http fetch GET 200 https://registry.npmjs.org/zod-validation-error/-/zod-validation-error-4.0.2.tgz 24470ms (cache miss)
2727 http fetch GET 200 https://registry.npmjs.org/json5/-/json5-1.0.2.tgz 24349ms (cache miss)
2728 http fetch GET 200 https://registry.npmjs.org/@types/react-dom/-/react-dom-19.2.3.tgz 24390ms (cache miss)
2729 http fetch GET 200 https://registry.npmjs.org/acorn/-/acorn-8.16.0.tgz 24533ms (cache miss)
2730 http fetch GET 200 https://registry.npmjs.org/object.assign/-/object.assign-4.1.7.tgz 24647ms (cache miss)
2731 http fetch GET 200 https://registry.npmjs.org/@emnapi/runtime/-/runtime-1.10.0.tgz 24790ms (cache miss)
2732 http fetch GET 200 https://registry.npmjs.org/eslint-scope/-/eslint-scope-8.4.0.tgz 24770ms (cache miss)
2733 http fetch GET 200 https://registry.npmjs.org/@babel/helper-module-transforms/-/helper-module-transforms-7.28.6.tgz 24912ms (cache miss)
2734 http fetch GET 200 https://registry.npmjs.org/@babel/template/-/template-7.28.6.tgz 24931ms (cache miss)
2735 http fetch GET 200 https://registry.npmjs.org/minimist/-/minimist-1.2.8.tgz 25246ms (cache miss)
2736 http fetch GET 200 https://registry.npmjs.org/magic-string/-/magic-string-0.30.21.tgz 25141ms (cache miss)
2737 http fetch GET 200 https://registry.npmjs.org/napi-postinstall/-/napi-postinstall-0.3.4.tgz 25423ms (cache miss)
2738 http fetch GET 200 https://registry.npmjs.org/json5/-/json5-2.2.3.tgz 25434ms (cache miss)
2739 http fetch GET 200 https://registry.npmjs.org/csstype/-/csstype-3.2.3.tgz 25354ms (cache miss)
2740 http fetch GET 200 https://registry.npmjs.org/@types/react/-/react-19.2.14.tgz 25478ms (cache miss)
2741 http fetch GET 200 https://registry.npmjs.org/source-map-js/-/source-map-js-1.2.1.tgz 25496ms (cache miss)
2742 http fetch GET 200 https://registry.npmjs.org/@unrs/resolver-binding-win32-x64-msvc/-/resolver-binding-win32-x64-msvc-1.11.1.tgz 25987ms (cache miss)
2743 http fetch GET 200 https://registry.npmjs.org/lightningcss/-/lightningcss-1.32.0.tgz 25832ms (cache miss)
2744 http fetch GET 200 https://registry.npmjs.org/tapable/-/tapable-2.3.3.tgz 25939ms (cache miss)
2745 http fetch GET 200 https://registry.npmjs.org/@eslint/config-array/-/config-array-0.21.2.tgz 26160ms (cache miss)
2746 http fetch GET 200 https://registry.npmjs.org/eslint-module-utils/-/eslint-module-utils-2.12.1.tgz 26217ms (cache miss)
2747 http fetch GET 200 https://registry.npmjs.org/node-exports-info/-/node-exports-info-1.6.0.tgz 26426ms (cache miss)
2748 http fetch GET 200 https://registry.npmjs.org/esquery/-/esquery-1.7.0.tgz 26384ms (cache miss)
2749 http fetch GET 200 https://registry.npmjs.org/styled-jsx/-/styled-jsx-5.1.6.tgz 26575ms (cache miss)
2750 http fetch GET 200 https://registry.npmjs.org/@babel/parser/-/parser-7.29.2.tgz 26580ms (cache miss)
2751 http fetch GET 200 https://registry.npmjs.org/@nodelib/fs.walk/-/fs.walk-1.2.8.tgz 26607ms (cache miss)
2752 http fetch GET 200 https://registry.npmjs.org/math-intrinsics/-/math-intrinsics-1.1.0.tgz 26610ms (cache miss)
2753 http fetch GET 200 https://registry.npmjs.org/react/-/react-19.2.4.tgz 26591ms (cache miss)
2754 http fetch GET 200 https://registry.npmjs.org/@jridgewell/sourcemap-codec/-/sourcemap-codec-1.5.5.tgz 26655ms (cache miss)
2755 http fetch GET 200 https://registry.npmjs.org/object-inspect/-/object-inspect-1.13.4.tgz 26909ms (cache miss)
2756 http fetch GET 200 https://registry.npmjs.org/undici-types/-/undici-types-6.21.0.tgz 26860ms (cache miss)
2757 http fetch GET 200 https://registry.npmjs.org/sharp/-/sharp-0.34.5.tgz 27323ms (cache miss)
2758 http fetch GET 200 https://registry.npmjs.org/@jridgewell/gen-mapping/-/gen-mapping-0.3.13.tgz 27373ms (cache miss)
2759 http fetch GET 200 https://registry.npmjs.org/jiti/-/jiti-2.6.1.tgz 27457ms (cache miss)
2760 http fetch GET 200 https://registry.npmjs.org/@emnapi/core/-/core-1.10.0.tgz 27715ms (cache miss)
2761 http fetch GET 200 https://registry.npmjs.org/language-subtag-registry/-/language-subtag-registry-0.3.23.tgz 27626ms (cache miss)
2762 http fetch GET 200 https://registry.npmjs.org/js-yaml/-/js-yaml-4.1.1.tgz 28284ms (cache miss)
2763 http fetch GET 200 https://registry.npmjs.org/tailwindcss/-/tailwindcss-4.2.4.tgz 28330ms (cache miss)
2764 http fetch GET 200 https://registry.npmjs.org/@eslint/eslintrc/-/eslintrc-3.3.5.tgz 28481ms (cache miss)
2765 http fetch GET 200 https://registry.npmjs.org/@tailwindcss/oxide-win32-x64-msvc/-/oxide-win32-x64-msvc-4.2.4.tgz 28607ms (cache miss)
2766 http fetch GET 200 https://registry.npmjs.org/@typescript-eslint/type-utils/-/type-utils-8.59.1.tgz 28836ms (cache miss)
2767 http fetch GET 200 https://registry.npmjs.org/eslint-plugin-react-hooks/-/eslint-plugin-react-hooks-7.1.1.tgz 29212ms (cache miss)
2768 http fetch GET 200 https://registry.npmjs.org/semver/-/semver-7.7.4.tgz 29274ms (cache miss)
2769 http fetch GET 200 https://registry.npmjs.org/semver/-/semver-7.7.4.tgz 29277ms (cache miss)
2770 http fetch GET 200 https://registry.npmjs.org/semver/-/semver-7.7.4.tgz 29281ms (cache miss)
2771 http fetch GET 200 https://registry.npmjs.org/@jridgewell/trace-mapping/-/trace-mapping-0.3.31.tgz 29360ms (cache miss)
2772 http fetch GET 200 https://registry.npmjs.org/axe-core/-/axe-core-4.11.3.tgz 29523ms (cache miss)
2773 http fetch GET 200 https://registry.npmjs.org/@babel/generator/-/generator-7.29.1.tgz 29541ms (cache miss)
2774 http fetch GET 200 https://registry.npmjs.org/postcss/-/postcss-8.5.12.tgz 29474ms (cache miss)
2775 http fetch GET 200 https://registry.npmjs.org/postcss/-/postcss-8.4.31.tgz 29548ms (cache miss)
2776 http fetch GET 200 https://registry.npmjs.org/enhanced-resolve/-/enhanced-resolve-5.21.0.tgz 29770ms (cache miss)
2777 http fetch GET 200 https://registry.npmjs.org/@tybys/wasm-util/-/wasm-util-0.10.1.tgz 30153ms (cache miss)
2778 http fetch GET 200 https://registry.npmjs.org/hermes-parser/-/hermes-parser-0.25.1.tgz 30168ms (cache miss)
2779 http fetch GET 200 https://registry.npmjs.org/uri-js/-/uri-js-4.4.1.tgz 30473ms (cache miss)
2780 http fetch GET 200 https://registry.npmjs.org/@next/eslint-plugin-next/-/eslint-plugin-next-16.2.4.tgz 30491ms (cache miss)
2781 http fetch GET 200 https://registry.npmjs.org/fast-glob/-/fast-glob-3.3.1.tgz 30721ms (cache miss)
2782 http fetch GET 200 https://registry.npmjs.org/minimatch/-/minimatch-10.2.5.tgz 30855ms (cache miss)
2783 http fetch GET 200 https://registry.npmjs.org/@types/node/-/node-20.19.39.tgz 31184ms (cache miss)
2784 http fetch GET 200 https://registry.npmjs.org/@napi-rs/wasm-runtime/-/wasm-runtime-0.2.12.tgz 31644ms (cache miss)
2785 http fetch GET 200 https://registry.npmjs.org/@babel/traverse/-/traverse-7.29.0.tgz 32123ms (cache miss)
2786 http fetch GET 200 https://registry.npmjs.org/tsconfig-paths/-/tsconfig-paths-3.15.0.tgz 32261ms (cache miss)
2787 http fetch GET 200 https://registry.npmjs.org/@typescript-eslint/typescript-estree/-/typescript-estree-8.59.1.tgz 34000ms (cache miss)
2788 http fetch GET 200 https://registry.npmjs.org/@typescript-eslint/utils/-/utils-8.59.1.tgz 34085ms (cache miss)
2789 http fetch GET 200 https://registry.npmjs.org/lightningcss-win32-x64-msvc/-/lightningcss-win32-x64-msvc-1.32.0.tgz 34252ms (cache miss)
2790 http fetch GET 200 https://registry.npmjs.org/react-dom/-/react-dom-19.2.4.tgz 34233ms (cache miss)
2791 http fetch GET 200 https://registry.npmjs.org/ajv/-/ajv-6.15.0.tgz 34713ms (cache miss)
2792 http fetch GET 200 https://registry.npmjs.org/es-iterator-helpers/-/es-iterator-helpers-1.3.2.tgz 34879ms (cache miss)
2793 http fetch GET 200 https://registry.npmjs.org/jsx-ast-utils/-/jsx-ast-utils-3.3.5.tgz 35222ms (cache miss)
2794 http fetch GET 200 https://registry.npmjs.org/resolve/-/resolve-2.0.0-next.6.tgz 35496ms (cache miss)
2795 http fetch GET 200 https://registry.npmjs.org/@babel/core/-/core-7.29.0.tgz 36393ms (cache miss)
2796 http fetch GET 200 https://registry.npmjs.org/eslint-plugin-import/-/eslint-plugin-import-2.32.0.tgz 36610ms (cache miss)
2797 http fetch GET 200 https://registry.npmjs.org/axobject-query/-/axobject-query-4.1.0.tgz 37986ms (cache miss)
2798 http fetch GET 200 https://registry.npmjs.org/@img/sharp-win32-x64/-/sharp-win32-x64-0.34.5.tgz 38984ms (cache miss)
2799 http fetch GET 200 https://registry.npmjs.org/@babel/types/-/types-7.29.0.tgz 39608ms (cache miss)
2800 http fetch GET 200 https://registry.npmjs.org/aria-query/-/aria-query-5.3.2.tgz 40278ms (cache miss)
2801 http fetch GET 200 https://registry.npmjs.org/@babel/helpers/-/helpers-7.29.2.tgz 41303ms (cache miss)
2802 http fetch GET 200 https://registry.npmjs.org/eslint-plugin-jsx-a11y/-/eslint-plugin-jsx-a11y-6.10.2.tgz 41235ms (cache miss)
2803 http fetch GET 200 https://registry.npmjs.org/typescript/-/typescript-5.9.3.tgz 42958ms (cache miss)
2804 http fetch GET 200 https://registry.npmjs.org/@swc/helpers/-/helpers-0.5.15.tgz 43809ms (cache miss)
2805 http fetch GET 200 https://registry.npmjs.org/@typescript-eslint/scope-manager/-/scope-manager-8.59.1.tgz 44416ms (cache miss)
2806 http fetch GET 200 https://registry.npmjs.org/eslint-plugin-react/-/eslint-plugin-react-7.37.5.tgz 45767ms (cache miss)
2807 http fetch GET 200 https://registry.npmjs.org/eslint/-/eslint-9.39.4.tgz 46533ms (cache miss)
2808 http fetch GET 200 https://registry.npmjs.org/@typescript-eslint/eslint-plugin/-/eslint-plugin-8.59.1.tgz 47302ms (cache miss)
2809 http fetch GET 200 https://registry.npmjs.org/zod/-/zod-4.3.6.tgz 50867ms (cache miss)
2810 http fetch GET 200 https://registry.npmjs.org/caniuse-lite/-/caniuse-lite-1.0.30001791.tgz 51689ms (cache miss)
2811 http fetch GET 200 https://registry.npmjs.org/@next/swc-win32-x64-msvc/-/swc-win32-x64-msvc-16.2.4.tgz 52577ms (cache miss)
2812 http fetch GET 200 https://registry.npmjs.org/es-abstract/-/es-abstract-1.24.2.tgz 57923ms (cache miss)
